50002,Adair,Iowa ,ADAIR,19,001,IA 
50003,Adel,Iowa ,DALLAS,19,049,IA 
50001,Ackworth,Iowa ,WARREN,19,181,IA 
50006,Alden,Iowa ,HARDIN,19,083,IA 
50007,Alleman,Iowa ,POLK,19,153,IA 
50005,Albion,Iowa ,MARSHALL,19,127,IA 
50009,Altoona,Iowa ,POLK,19,153,IA 
50008,Allerton,Iowa ,WAYNE,19,185,IA 
50011,Ames,Iowa ,STORY,19,169,IA 
50013,Ames,Iowa ,STORY,19,169,IA 
50021,Ankeny,Iowa ,POLK,19,153,IA 
50020,Anita,Iowa ,CASS,19,029,IA 
50022,Atlantic,Iowa ,CASS,19,029,IA 
50014,Ames,Iowa ,STORY,19,169,IA 
50012,Ames,Iowa ,STORY,19,169,IA 
50010,Ames,Iowa ,STORY,19,169,IA 
50027,Barnes City,Iowa ,MAHASKA,19,123,IA 
50023,Ankeny,Iowa ,POLK,19,153,IA 
50026,Bagley,Iowa ,GUTHRIE,19,077,IA 
50031,Beaver,Iowa ,BOONE,19,015,IA 
50029,Bayard,Iowa ,GUTHRIE,19,077,IA 
50025,Audubon,Iowa ,AUDUBON,19,009,IA 
50028,Baxter,Iowa ,JASPER,19,099,IA 
50032,Berwick,Iowa ,POLK,19,153,IA 
50033,Bevington,Iowa ,MADISON,19,121,IA 
50034,Blairsburg,Iowa ,HAMILTON,19,079,IA 
50035,Bondurant,Iowa ,POLK,19,153,IA 
50038,Booneville,Iowa ,DALLAS,19,049,IA 
50039,Bouton,Iowa ,DALLAS,19,049,IA 
50036,Boone,Iowa ,BOONE,19,015,IA 
50040,Boxholm,Iowa ,BOONE,19,015,IA 
50037,Boone,Iowa ,BOONE,19,015,IA 
50041,Bradford,Iowa ,FRANKLIN,19,069,IA 
50042,Brayton,Iowa ,AUDUBON,19,009,IA 
50044,Bussey,Iowa ,MARION,19,125,IA 
50048,Casey,Iowa ,GUTHRIE,19,077,IA 
50049,Chariton,Iowa ,LUCAS,19,117,IA 
50047,Carlisle,Iowa ,WARREN,19,181,IA 
50043,Buckeye,Iowa ,HARDIN,19,083,IA 
50046,Cambridge,Iowa ,STORY,19,169,IA 
50050,Churdan,Iowa ,GREENE,19,073,IA 
50051,Clemons,Iowa ,MARSHALL,19,127,IA 
50054,Colfax,Iowa ,JASPER,19,099,IA 
50055,Collins,Iowa ,STORY,19,169,IA 
50052,Clio,Iowa ,WAYNE,19,185,IA 
50056,Colo,Iowa ,STORY,19,169,IA 
50057,Columbia,Iowa ,MARION,19,125,IA 
50058,Coon Rapids,Iowa ,CARROLL,19,027,IA 
50059,Cooper,Iowa ,GREENE,19,073,IA 
50060,Corydon,Iowa ,WAYNE,19,185,IA 
50061,Cumming,Iowa ,WARREN,19,181,IA 
50062,Melcher Dallas,Iowa ,MARION,19,125,IA 
50064,Dana,Iowa ,GREENE,19,073,IA 
50067,Decatur,Iowa ,DECATUR,19,053,IA 
50063,Dallas Center,Iowa ,DALLAS,19,049,IA 
50065,Davis City,Iowa ,DECATUR,19,053,IA 
50066,Dawson,Iowa ,DALLAS,19,049,IA 
50068,Derby,Iowa ,LUCAS,19,117,IA 
50069,De Soto,Iowa ,DALLAS,19,049,IA 
50070,Dexter,Iowa ,DALLAS,19,049,IA 
50071,Dows,Iowa ,WRIGHT,19,197,IA 
50072,Earlham,Iowa ,MADISON,19,121,IA 
50074,Ellston,Iowa ,RINGGOLD,19,159,IA 
50073,Elkhart,Iowa ,POLK,19,153,IA 
50075,Ellsworth,Iowa ,HAMILTON,19,079,IA 
50076,Exira,Iowa ,AUDUBON,19,009,IA 
50078,Ferguson,Iowa ,MARSHALL,19,127,IA 
50102,Garden City,Iowa ,HARDIN,19,083,IA 
50105,Gilbert,Iowa ,STORY,19,169,IA 
50099,Boone,Iowa ,BOONE,19,015,IA 
50104,Gibson,Iowa ,KEOKUK,19,107,IA 
50103,Garden Grove,Iowa ,DECATUR,19,053,IA 
50106,Gilman,Iowa ,MARSHALL,19,127,IA 
50101,Galt,Iowa ,WRIGHT,19,197,IA 
50107,Grand Junction,Iowa ,GREENE,19,073,IA 
50108,Grand River,Iowa ,DECATUR,19,053,IA 
50109,Granger,Iowa ,DALLAS,19,049,IA 
50111,Grimes,Iowa ,POLK,19,153,IA 
50112,Grinnell,Iowa ,POWESHIEK,19,157,IA 
50116,Hamilton,Iowa ,MARION,19,125,IA 
50115,Guthrie Center,Iowa ,GUTHRIE,19,077,IA 
50110,Gray,Iowa ,AUDUBON,19,009,IA 
50117,Hamlin,Iowa ,AUDUBON,19,009,IA 
50118,Hartford,Iowa ,WARREN,19,181,IA 
50120,Haverhill,Iowa ,MARSHALL,19,127,IA 
50124,Huxley,Iowa ,STORY,19,169,IA 
50122,Hubbard,Iowa ,HARDIN,19,083,IA 
50123,Humeston,Iowa ,WAYNE,19,185,IA 
50125,Indianola,Iowa ,WARREN,19,181,IA 
50119,Harvey,Iowa ,MARION,19,125,IA 
50126,Iowa Falls,Iowa ,HARDIN,19,083,IA 
50127,Ira,Iowa ,JASPER,19,099,IA 
50128,Jamaica,Iowa ,GUTHRIE,19,077,IA 
50132,Kamrar,Iowa ,HAMILTON,19,079,IA 
50129,Jefferson,Iowa ,GREENE,19,073,IA 
50131,Johnston,Iowa ,POLK,19,153,IA 
50130,Jewell,Iowa ,HAMILTON,19,079,IA 
50133,Kellerton,Iowa ,RINGGOLD,19,159,IA 
50134,Kelley,Iowa ,STORY,19,169,IA 
50135,Kellogg,Iowa ,JASPER,19,099,IA 
50137,Killduff,Iowa ,JASPER,19,099,IA 
50140,Lamoni,Iowa ,DECATUR,19,053,IA 
50136,Keswick,Iowa ,KEOKUK,19,107,IA 
50139,Lacona,Iowa ,WARREN,19,181,IA 
50138,Knoxville,Iowa ,MARION,19,125,IA 
50141,Laurel,Iowa ,MARSHALL,19,127,IA 
50142,Le Grand,Iowa ,MARSHALL,19,127,IA 
50143,Leighton,Iowa ,MAHASKA,19,123,IA 
50144,Leon,Iowa ,DECATUR,19,053,IA 
50148,Liscomb,Iowa ,MARSHALL,19,127,IA 
50149,Lorimor,Iowa ,UNION,19,175,IA 
50145,Liberty Center,Iowa ,WARREN,19,181,IA 
50147,Lineville,Iowa ,WAYNE,19,185,IA 
50146,Linden,Iowa ,DALLAS,19,049,IA 
50151,Lucas,Iowa ,LUCAS,19,117,IA 
50150,Lovilia,Iowa ,MONROE,19,135,IA 
50152,Luther,Iowa ,BOONE,19,015,IA 
50154,Mc Callsburg,Iowa ,STORY,19,169,IA 
50156,Madrid,Iowa ,BOONE,19,015,IA 
50153,Lynnville,Iowa ,JASPER,19,099,IA 
50157,Malcom,Iowa ,POWESHIEK,19,157,IA 
50160,Martensdale,Iowa ,WARREN,19,181,IA 
50155,Macksburg,Iowa ,MADISON,19,121,IA 
50158,Marshalltown,Iowa ,MARSHALL,19,127,IA 
50161,Maxwell,Iowa ,STORY,19,169,IA 
50162,Melbourne,Iowa ,MARSHALL,19,127,IA 
50167,Minburn,Iowa ,DALLAS,19,049,IA 
50166,Milo,Iowa ,WARREN,19,181,IA 
50165,Millerton,Iowa ,WAYNE,19,185,IA 
50164,Menlo,Iowa ,GUTHRIE,19,077,IA 
50163,Melcher Dallas,Iowa ,MARION,19,125,IA 
50168,Mingo,Iowa ,JASPER,19,099,IA 
50169,Mitchellville,Iowa ,POLK,19,153,IA 
50170,Monroe,Iowa ,JASPER,19,099,IA 
50173,Montour,Iowa ,TAMA,19,171,IA 
50201,Nevada,Iowa ,STORY,19,169,IA 
50206,New Providence,Iowa ,HARDIN,19,083,IA 
50174,Murray,Iowa ,CLARKE,19,039,IA 
50208,Newton,Iowa ,JASPER,19,099,IA 
50207,New Sharon,Iowa ,MAHASKA,19,123,IA 
50171,Montezuma,Iowa ,POWESHIEK,19,157,IA 
50211,Norwalk,Iowa ,WARREN,19,181,IA 
50214,Otley,Iowa ,MARION,19,125,IA 
50210,New Virginia,Iowa ,WARREN,19,181,IA 
50216,Panora,Iowa ,GUTHRIE,19,077,IA 
50213,Osceola,Iowa ,CLARKE,19,039,IA 
50212,Ogden,Iowa ,BOONE,19,015,IA 
50217,Paton,Iowa ,GREENE,19,073,IA 
50218,Patterson,Iowa ,MADISON,19,121,IA 
50219,Pella,Iowa ,MARION,19,125,IA 
50220,Perry,Iowa ,DALLAS,19,049,IA 
50225,Pleasantville,Iowa ,MARION,19,125,IA 
50226,Polk City,Iowa ,POLK,19,153,IA 
50223,Pilot Mound,Iowa ,BOONE,19,015,IA 
50227,Popejoy,Iowa ,FRANKLIN,19,069,IA 
50222,Peru,Iowa ,MADISON,19,121,IA 
50228,Prairie City,Iowa ,JASPER,19,099,IA 
50232,Reasnor,Iowa ,JASPER,19,099,IA 
50229,Prole,Iowa ,WARREN,19,181,IA 
50230,Radcliffe,Iowa ,HARDIN,19,083,IA 
50236,Roland,Iowa ,STORY,19,169,IA 
50234,Rhodes,Iowa ,MARSHALL,19,127,IA 
50233,Redfield,Iowa ,DALLAS,19,049,IA 
50235,Rippey,Iowa ,GREENE,19,073,IA 
50231,Randall,Iowa ,HAMILTON,19,079,IA 
50239,Saint Anthony,Iowa ,MARSHALL,19,127,IA 
50240,Saint Charles,Iowa ,MADISON,19,121,IA 
50241,Saint Marys,Iowa ,WARREN,19,181,IA 
50237,Runnells,Iowa ,POLK,19,153,IA 
50243,Sheldahl,Iowa ,POLK,19,153,IA 
50238,Russell,Iowa ,LUCAS,19,117,IA 
50244,Slater,Iowa ,STORY,19,169,IA 
50242,Searsboro,Iowa ,POWESHIEK,19,157,IA 
50247,State Center,Iowa ,MARSHALL,19,127,IA 
50246,Stanhope,Iowa ,HAMILTON,19,079,IA 
50251,Sully,Iowa ,JASPER,19,099,IA 
50248,Story City,Iowa ,STORY,19,169,IA 
50252,Swan,Iowa ,MARION,19,125,IA 
50250,Stuart,Iowa ,GUTHRIE,19,077,IA 
50254,Thayer,Iowa ,UNION,19,175,IA 
50249,Stratford,Iowa ,HAMILTON,19,079,IA 
50255,Thornburg,Iowa ,KEOKUK,19,107,IA 
50258,Union,Iowa ,HARDIN,19,083,IA 
50256,Tracy,Iowa ,MARION,19,125,IA 
50261,Van Meter,Iowa ,DALLAS,19,049,IA 
50263,Waukee,Iowa ,DALLAS,19,049,IA 
50262,Van Wert,Iowa ,DECATUR,19,053,IA 
50257,Truro,Iowa ,MADISON,19,121,IA 
50259,Gifford,Iowa ,HARDIN,19,083,IA 
50264,Weldon,Iowa ,DECATUR,19,053,IA 
50265,West Des Moines,Iowa ,POLK,19,153,IA 
50269,Whitten,Iowa ,HARDIN,19,083,IA 
50273,Winterset,Iowa ,MADISON,19,121,IA 
50266,West Des Moines,Iowa ,POLK,19,153,IA 
50268,What Cheer,Iowa ,KEOKUK,19,107,IA 
50272,Williamson,Iowa ,LUCAS,19,117,IA 
50271,Williams,Iowa ,HAMILTON,19,079,IA 
50274,Wiota,Iowa ,CASS,19,029,IA 
50301,Des Moines,Iowa ,POLK,19,153,IA 
50275,Woodburn,Iowa ,CLARKE,19,039,IA 
50276,Woodward,Iowa ,DALLAS,19,049,IA 
50278,Zearing,Iowa ,STORY,19,169,IA 
50302,Des Moines,Iowa ,POLK,19,153,IA 
50303,Des Moines,Iowa ,POLK,19,153,IA 
50277,Yale,Iowa ,GUTHRIE,19,077,IA 
50306,Des Moines,Iowa ,POLK,19,153,IA 
50309,Des Moines,Iowa ,POLK,19,153,IA 
50305,Des Moines,Iowa ,POLK,19,153,IA 
50307,Des Moines,Iowa ,POLK,19,153,IA 
50308,Des Moines,Iowa ,POLK,19,153,IA 
50310,Des Moines,Iowa ,POLK,19,153,IA 
50304,Des Moines,Iowa ,POLK,19,153,IA 
50311,Des Moines,Iowa ,POLK,19,153,IA 
50315,Des Moines,Iowa ,POLK,19,153,IA 
50314,Des Moines,Iowa ,POLK,19,153,IA 
50316,Des Moines,Iowa ,POLK,19,153,IA 
50317,Des Moines,Iowa ,POLK,19,153,IA 
50319,Des Moines,Iowa ,POLK,19,153,IA 
50313,Des Moines,Iowa ,POLK,19,153,IA 
50318,Des Moines,Iowa ,POLK,19,153,IA 
50312,Des Moines,Iowa ,POLK,19,153,IA 
50327,Pleasant Hill,Iowa ,POLK,19,153,IA 
50328,Des Moines,Iowa ,POLK,19,153,IA 
50320,Des Moines,Iowa ,POLK,19,153,IA 
50324,Windsor Heights,Iowa ,POLK,19,153,IA 
50323,Urbandale,Iowa ,POLK,19,153,IA 
50325,Clive,Iowa ,POLK,19,153,IA 
50321,Des Moines,Iowa ,POLK,19,153,IA 
50322,Urbandale,Iowa ,POLK,19,153,IA 
50329,Des Moines,Iowa ,POLK,19,153,IA 
50331,Des Moines,Iowa ,POLK,19,153,IA 
50333,Des Moines,Iowa ,POLK,19,153,IA 
50330,Des Moines,Iowa ,POLK,19,153,IA 
50336,Des Moines,Iowa ,POLK,19,153,IA 
50332,Des Moines,Iowa ,POLK,19,153,IA 
50334,Des Moines,Iowa ,POLK,19,153,IA 
50335,Des Moines,Iowa ,POLK,19,153,IA 
50339,Des Moines,Iowa ,POLK,19,153,IA 
50361,Des Moines,Iowa ,POLK,19,153,IA 
50362,Des Moines,Iowa ,POLK,19,153,IA 
50360,Des Moines,Iowa ,POLK,19,153,IA 
50359,Des Moines,Iowa ,POLK,19,153,IA 
50340,Des Moines,Iowa ,POLK,19,153,IA 
50363,Des Moines,Iowa ,POLK,19,153,IA 
50380,Des Moines,Iowa ,POLK,19,153,IA 
50369,Des Moines,Iowa ,POLK,19,153,IA 
50368,Des Moines,Iowa ,POLK,19,153,IA 
50381,Des Moines,Iowa ,POLK,19,153,IA 
50367,Des Moines,Iowa ,POLK,19,153,IA 
50391,Des Moines,Iowa ,POLK,19,153,IA 
50364,Des Moines,Iowa ,POLK,19,153,IA 
50393,Des Moines,Iowa ,POLK,19,153,IA 
50394,Des Moines,Iowa ,POLK,19,153,IA 
50392,Des Moines,Iowa ,POLK,19,153,IA 
50395,Des Moines,Iowa ,POLK,19,153,IA 
50402,Mason City,Iowa ,CERRO GORDO,19,033,IA 
50401,Mason City,Iowa ,CERRO GORDO,19,033,IA 
50398,Urbandale,Iowa ,POLK,19,153,IA 
50396,Des Moines,Iowa ,POLK,19,153,IA 
50420,Alexander,Iowa ,FRANKLIN,19,069,IA 
50423,Britt,Iowa ,HANCOCK,19,081,IA 
50427,Chapin,Iowa ,FRANKLIN,19,069,IA 
50421,Belmond,Iowa ,WRIGHT,19,197,IA 
50426,Carpenter,Iowa ,MITCHELL,19,131,IA 
50428,Clear Lake,Iowa ,CERRO GORDO,19,033,IA 
50424,Buffalo Center,Iowa ,WINNEBAGO,19,189,IA 
50430,Corwith,Iowa ,HANCOCK,19,081,IA 
50431,Coulter,Iowa ,FRANKLIN,19,069,IA 
50432,Crystal Lake,Iowa ,HANCOCK,19,081,IA 
50433,Dougherty,Iowa ,CERRO GORDO,19,033,IA 
50438,Garner,Iowa ,HANCOCK,19,081,IA 
50434,Fertile,Iowa ,WORTH,19,195,IA 
50435,Floyd,Iowa ,FLOYD,19,067,IA 
50439,Goodell,Iowa ,HANCOCK,19,081,IA 
50436,Forest City,Iowa ,WINNEBAGO,19,189,IA 
50440,Grafton,Iowa ,WORTH,19,195,IA 
50441,Hampton,Iowa ,FRANKLIN,19,069,IA 
50444,Hanlontown,Iowa ,WORTH,19,195,IA 
50446,Joice,Iowa ,WORTH,19,195,IA 
50448,Kensett,Iowa ,WORTH,19,195,IA 
50447,Kanawha,Iowa ,HANCOCK,19,081,IA 
50449,Klemme,Iowa ,HANCOCK,19,081,IA 
50451,Lakota,Iowa ,KOSSUTH,19,109,IA 
50450,Lake Mills,Iowa ,WINNEBAGO,19,189,IA 
50452,Latimer,Iowa ,FRANKLIN,19,069,IA 
50453,Leland,Iowa ,WINNEBAGO,19,189,IA 
50454,Little Cedar,Iowa ,MITCHELL,19,131,IA 
50455,Mc Intire,Iowa ,MITCHELL,19,131,IA 
50456,Manly,Iowa ,WORTH,19,195,IA 
50457,Meservey,Iowa ,CERRO GORDO,19,033,IA 
50458,Nora Springs,Iowa ,FLOYD,19,067,IA 
50459,Northwood,Iowa ,WORTH,19,195,IA 
50460,Orchard,Iowa ,MITCHELL,19,131,IA 
50461,Osage,Iowa ,MITCHELL,19,131,IA 
50464,Plymouth,Iowa ,CERRO GORDO,19,033,IA 
50465,Rake,Iowa ,WINNEBAGO,19,189,IA 
50467,Rock Falls,Iowa ,CERRO GORDO,19,033,IA 
50466,Riceville,Iowa ,HOWARD,19,089,IA 
50468,Rockford,Iowa ,FLOYD,19,067,IA 
50469,Rockwell,Iowa ,CERRO GORDO,19,033,IA 
50470,Rowan,Iowa ,WRIGHT,19,197,IA 
50471,Rudd,Iowa ,FLOYD,19,067,IA 
50473,Scarville,Iowa ,WINNEBAGO,19,189,IA 
50475,Sheffield,Iowa ,FRANKLIN,19,069,IA 
50472,Saint Ansgar,Iowa ,MITCHELL,19,131,IA 
50476,Stacyville,Iowa ,MITCHELL,19,131,IA 
50477,Swaledale,Iowa ,CERRO GORDO,19,033,IA 
50480,Titonka,Iowa ,KOSSUTH,19,109,IA 
50478,Thompson,Iowa ,WINNEBAGO,19,189,IA 
50479,Thornton,Iowa ,CERRO GORDO,19,033,IA 
50483,Wesley,Iowa ,KOSSUTH,19,109,IA 
50482,Ventura,Iowa ,CERRO GORDO,19,033,IA 
50481,Toeterville,Iowa ,MITCHELL,19,131,IA 
50501,Fort Dodge,Iowa ,WEBSTER,19,187,IA 
50511,Algona,Iowa ,KOSSUTH,19,109,IA 
50514,Armstrong,Iowa ,EMMET,19,063,IA 
50510,Albert City,Iowa ,BUENA VISTA,19,021,IA 
50484,Woden,Iowa ,HANCOCK,19,081,IA 
50515,Ayrshire,Iowa ,PALO ALTO,19,147,IA 
50517,Bancroft,Iowa ,KOSSUTH,19,109,IA 
50516,Badger,Iowa ,WEBSTER,19,187,IA 
50518,Barnum,Iowa ,WEBSTER,19,187,IA 
50521,Burnside,Iowa ,WEBSTER,19,187,IA 
50520,Bradgate,Iowa ,HUMBOLDT,19,091,IA 
50519,Bode,Iowa ,HUMBOLDT,19,091,IA 
50523,Callender,Iowa ,WEBSTER,19,187,IA 
50522,Burt,Iowa ,KOSSUTH,19,109,IA 
50525,Clarion,Iowa ,WRIGHT,19,197,IA 
50524,Clare,Iowa ,WEBSTER,19,187,IA 
50526,Clarion,Iowa ,WRIGHT,19,197,IA 
50527,Curlew,Iowa ,PALO ALTO,19,147,IA 
50528,Cylinder,Iowa ,PALO ALTO,19,147,IA 
50530,Dayton,Iowa ,WEBSTER,19,187,IA 
50531,Dolliver,Iowa ,EMMET,19,063,IA 
50529,Dakota City,Iowa ,HUMBOLDT,19,091,IA 
50532,Duncombe,Iowa ,WEBSTER,19,187,IA 
50533,Eagle Grove,Iowa ,WRIGHT,19,197,IA 
50535,Early,Iowa ,SAC,19,161,IA 
50536,Emmetsburg,Iowa ,PALO ALTO,19,147,IA 
50542,Goldfield,Iowa ,WRIGHT,19,197,IA 
50538,Farnhamville,Iowa ,CALHOUN,19,025,IA 
50543,Gowrie,Iowa ,WEBSTER,19,187,IA 
50541,Gilmore City,Iowa ,POCAHONTAS,19,151,IA 
50540,Fonda,Iowa ,POCAHONTAS,19,151,IA 
50539,Fenton,Iowa ,KOSSUTH,19,109,IA 
50544,Harcourt,Iowa ,WEBSTER,19,187,IA 
50551,Jolley,Iowa ,CALHOUN,19,025,IA 
50552,Knierim,Iowa ,CALHOUN,19,025,IA 
50546,Havelock,Iowa ,POCAHONTAS,19,151,IA 
50556,Ledyard,Iowa ,KOSSUTH,19,109,IA 
50548,Humboldt,Iowa ,HUMBOLDT,19,091,IA 
50545,Hardy,Iowa ,HUMBOLDT,19,091,IA 
50557,Lehigh,Iowa ,WEBSTER,19,187,IA 
50554,Laurens,Iowa ,POCAHONTAS,19,151,IA 
50559,Lone Rock,Iowa ,KOSSUTH,19,109,IA 
50563,Manson,Iowa ,CALHOUN,19,025,IA 
50558,Livermore,Iowa ,HUMBOLDT,19,091,IA 
50560,Lu Verne,Iowa ,KOSSUTH,19,109,IA 
50562,Mallard,Iowa ,PALO ALTO,19,147,IA 
50565,Marathon,Iowa ,BUENA VISTA,19,021,IA 
50561,Lytton,Iowa ,CALHOUN,19,025,IA 
50566,Moorland,Iowa ,WEBSTER,19,187,IA 
50568,Newell,Iowa ,BUENA VISTA,19,021,IA 
50567,Nemaha,Iowa ,SAC,19,161,IA 
50570,Ottosen,Iowa ,HUMBOLDT,19,091,IA 
50571,Palmer,Iowa ,POCAHONTAS,19,151,IA 
50569,Otho,Iowa ,WEBSTER,19,187,IA 
50573,Plover,Iowa ,POCAHONTAS,19,151,IA 
50574,Pocahontas,Iowa ,POCAHONTAS,19,151,IA 
50575,Pomeroy,Iowa ,CALHOUN,19,025,IA 
50576,Rembrandt,Iowa ,BUENA VISTA,19,021,IA 
50581,Rolfe,Iowa ,POCAHONTAS,19,151,IA 
50577,Renwick,Iowa ,HUMBOLDT,19,091,IA 
50578,Ringsted,Iowa ,EMMET,19,063,IA 
50579,Rockwell City,Iowa ,CALHOUN,19,025,IA 
50582,Rutland,Iowa ,HUMBOLDT,19,091,IA 
50583,Sac City,Iowa ,SAC,19,161,IA 
50585,Sioux Rapids,Iowa ,BUENA VISTA,19,021,IA 
50586,Somers,Iowa ,CALHOUN,19,025,IA 
50591,Thor,Iowa ,HUMBOLDT,19,091,IA 
50590,Swea City,Iowa ,KOSSUTH,19,109,IA 
50592,Truesdale,Iowa ,BUENA VISTA,19,021,IA 
50595,Webster City,Iowa ,HAMILTON,19,079,IA 
50588,Storm Lake,Iowa ,BUENA VISTA,19,021,IA 
50593,Varina,Iowa ,POCAHONTAS,19,151,IA 
50594,Vincent,Iowa ,WEBSTER,19,187,IA 
50597,West Bend,Iowa ,PALO ALTO,19,147,IA 
50598,Whittemore,Iowa ,KOSSUTH,19,109,IA 
50599,Woolstock,Iowa ,WRIGHT,19,197,IA 
50605,Aredale,Iowa ,BUTLER,19,023,IA 
50604,Aplington,Iowa ,BUTLER,19,023,IA 
50603,Alta Vista,Iowa ,CHICKASAW,19,037,IA 
50601,Ackley,Iowa ,HARDIN,19,083,IA 
50602,Allison,Iowa ,BUTLER,19,023,IA 
50606,Arlington,Iowa ,FAYETTE,19,065,IA 
50613,Cedar Falls,Iowa ,BLACK HAWK,19,013,IA 
50608,Austinville,Iowa ,BUTLER,19,023,IA 
50614,Cedar Falls,Iowa ,BLACK HAWK,19,013,IA 
50607,Aurora,Iowa ,BUCHANAN,19,019,IA 
50612,Buckingham,Iowa ,TAMA,19,171,IA 
50609,Beaman,Iowa ,GRUNDY,19,075,IA 
50611,Bristow,Iowa ,BUTLER,19,023,IA 
50616,Charles City,Iowa ,FLOYD,19,067,IA 
50619,Clarksville,Iowa ,BUTLER,19,023,IA 
50621,Conrad,Iowa ,GRUNDY,19,075,IA 
50625,Dumont,Iowa ,BUTLER,19,023,IA 
50623,Dewar,Iowa ,BLACK HAWK,19,013,IA 
50622,Denver,Iowa ,BREMER,19,017,IA 
50626,Dunkerton,Iowa ,BLACK HAWK,19,013,IA 
50620,Colwell,Iowa ,FLOYD,19,067,IA 
50624,Dike,Iowa ,GRUNDY,19,075,IA 
50627,Eldora,Iowa ,HARDIN,19,083,IA 
50633,Geneva,Iowa ,FRANKLIN,19,069,IA 
50629,Fairbank,Iowa ,BUCHANAN,19,019,IA 
50631,Frederika,Iowa ,BREMER,19,017,IA 
50628,Elma,Iowa ,HOWARD,19,089,IA 
50632,Garwin,Iowa ,TAMA,19,171,IA 
50634,Gilbertville,Iowa ,BLACK HAWK,19,013,IA 
50630,Fredericksburg,Iowa ,CHICKASAW,19,037,IA 
50635,Gladbrook,Iowa ,TAMA,19,171,IA 
50636,Greene,Iowa ,BUTLER,19,023,IA 
50638,Grundy Center,Iowa ,GRUNDY,19,075,IA 
50644,Independence,Iowa ,BUCHANAN,19,019,IA 
50645,Ionia,Iowa ,CHICKASAW,19,037,IA 
50643,Hudson,Iowa ,BLACK HAWK,19,013,IA 
50641,Hazleton,Iowa ,BUCHANAN,19,019,IA 
50642,Holland,Iowa ,GRUNDY,19,075,IA 
50647,Janesville,Iowa ,BREMER,19,017,IA 
50648,Jesup,Iowa ,BUCHANAN,19,019,IA 
50649,Kesley,Iowa ,BUTLER,19,023,IA 
50652,Lincoln,Iowa ,TAMA,19,171,IA 
50650,Lamont,Iowa ,BUCHANAN,19,019,IA 
50653,Marble Rock,Iowa ,FLOYD,19,067,IA 
50651,La Porte City,Iowa ,BLACK HAWK,19,013,IA 
50654,Masonville,Iowa ,DELAWARE,19,055,IA 
50655,Maynard,Iowa ,FAYETTE,19,065,IA 
50657,Morrison,Iowa ,GRUNDY,19,075,IA 
50658,Nashua,Iowa ,CHICKASAW,19,037,IA 
50661,North Washington,Iowa ,CHICKASAW,19,037,IA 
50659,New Hampton,Iowa ,CHICKASAW,19,037,IA 
50664,Oran,Iowa ,FAYETTE,19,065,IA 
50660,New Hartford,Iowa ,BUTLER,19,023,IA 
50665,Parkersburg,Iowa ,BUTLER,19,023,IA 
50662,Oelwein,Iowa ,FAYETTE,19,065,IA 
50666,Plainfield,Iowa ,BREMER,19,017,IA 
50667,Raymond,Iowa ,BLACK HAWK,19,013,IA 
50668,Readlyn,Iowa ,BREMER,19,017,IA 
50669,Reinbeck,Iowa ,GRUNDY,19,075,IA 
50670,Shell Rock,Iowa ,BUTLER,19,023,IA 
50672,Steamboat Rock,Iowa ,HARDIN,19,083,IA 
50673,Stout,Iowa ,GRUNDY,19,075,IA 
50674,Sumner,Iowa ,BREMER,19,017,IA 
50671,Stanley,Iowa ,BUCHANAN,19,019,IA 
50675,Traer,Iowa ,TAMA,19,171,IA 
50676,Tripoli,Iowa ,BREMER,19,017,IA 
50677,Waverly,Iowa ,BREMER,19,017,IA 
50701,Waterloo,Iowa ,BLACK HAWK,19,013,IA 
50682,Winthrop,Iowa ,BUCHANAN,19,019,IA 
50681,Westgate,Iowa ,FAYETTE,19,065,IA 
50704,Waterloo,Iowa ,BLACK HAWK,19,013,IA 
50703,Waterloo,Iowa ,BLACK HAWK,19,013,IA 
50680,Wellsburg,Iowa ,GRUNDY,19,075,IA 
50702,Waterloo,Iowa ,BLACK HAWK,19,013,IA 
50801,Creston,Iowa ,UNION,19,175,IA 
50707,Evansdale,Iowa ,BLACK HAWK,19,013,IA 
50831,Arispe,Iowa ,UNION,19,175,IA 
50830,Afton,Iowa ,UNION,19,175,IA 
50836,Blockton,Iowa ,TAYLOR,19,173,IA 
50835,Benton,Iowa ,RINGGOLD,19,159,IA 
50833,Bedford,Iowa ,TAYLOR,19,173,IA 
50837,Bridgewater,Iowa ,ADAIR,19,001,IA 
50839,Carbon,Iowa ,ADAMS,19,003,IA 
50841,Corning,Iowa ,ADAMS,19,003,IA 
50846,Fontanelle,Iowa ,ADAIR,19,001,IA 
50842,Cromwell,Iowa ,UNION,19,175,IA 
50840,Clearfield,Iowa ,TAYLOR,19,173,IA 
50845,Diagonal,Iowa ,RINGGOLD,19,159,IA 
50843,Cumberland,Iowa ,CASS,19,029,IA 
50847,Grant,Iowa ,MONTGOMERY,19,137,IA 
50848,Gravity,Iowa ,TAYLOR,19,173,IA 
50849,Greenfield,Iowa ,ADAIR,19,001,IA 
50851,Lenox,Iowa ,TAYLOR,19,173,IA 
50858,Orient,Iowa ,ADAIR,19,001,IA 
50859,Prescott,Iowa ,ADAMS,19,003,IA 
50857,Nodaway,Iowa ,ADAMS,19,003,IA 
50853,Massena,Iowa ,CASS,19,029,IA 
50854,Mount Ayr,Iowa ,RINGGOLD,19,159,IA 
50860,Redding,Iowa ,RINGGOLD,19,159,IA 
50863,Tingley,Iowa ,RINGGOLD,19,159,IA 
50947,Des Moines,Iowa ,POLK,19,153,IA 
50861,Shannon City,Iowa ,UNION,19,175,IA 
50940,Des Moines,Iowa ,POLK,19,153,IA 
50936,Des Moines,Iowa ,POLK,19,153,IA 
50862,Sharpsburg,Iowa ,TAYLOR,19,173,IA 
50864,Villisca,Iowa ,MONTGOMERY,19,137,IA 
50950,Boone,Iowa ,BOONE,19,015,IA 
50982,Des Moines,Iowa ,POLK,19,153,IA 
51001,Akron,Iowa ,PLYMOUTH,19,149,IA 
50983,Des Moines,Iowa ,POLK,19,153,IA 
50980,Des Moines,Iowa ,POLK,19,153,IA 
50981,Des Moines,Iowa ,POLK,19,153,IA 
51003,Alton,Iowa ,SIOUX,19,167,IA 
51004,Anthon,Iowa ,WOODBURY,19,193,IA 
51002,Alta,Iowa ,BUENA VISTA,19,021,IA 
51012,Cherokee,Iowa ,CHEROKEE,19,035,IA 
51010,Castana,Iowa ,MONONA,19,133,IA 
51009,Calumet,Iowa ,OBRIEN,19,141,IA 
51011,Chatsworth,Iowa ,SIOUX,19,167,IA 
51008,Brunsville,Iowa ,PLYMOUTH,19,149,IA 
51007,Bronson,Iowa ,WOODBURY,19,193,IA 
51005,Aurelia,Iowa ,CHEROKEE,19,035,IA 
51006,Battle Creek,Iowa ,IDA,19,093,IA 
51014,Cleghorn,Iowa ,CHEROKEE,19,035,IA 
51015,Climbing Hill,Iowa ,WOODBURY,19,193,IA 
51019,Danbury,Iowa ,WOODBURY,19,193,IA 
51023,Hawarden,Iowa ,SIOUX,19,167,IA 
51016,Correctionville,Iowa ,WOODBURY,19,193,IA 
51020,Galva,Iowa ,IDA,19,093,IA 
51018,Cushing,Iowa ,WOODBURY,19,193,IA 
51022,Granville,Iowa ,SIOUX,19,167,IA 
51024,Hinton,Iowa ,PLYMOUTH,19,149,IA 
51028,Kingsley,Iowa ,PLYMOUTH,19,149,IA 
51029,Larrabee,Iowa ,CHEROKEE,19,035,IA 
51025,Holstein,Iowa ,IDA,19,093,IA 
51031,Le Mars,Iowa ,PLYMOUTH,19,149,IA 
51026,Hornick,Iowa ,WOODBURY,19,193,IA 
51027,Ireton,Iowa ,SIOUX,19,167,IA 
51030,Lawton,Iowa ,WOODBURY,19,193,IA 
51033,Linn Grove,Iowa ,BUENA VISTA,19,021,IA 
51037,Meriden,Iowa ,CHEROKEE,19,035,IA 
51040,Onawa,Iowa ,MONONA,19,133,IA 
51035,Marcus,Iowa ,CHEROKEE,19,035,IA 
51034,Mapleton,Iowa ,MONONA,19,133,IA 
51038,Merrill,Iowa ,PLYMOUTH,19,149,IA 
51036,Maurice,Iowa ,SIOUX,19,167,IA 
51039,Moville,Iowa ,WOODBURY,19,193,IA 
51041,Orange City,Iowa ,SIOUX,19,167,IA 
51044,Oto,Iowa ,WOODBURY,19,193,IA 
51050,Remsen,Iowa ,PLYMOUTH,19,149,IA 
51045,Oyens,Iowa ,PLYMOUTH,19,149,IA 
51047,Peterson,Iowa ,CLAY,19,041,IA 
51046,Paullina,Iowa ,OBRIEN,19,141,IA 
51049,Quimby,Iowa ,CHEROKEE,19,035,IA 
51048,Pierson,Iowa ,WOODBURY,19,193,IA 
51052,Salix,Iowa ,WOODBURY,19,193,IA 
51060,Ute,Iowa ,MONONA,19,133,IA 
51058,Sutherland,Iowa ,OBRIEN,19,141,IA 
51054,Sergeant Bluff,Iowa ,WOODBURY,19,193,IA 
51051,Rodney,Iowa ,MONONA,19,133,IA 
51055,Sloan,Iowa ,WOODBURY,19,193,IA 
51056,Smithland,Iowa ,WOODBURY,19,193,IA 
51053,Schaller,Iowa ,SAC,19,161,IA 
51101,Sioux City,Iowa ,WOODBURY,19,193,IA 
51061,Washta,Iowa ,CHEROKEE,19,035,IA 
51103,Sioux City,Iowa ,WOODBURY,19,193,IA 
51104,Sioux City,Iowa ,WOODBURY,19,193,IA 
51063,Whiting,Iowa ,MONONA,19,133,IA 
51062,Westfield,Iowa ,PLYMOUTH,19,149,IA 
51105,Sioux City,Iowa ,WOODBURY,19,193,IA 
51102,Sioux City,Iowa ,WOODBURY,19,193,IA 
51106,Sioux City,Iowa ,WOODBURY,19,193,IA 
51108,Sioux City,Iowa ,WOODBURY,19,193,IA 
51109,Sioux City,Iowa ,WOODBURY,19,193,IA 
51231,Archer,Iowa ,OBRIEN,19,141,IA 
51111,Sioux City,Iowa ,WOODBURY,19,193,IA 
51201,Sheldon,Iowa ,OBRIEN,19,141,IA 
51232,Ashton,Iowa ,OSCEOLA,19,143,IA 
51230,Alvord,Iowa ,LYON,19,119,IA 
51234,Boyden,Iowa ,SIOUX,19,167,IA 
51235,Doon,Iowa ,LYON,19,119,IA 
51240,Inwood,Iowa ,LYON,19,119,IA 
51237,George,Iowa ,LYON,19,119,IA 
51239,Hull,Iowa ,SIOUX,19,167,IA 
51242,Lester,Iowa ,LYON,19,119,IA 
51238,Hospers,Iowa ,SIOUX,19,167,IA 
51241,Larchwood,Iowa ,LYON,19,119,IA 
51243,Little Rock,Iowa ,LYON,19,119,IA 
51244,Matlock,Iowa ,SIOUX,19,167,IA 
51249,Sibley,Iowa ,OSCEOLA,19,143,IA 
51247,Rock Valley,Iowa ,SIOUX,19,167,IA 
51245,Primghar,Iowa ,OBRIEN,19,141,IA 
51246,Rock Rapids,Iowa ,LYON,19,119,IA 
51250,Sioux Center,Iowa ,SIOUX,19,167,IA 
51248,Sanborn,Iowa ,OBRIEN,19,141,IA 
51301,Spencer,Iowa ,CLAY,19,041,IA 
51331,Arnolds Park,Iowa ,DICKINSON,19,059,IA 
51333,Dickens,Iowa ,CLAY,19,041,IA 
51341,Gillett Grove,Iowa ,CLAY,19,041,IA 
51334,Estherville,Iowa ,EMMET,19,063,IA 
51342,Graettinger,Iowa ,PALO ALTO,19,147,IA 
51340,Fostoria,Iowa ,CLAY,19,041,IA 
51345,Harris,Iowa ,OSCEOLA,19,143,IA 
51343,Greenville,Iowa ,CLAY,19,041,IA 
51338,Everly,Iowa ,CLAY,19,041,IA 
51346,Hartley,Iowa ,OBRIEN,19,141,IA 
51350,Melvin,Iowa ,OSCEOLA,19,143,IA 
51355,Okoboji,Iowa ,DICKINSON,19,059,IA 
51358,Ruthven,Iowa ,PALO ALTO,19,147,IA 
51347,Lake Park,Iowa ,DICKINSON,19,059,IA 
51351,Milford,Iowa ,DICKINSON,19,059,IA 
51357,Royal,Iowa ,CLAY,19,041,IA 
51354,Ocheyedan,Iowa ,OSCEOLA,19,143,IA 
51360,Spirit Lake,Iowa ,DICKINSON,19,059,IA 
51364,Terril,Iowa ,DICKINSON,19,059,IA 
51401,Carroll,Iowa ,CARROLL,19,027,IA 
51363,Superior,Iowa ,DICKINSON,19,059,IA 
51365,Wallingford,Iowa ,EMMET,19,063,IA 
51430,Arcadia,Iowa ,CARROLL,19,027,IA 
51366,Webb,Iowa ,CLAY,19,041,IA 
51431,Arthur,Iowa ,IDA,19,093,IA 
51432,Aspinwall,Iowa ,CRAWFORD,19,047,IA 
51441,Deloit,Iowa ,CRAWFORD,19,047,IA 
51433,Auburn,Iowa ,SAC,19,161,IA 
51440,Dedham,Iowa ,CARROLL,19,027,IA 
51436,Breda,Iowa ,CARROLL,19,027,IA 
51439,Charter Oak,Iowa ,CRAWFORD,19,047,IA 
51442,Denison,Iowa ,CRAWFORD,19,047,IA 
51443,Glidden,Iowa ,CARROLL,19,027,IA 
51444,Halbur,Iowa ,CARROLL,19,027,IA 
51445,Ida Grove,Iowa ,IDA,19,093,IA 
51446,Irwin,Iowa ,SHELBY,19,165,IA 
51447,Kirkman,Iowa ,SHELBY,19,165,IA 
51448,Kiron,Iowa ,CRAWFORD,19,047,IA 
51452,Lidderdale,Iowa ,CARROLL,19,027,IA 
51450,Lake View,Iowa ,SAC,19,161,IA 
51451,Lanesboro,Iowa ,CARROLL,19,027,IA 
51449,Lake City,Iowa ,CALHOUN,19,025,IA 
51454,Manilla,Iowa ,CRAWFORD,19,047,IA 
51453,Lohrville,Iowa ,CALHOUN,19,025,IA 
51458,Odebolt,Iowa ,SAC,19,161,IA 
51462,Scranton,Iowa ,GREENE,19,073,IA 
51455,Manning,Iowa ,CARROLL,19,027,IA 
51459,Ralston,Iowa ,CARROLL,19,027,IA 
51461,Schleswig,Iowa ,CRAWFORD,19,047,IA 
51460,Ricketts,Iowa ,CRAWFORD,19,047,IA 
51463,Templeton,Iowa ,CARROLL,19,027,IA 
51465,Vail,Iowa ,CRAWFORD,19,047,IA 
51502,Council Bluffs,Iowa ,POTTAWATTAMIE,19,155,IA 
51466,Wall Lake,Iowa ,SAC,19,161,IA 
51503,Council Bluffs,Iowa ,POTTAWATTAMIE,19,155,IA 
51501,Council Bluffs,Iowa ,POTTAWATTAMIE,19,155,IA 
51510,Carter Lake,Iowa ,POTTAWATTAMIE,19,155,IA 
51467,Westside,Iowa ,CRAWFORD,19,047,IA 
51520,Arion,Iowa ,CRAWFORD,19,047,IA 
51527,Defiance,Iowa ,SHELBY,19,165,IA 
51525,Carson,Iowa ,POTTAWATTAMIE,19,155,IA 
51521,Avoca,Iowa ,POTTAWATTAMIE,19,155,IA 
51523,Blencoe,Iowa ,MONONA,19,133,IA 
51528,Dow City,Iowa ,CRAWFORD,19,047,IA 
51526,Crescent,Iowa ,POTTAWATTAMIE,19,155,IA 
51530,Earling,Iowa ,SHELBY,19,165,IA 
51529,Dunlap,Iowa ,HARRISON,19,085,IA 
51532,Elliott,Iowa ,MONTGOMERY,19,137,IA 
51531,Elk Horn,Iowa ,SHELBY,19,165,IA 
51533,Emerson,Iowa ,MILLS,19,129,IA 
51534,Glenwood,Iowa ,MILLS,19,129,IA 
51536,Hancock,Iowa ,POTTAWATTAMIE,19,155,IA 
51535,Griswold,Iowa ,CASS,19,029,IA 
51540,Hastings,Iowa ,MILLS,19,129,IA 
51537,Harlan,Iowa ,SHELBY,19,165,IA 
51542,Honey Creek,Iowa ,POTTAWATTAMIE,19,155,IA 
51541,Henderson,Iowa ,MILLS,19,129,IA 
51543,Kimballton,Iowa ,AUDUBON,19,009,IA 
51546,Logan,Iowa ,HARRISON,19,085,IA 
51544,Lewis,Iowa ,CASS,19,029,IA 
51548,Mc Clelland,Iowa ,POTTAWATTAMIE,19,155,IA 
51545,Little Sioux,Iowa ,HARRISON,19,085,IA 
51549,Macedonia,Iowa ,POTTAWATTAMIE,19,155,IA 
51551,Malvern,Iowa ,MILLS,19,129,IA 
51552,Marne,Iowa ,CASS,19,029,IA 
51550,Magnolia,Iowa ,HARRISON,19,085,IA 
51553,Minden,Iowa ,POTTAWATTAMIE,19,155,IA 
51554,Mineola,Iowa ,MILLS,19,129,IA 
51557,Mondamin,Iowa ,HARRISON,19,085,IA 
51556,Modale,Iowa ,HARRISON,19,085,IA 
51555,Missouri Valley,Iowa ,HARRISON,19,085,IA 
51558,Moorhead,Iowa ,MONONA,19,133,IA 
51559,Neola,Iowa ,POTTAWATTAMIE,19,155,IA 
51560,Oakland,Iowa ,POTTAWATTAMIE,19,155,IA 
51561,Pacific Junction,Iowa ,MILLS,19,129,IA 
51563,Persia,Iowa ,HARRISON,19,085,IA 
51562,Panama,Iowa ,SHELBY,19,165,IA 
51565,Portsmouth,Iowa ,SHELBY,19,165,IA 
51564,Pisgah,Iowa ,HARRISON,19,085,IA 
51571,Silver City,Iowa ,MILLS,19,129,IA 
51572,Soldier,Iowa ,MONONA,19,133,IA 
51566,Red Oak,Iowa ,MONTGOMERY,19,137,IA 
51576,Underwood,Iowa ,POTTAWATTAMIE,19,155,IA 
51570,Shelby,Iowa ,SHELBY,19,165,IA 
51575,Treynor,Iowa ,POTTAWATTAMIE,19,155,IA 
51573,Stanton,Iowa ,MONTGOMERY,19,137,IA 
51577,Walnut,Iowa ,POTTAWATTAMIE,19,155,IA 
51578,Westphalia,Iowa ,SHELBY,19,165,IA 
51593,Harlan,Iowa ,SHELBY,19,165,IA 
51579,Woodbine,Iowa ,HARRISON,19,085,IA 
51601,Shenandoah,Iowa ,PAGE,19,145,IA 
51631,Braddyville,Iowa ,PAGE,19,145,IA 
51630,Blanchard,Iowa ,PAGE,19,145,IA 
51591,Red Oak,Iowa ,MONTGOMERY,19,137,IA 
51603,Shenandoah,Iowa ,PAGE,19,145,IA 
51632,Clarinda,Iowa ,PAGE,19,145,IA 
51638,Essex,Iowa ,PAGE,19,145,IA 
51639,Farragut,Iowa ,FREMONT,19,071,IA 
51637,College Springs,Iowa ,PAGE,19,145,IA 
51640,Hamburg,Iowa ,FREMONT,19,071,IA 
51646,New Market,Iowa ,TAYLOR,19,173,IA 
51636,Coin,Iowa ,PAGE,19,145,IA 
51645,Imogene,Iowa ,FREMONT,19,071,IA 
51647,Northboro,Iowa ,PAGE,19,145,IA 
51651,Shambaugh,Iowa ,PAGE,19,145,IA 
51650,Riverton,Iowa ,FREMONT,19,071,IA 
51656,Yorktown,Iowa ,PAGE,19,145,IA 
51648,Percival,Iowa ,FREMONT,19,071,IA 
51652,Sidney,Iowa ,FREMONT,19,071,IA 
51653,Tabor,Iowa ,FREMONT,19,071,IA 
51654,Thurman,Iowa ,FREMONT,19,071,IA 
51649,Randolph,Iowa ,FREMONT,19,071,IA 
52001,Dubuque,Iowa ,DUBUQUE,19,061,IA 
52003,Dubuque,Iowa ,DUBUQUE,19,061,IA 
52002,Dubuque,Iowa ,DUBUQUE,19,061,IA 
52004,Dubuque,Iowa ,DUBUQUE,19,061,IA 
52031,Bellevue,Iowa ,JACKSON,19,097,IA 
52032,Bernard,Iowa ,DUBUQUE,19,061,IA 
52030,Andrew,Iowa ,JACKSON,19,097,IA 
52033,Cascade,Iowa ,DUBUQUE,19,061,IA 
52035,Colesburg,Iowa ,DELAWARE,19,055,IA 
52037,Delmar,Iowa ,CLINTON,19,045,IA 
52039,Durango,Iowa ,DUBUQUE,19,061,IA 
52036,Delaware,Iowa ,DELAWARE,19,055,IA 
52040,Dyersville,Iowa ,DUBUQUE,19,061,IA 
52041,Earlville,Iowa ,DELAWARE,19,055,IA 
52042,Edgewood,Iowa ,CLAYTON,19,043,IA 
52038,Dundee,Iowa ,DELAWARE,19,055,IA 
52043,Elkader,Iowa ,CLAYTON,19,043,IA 
52047,Farmersburg,Iowa ,CLAYTON,19,043,IA 
52045,Epworth,Iowa ,DUBUQUE,19,061,IA 
52048,Garber,Iowa ,CLAYTON,19,043,IA 
52049,Garnavillo,Iowa ,CLAYTON,19,043,IA 
52044,Elkport,Iowa ,CLAYTON,19,043,IA 
52052,Guttenberg,Iowa ,CLAYTON,19,043,IA 
52050,Greeley,Iowa ,DELAWARE,19,055,IA 
52046,Farley,Iowa ,DUBUQUE,19,061,IA 
52054,La Motte,Iowa ,JACKSON,19,097,IA 
52066,North Buena Vista,Iowa ,CLAYTON,19,043,IA 
52057,Manchester,Iowa ,DELAWARE,19,055,IA 
52053,Holy Cross,Iowa ,DUBUQUE,19,061,IA 
52065,New Vienna,Iowa ,DUBUQUE,19,061,IA 
52064,Miles,Iowa ,JACKSON,19,097,IA 
52060,Maquoketa,Iowa ,JACKSON,19,097,IA 
52056,Luxemburg,Iowa ,DUBUQUE,19,061,IA 
52068,Peosta,Iowa ,DUBUQUE,19,061,IA 
52074,Spragueville,Iowa ,JACKSON,19,097,IA 
52073,Sherrill,Iowa ,DUBUQUE,19,061,IA 
52069,Preston,Iowa ,JACKSON,19,097,IA 
52072,Saint Olaf,Iowa ,CLAYTON,19,043,IA 
52071,Saint Donatus,Iowa ,JACKSON,19,097,IA 
52070,Sabula,Iowa ,JACKSON,19,097,IA 
52075,Springbrook,Iowa ,JACKSON,19,097,IA 
52076,Strawberry Point,Iowa ,CLAYTON,19,043,IA 
52077,Volga,Iowa ,CLAYTON,19,043,IA 
52078,Worthington,Iowa ,DUBUQUE,19,061,IA 
52079,Zwingle,Iowa ,DUBUQUE,19,061,IA 
52132,Calmar,Iowa ,WINNESHIEK,19,191,IA 
52133,Castalia,Iowa ,WINNESHIEK,19,191,IA 
52099,Dubuque,Iowa ,DUBUQUE,19,061,IA 
52101,Decorah,Iowa ,WINNESHIEK,19,191,IA 
52134,Chester,Iowa ,HOWARD,19,089,IA 
52135,Clermont,Iowa ,FAYETTE,19,065,IA 
52136,Cresco,Iowa ,HOWARD,19,089,IA 
52141,Elgin,Iowa ,FAYETTE,19,065,IA 
52140,Dorchester,Iowa ,ALLAMAKEE,19,005,IA 
52146,Harpers Ferry,Iowa ,ALLAMAKEE,19,005,IA 
52144,Fort Atkinson,Iowa ,WINNESHIEK,19,191,IA 
52147,Hawkeye,Iowa ,FAYETTE,19,065,IA 
52151,Lansing,Iowa ,ALLAMAKEE,19,005,IA 
52149,Highlandville,Iowa ,WINNESHIEK,19,191,IA 
52154,Lawler,Iowa ,CHICKASAW,19,037,IA 
52156,Luana,Iowa ,CLAYTON,19,043,IA 
52142,Fayette,Iowa ,FAYETTE,19,065,IA 
52155,Lime Springs,Iowa ,HOWARD,19,089,IA 
52157,Mc Gregor,Iowa ,CLAYTON,19,043,IA 
52158,Marquette,Iowa ,CLAYTON,19,043,IA 
52160,New Albin,Iowa ,ALLAMAKEE,19,005,IA 
52159,Monona,Iowa ,CLAYTON,19,043,IA 
52161,Ossian,Iowa ,WINNESHIEK,19,191,IA 
52163,Protivin,Iowa ,HOWARD,19,089,IA 
52164,Randalia,Iowa ,FAYETTE,19,065,IA 
52162,Postville,Iowa ,ALLAMAKEE,19,005,IA 
52166,Saint Lucas,Iowa ,FAYETTE,19,065,IA 
52165,Ridgeway,Iowa ,WINNESHIEK,19,191,IA 
52168,Spillville,Iowa ,WINNESHIEK,19,191,IA 
52170,Waterville,Iowa ,ALLAMAKEE,19,005,IA 
52169,Wadena,Iowa ,FAYETTE,19,065,IA 
52172,Waukon,Iowa ,ALLAMAKEE,19,005,IA 
52171,Waucoma,Iowa ,FAYETTE,19,065,IA 
52201,Ainsworth,Iowa ,WASHINGTON,19,183,IA 
52203,Amana,Iowa ,IOWA,19,095,IA 
52204,Amana,Iowa ,IOWA,19,095,IA 
52175,West Union,Iowa ,FAYETTE,19,065,IA 
52202,Alburnett,Iowa ,LINN,19,113,IA 
52205,Anamosa,Iowa ,JONES,19,105,IA 
52206,Atkins,Iowa ,BENTON,19,011,IA 
52209,Blairstown,Iowa ,BENTON,19,011,IA 
52208,Belle Plaine,Iowa ,BENTON,19,011,IA 
52213,Center Point,Iowa ,LINN,19,113,IA 
52212,Center Junction,Iowa ,JONES,19,105,IA 
52210,Brandon,Iowa ,BUCHANAN,19,019,IA 
52207,Baldwin,Iowa ,JACKSON,19,097,IA 
52211,Brooklyn,Iowa ,POWESHIEK,19,157,IA 
52214,Central City,Iowa ,LINN,19,113,IA 
52215,Chelsea,Iowa ,TAMA,19,171,IA 
52217,Clutier,Iowa ,TAMA,19,171,IA 
52216,Clarence,Iowa ,CEDAR,19,031,IA 
52221,Guernsey,Iowa ,POWESHIEK,19,157,IA 
52219,Prairieburg,Iowa ,LINN,19,113,IA 
52218,Coggon,Iowa ,LINN,19,113,IA 
52220,Conroy,Iowa ,IOWA,19,095,IA 
52222,Deep River,Iowa ,POWESHIEK,19,157,IA 
52225,Elberon,Iowa ,TAMA,19,171,IA 
52223,Delhi,Iowa ,DELAWARE,19,055,IA 
52227,Ely,Iowa ,LINN,19,113,IA 
52231,Harper,Iowa ,KEOKUK,19,107,IA 
52228,Fairfax,Iowa ,LINN,19,113,IA 
52229,Garrison,Iowa ,BENTON,19,011,IA 
52224,Dysart,Iowa ,TAMA,19,171,IA 
52233,Hiawatha,Iowa ,LINN,19,113,IA 
52232,Hartwick,Iowa ,POWESHIEK,19,157,IA 
52236,Homestead,Iowa ,IOWA,19,095,IA 
52235,Hills,Iowa ,JOHNSON,19,103,IA 
52237,Hopkinton,Iowa ,DELAWARE,19,055,IA 
52241,Coralville,Iowa ,JOHNSON,19,103,IA 
52242,Iowa City,Iowa ,JOHNSON,19,103,IA 
52240,Iowa City,Iowa ,JOHNSON,19,103,IA 
52243,Iowa City,Iowa ,JOHNSON,19,103,IA 
52244,Iowa City,Iowa ,JOHNSON,19,103,IA 
52251,Ladora,Iowa ,IOWA,19,095,IA 
52247,Kalona,Iowa ,WASHINGTON,19,183,IA 
52246,Iowa City,Iowa ,JOHNSON,19,103,IA 
52248,Keota,Iowa ,KEOKUK,19,107,IA 
52249,Keystone,Iowa ,BENTON,19,011,IA 
52245,Iowa City,Iowa ,JOHNSON,19,103,IA 
52252,Langworthy,Iowa ,JONES,19,105,IA 
52253,Lisbon,Iowa ,LINN,19,113,IA 
52255,Lowden,Iowa ,CEDAR,19,031,IA 
52254,Lost Nation,Iowa ,CLINTON,19,045,IA 
52301,Marengo,Iowa ,IOWA,19,095,IA 
52257,Luzerne,Iowa ,BENTON,19,011,IA 
52305,Martelle,Iowa ,JONES,19,105,IA 
52306,Mechanicsville,Iowa ,CEDAR,19,031,IA 
52302,Marion,Iowa ,LINN,19,113,IA 
52307,Middle Amana,Iowa ,IOWA,19,095,IA 
52308,Millersburg,Iowa ,IOWA,19,095,IA 
52309,Monmouth,Iowa ,JACKSON,19,097,IA 
52310,Monticello,Iowa ,JONES,19,105,IA 
52314,Mount Vernon,Iowa ,LINN,19,113,IA 
52316,North English,Iowa ,IOWA,19,095,IA 
52312,Morley,Iowa ,JONES,19,105,IA 
52315,Newhall,Iowa ,BENTON,19,011,IA 
52313,Mount Auburn,Iowa ,BENTON,19,011,IA 
52317,North Liberty,Iowa ,JOHNSON,19,103,IA 
52318,Norway,Iowa ,BENTON,19,011,IA 
52320,Olin,Iowa ,JONES,19,105,IA 
52321,Onslow,Iowa ,JONES,19,105,IA 
52324,Palo,Iowa ,LINN,19,113,IA 
52323,Oxford Junction,Iowa ,JONES,19,105,IA 
52322,Oxford,Iowa ,JOHNSON,19,103,IA 
52325,Parnell,Iowa ,IOWA,19,095,IA 
52327,Riverside,Iowa ,WASHINGTON,19,183,IA 
52326,Quasqueton,Iowa ,BUCHANAN,19,019,IA 
52328,Robins,Iowa ,LINN,19,113,IA 
52330,Ryan,Iowa ,DELAWARE,19,055,IA 
52332,Shellsburg,Iowa ,BENTON,19,011,IA 
52329,Rowley,Iowa ,BUCHANAN,19,019,IA 
52333,Solon,Iowa ,JOHNSON,19,103,IA 
52334,South Amana,Iowa ,IOWA,19,095,IA 
52335,South English,Iowa ,KEOKUK,19,107,IA 
52336,Springville,Iowa ,LINN,19,113,IA 
52339,Tama,Iowa ,TAMA,19,171,IA 
52341,Toddville,Iowa ,LINN,19,113,IA 
52342,Toledo,Iowa ,TAMA,19,171,IA 
52345,Urbana,Iowa ,BENTON,19,011,IA 
52340,Tiffin,Iowa ,JOHNSON,19,103,IA 
52344,Troy Mills,Iowa ,LINN,19,113,IA 
52338,Swisher,Iowa ,JOHNSON,19,103,IA 
52337,Stanwood,Iowa ,CEDAR,19,031,IA 
52346,Van Horne,Iowa ,BENTON,19,011,IA 
52349,Vinton,Iowa ,BENTON,19,011,IA 
52347,Victor,Iowa ,IOWA,19,095,IA 
52351,Walford,Iowa ,BENTON,19,011,IA 
52354,Watkins,Iowa ,BENTON,19,011,IA 
52352,Walker,Iowa ,LINN,19,113,IA 
52348,Vining,Iowa ,TAMA,19,171,IA 
52353,Washington,Iowa ,WASHINGTON,19,183,IA 
52355,Webster,Iowa ,KEOKUK,19,107,IA 
52401,Cedar Rapids,Iowa ,LINN,19,113,IA 
52356,Wellman,Iowa ,WASHINGTON,19,183,IA 
52402,Cedar Rapids,Iowa ,LINN,19,113,IA 
52361,Williamsburg,Iowa ,IOWA,19,095,IA 
52403,Cedar Rapids,Iowa ,LINN,19,113,IA 
52362,Wyoming,Iowa ,JONES,19,105,IA 
52359,West Chester,Iowa ,WASHINGTON,19,183,IA 
52358,West Branch,Iowa ,CEDAR,19,031,IA 
52404,Cedar Rapids,Iowa ,LINN,19,113,IA 
52407,Cedar Rapids,Iowa ,LINN,19,113,IA 
52405,Cedar Rapids,Iowa ,LINN,19,113,IA 
52410,Cedar Rapids,Iowa ,LINN,19,113,IA 
52408,Cedar Rapids,Iowa ,LINN,19,113,IA 
52406,Cedar Rapids,Iowa ,LINN,19,113,IA 
52411,Cedar Rapids,Iowa ,LINN,19,113,IA 
52409,Cedar Rapids,Iowa ,LINN,19,113,IA 
52499,Cedar Rapids,Iowa ,LINN,19,113,IA 
52531,Albia,Iowa ,MONROE,19,135,IA 
52530,Agency,Iowa ,WAPELLO,19,179,IA 
52498,Cedar Rapids,Iowa ,LINN,19,113,IA 
52497,Cedar Rapids,Iowa ,LINN,19,113,IA 
52533,Batavia,Iowa ,JEFFERSON,19,101,IA 
52534,Beacon,Iowa ,MAHASKA,19,123,IA 
52501,Ottumwa,Iowa ,WAPELLO,19,179,IA 
52535,Birmingham,Iowa ,VAN BUREN,19,177,IA 
52536,Blakesburg,Iowa ,WAPELLO,19,179,IA 
52543,Cedar,Iowa ,MAHASKA,19,123,IA 
52542,Cantril,Iowa ,VAN BUREN,19,177,IA 
52537,Bloomfield,Iowa ,DAVIS,19,051,IA 
52548,Chillicothe,Iowa ,WAPELLO,19,179,IA 
52540,Brighton,Iowa ,WASHINGTON,19,183,IA 
52544,Centerville,Iowa ,APPANOOSE,19,007,IA 
52549,Cincinnati,Iowa ,APPANOOSE,19,007,IA 
52550,Delta,Iowa ,KEOKUK,19,107,IA 
52551,Douds,Iowa ,VAN BUREN,19,177,IA 
52552,Drakesville,Iowa ,DAVIS,19,051,IA 
52554,Eldon,Iowa ,WAPELLO,19,179,IA 
52556,Fairfield,Iowa ,JEFFERSON,19,101,IA 
52555,Exline,Iowa ,APPANOOSE,19,007,IA 
52557,Fairfield,Iowa ,JEFFERSON,19,101,IA 
52553,Eddyville,Iowa ,WAPELLO,19,179,IA 
52560,Floris,Iowa ,DAVIS,19,051,IA 
52561,Fremont,Iowa ,MAHASKA,19,123,IA 
52567,Libertyville,Iowa ,JEFFERSON,19,101,IA 
52565,Keosauqua,Iowa ,VAN BUREN,19,177,IA 
52568,Martinsburg,Iowa ,KEOKUK,19,107,IA 
52562,Hayesville,Iowa ,KEOKUK,19,107,IA 
52563,Hedrick,Iowa ,KEOKUK,19,107,IA 
52566,Kirkville,Iowa ,WAPELLO,19,179,IA 
52569,Melrose,Iowa ,MONROE,19,135,IA 
52573,Mount Sterling,Iowa ,VAN BUREN,19,177,IA 
52572,Moulton,Iowa ,APPANOOSE,19,007,IA 
52571,Moravia,Iowa ,APPANOOSE,19,007,IA 
52576,Ollie,Iowa ,KEOKUK,19,107,IA 
52570,Milton,Iowa ,VAN BUREN,19,177,IA 
52580,Packwood,Iowa ,JEFFERSON,19,101,IA 
52574,Mystic,Iowa ,APPANOOSE,19,007,IA 
52577,Oskaloosa,Iowa ,MAHASKA,19,123,IA 
52583,Promise City,Iowa ,WAYNE,19,185,IA 
52588,Selma,Iowa ,VAN BUREN,19,177,IA 
52581,Plano,Iowa ,APPANOOSE,19,007,IA 
52590,Seymour,Iowa ,WAYNE,19,185,IA 
52585,Richland,Iowa ,KEOKUK,19,107,IA 
52586,Rose Hill,Iowa ,MAHASKA,19,123,IA 
52584,Pulaski,Iowa ,DAVIS,19,051,IA 
52591,Sigourney,Iowa ,KEOKUK,19,107,IA 
52594,Unionville,Iowa ,APPANOOSE,19,007,IA 
52593,Udell,Iowa ,APPANOOSE,19,007,IA 
52595,University Park,Iowa ,MAHASKA,19,123,IA 
52623,Danville,Iowa ,DES MOINES,19,057,IA 
52619,Argyle,Iowa ,LEE,19,111,IA 
52620,Bonaparte,Iowa ,VAN BUREN,19,177,IA 
52601,Burlington,Iowa ,DES MOINES,19,057,IA 
52621,Crawfordsville,Iowa ,WASHINGTON,19,183,IA 
52625,Donnellson,Iowa ,LEE,19,111,IA 
52626,Farmington,Iowa ,VAN BUREN,19,177,IA 
52624,Denmark,Iowa ,LEE,19,111,IA 
52635,Lockridge,Iowa ,JEFFERSON,19,101,IA 
52627,Fort Madison,Iowa ,LEE,19,111,IA 
52631,Houghton,Iowa ,LEE,19,111,IA 
52632,Keokuk,Iowa ,LEE,19,111,IA 
52630,Hillsboro,Iowa ,HENRY,19,087,IA 
52637,Mediapolis,Iowa ,DES MOINES,19,057,IA 
52638,Middletown,Iowa ,DES MOINES,19,057,IA 
52639,Montrose,Iowa ,LEE,19,111,IA 
52641,Mount Pleasant,Iowa ,HENRY,19,087,IA 
52642,Rome,Iowa ,HENRY,19,087,IA 
52645,New London,Iowa ,HENRY,19,087,IA 
52640,Morning Sun,Iowa ,LOUISA,19,115,IA 
52644,Mount Union,Iowa ,HENRY,19,087,IA 
52646,Oakville,Iowa ,LOUISA,19,115,IA 
52647,Olds,Iowa ,HENRY,19,087,IA 
52648,Pilot Grove,Iowa ,LEE,19,111,IA 
52652,Swedesburg,Iowa ,HENRY,19,087,IA 
52651,Stockport,Iowa ,VAN BUREN,19,177,IA 
52650,Sperry,Iowa ,DES MOINES,19,057,IA 
52653,Wapello,Iowa ,LOUISA,19,115,IA 
52654,Wayland,Iowa ,HENRY,19,087,IA 
52649,Salem,Iowa ,HENRY,19,087,IA 
52655,West Burlington,Iowa ,DES MOINES,19,057,IA 
52656,West Point,Iowa ,LEE,19,111,IA 
52659,Winfield,Iowa ,HENRY,19,087,IA 
52657,Saint Paul,Iowa ,LEE,19,111,IA 
52660,Yarmouth,Iowa ,DES MOINES,19,057,IA 
52658,Wever,Iowa ,LEE,19,111,IA 
52720,Atalissa,Iowa ,MUSCATINE,19,139,IA 
52701,Andover,Iowa ,CLINTON,19,045,IA 
52721,Bennett,Iowa ,CEDAR,19,031,IA 
52722,Bettendorf,Iowa ,SCOTT,19,163,IA 
52726,Blue Grass,Iowa ,SCOTT,19,163,IA 
52729,Calamus,Iowa ,CLINTON,19,045,IA 
52732,Clinton,Iowa ,CLINTON,19,045,IA 
52728,Buffalo,Iowa ,SCOTT,19,163,IA 
52731,Charlotte,Iowa ,CLINTON,19,045,IA 
52730,Camanche,Iowa ,CLINTON,19,045,IA 
52733,Clinton,Iowa ,CLINTON,19,045,IA 
52734,Clinton,Iowa ,CLINTON,19,045,IA 
52727,Bryant,Iowa ,CLINTON,19,045,IA 
52738,Columbus Junction,Iowa ,LOUISA,19,115,IA 
52745,Dixon,Iowa ,SCOTT,19,163,IA 
52736,Clinton,Iowa ,CLINTON,19,045,IA 
52737,Columbus City,Iowa ,LOUISA,19,115,IA 
52742,De Witt,Iowa ,CLINTON,19,045,IA 
52739,Conesville,Iowa ,MUSCATINE,19,139,IA 
52747,Durant,Iowa ,CEDAR,19,031,IA 
52746,Donahue,Iowa ,SCOTT,19,163,IA 
52749,Fruitland,Iowa ,MUSCATINE,19,139,IA 
52748,Eldridge,Iowa ,SCOTT,19,163,IA 
52752,Grandview,Iowa ,LOUISA,19,115,IA 
52750,Goose Lake,Iowa ,CLINTON,19,045,IA 
52753,Le Claire,Iowa ,SCOTT,19,163,IA 
52751,Grand Mound,Iowa ,CLINTON,19,045,IA 
52754,Letts,Iowa ,LOUISA,19,115,IA 
52755,Lone Tree,Iowa ,JOHNSON,19,103,IA 
52758,Mc Causland,Iowa ,SCOTT,19,163,IA 
52761,Muscatine,Iowa ,MUSCATINE,19,139,IA 
52760,Moscow,Iowa ,MUSCATINE,19,139,IA 
52757,Low Moor,Iowa ,CLINTON,19,045,IA 
52756,Long Grove,Iowa ,SCOTT,19,163,IA 
52759,Montpelier,Iowa ,MUSCATINE,19,139,IA 
52765,New Liberty,Iowa ,SCOTT,19,163,IA 
52766,Nichols,Iowa ,MUSCATINE,19,139,IA 
52769,Stockton,Iowa ,MUSCATINE,19,139,IA 
52767,Pleasant Valley,Iowa ,SCOTT,19,163,IA 
52771,Teeds Grove,Iowa ,CLINTON,19,045,IA 
52773,Walcott,Iowa ,SCOTT,19,163,IA 
52768,Princeton,Iowa ,SCOTT,19,163,IA 
52772,Tipton,Iowa ,CEDAR,19,031,IA 
52774,Welton,Iowa ,CLINTON,19,045,IA 
52776,West Liberty,Iowa ,MUSCATINE,19,139,IA 
52778,Wilton,Iowa ,MUSCATINE,19,139,IA 
52804,Davenport,Iowa ,SCOTT,19,163,IA 
52802,Davenport,Iowa ,SCOTT,19,163,IA 
52801,Davenport,Iowa ,SCOTT,19,163,IA 
52803,Davenport,Iowa ,SCOTT,19,163,IA 
52805,Davenport,Iowa ,SCOTT,19,163,IA 
52777,Wheatland,Iowa ,CLINTON,19,045,IA 
52806,Davenport,Iowa ,SCOTT,19,163,IA 
52807,Davenport,Iowa ,SCOTT,19,163,IA 
52809,Davenport,Iowa ,SCOTT,19,163,IA 
52808,Davenport,Iowa ,SCOTT,19,163,IA 
