70002,Metairie,Louisiana ,JEFFERSON,22,051,LA 
70004,Metairie,Louisiana ,JEFFERSON,22,051,LA 
70009,Metairie,Louisiana ,JEFFERSON,22,051,LA 
70003,Metairie,Louisiana ,JEFFERSON,22,051,LA 
70001,Metairie,Louisiana ,JEFFERSON,22,051,LA 
70005,Metairie,Louisiana ,JEFFERSON,22,051,LA 
70006,Metairie,Louisiana ,JEFFERSON,22,051,LA 
70010,Metairie,Louisiana ,JEFFERSON,22,051,LA 
70011,Metairie,Louisiana ,JEFFERSON,22,051,LA 
70031,Ama,Louisiana ,SAINT CHARLES,22,089,LA 
70037,Belle Chasse,Louisiana ,PLAQUEMINES,22,075,LA 
70038,Boothville,Louisiana ,PLAQUEMINES,22,075,LA 
70030,Des Allemands,Louisiana ,SAINT CHARLES,22,089,LA 
70036,Barataria,Louisiana ,JEFFERSON,22,051,LA 
70033,Metairie,Louisiana ,JEFFERSON,22,051,LA 
70032,Arabi,Louisiana ,SAINT BERNARD,22,087,LA 
70039,Boutte,Louisiana ,SAINT CHARLES,22,089,LA 
70041,Buras,Louisiana ,PLAQUEMINES,22,075,LA 
70040,Braithwaite,Louisiana ,PLAQUEMINES,22,075,LA 
70049,Edgard,Louisiana ,ST JOHN THE BAPTIST,22,095,LA 
70044,Chalmette,Louisiana ,SAINT BERNARD,22,087,LA 
70043,Chalmette,Louisiana ,SAINT BERNARD,22,087,LA 
70047,Destrehan,Louisiana ,SAINT CHARLES,22,089,LA 
70050,Empire,Louisiana ,PLAQUEMINES,22,075,LA 
70051,Garyville,Louisiana ,ST JOHN THE BAPTIST,22,095,LA 
70053,Gretna,Louisiana ,JEFFERSON,22,051,LA 
70052,Gramercy,Louisiana ,SAINT JAMES,22,093,LA 
70055,Metairie,Louisiana ,JEFFERSON,22,051,LA 
70056,Gretna,Louisiana ,JEFFERSON,22,051,LA 
70054,Gretna,Louisiana ,JEFFERSON,22,051,LA 
70058,Harvey,Louisiana ,JEFFERSON,22,051,LA 
70057,Hahnville,Louisiana ,SAINT CHARLES,22,089,LA 
70059,Harvey,Louisiana ,JEFFERSON,22,051,LA 
70060,Metairie,Louisiana ,JEFFERSON,22,051,LA 
70062,Kenner,Louisiana ,JEFFERSON,22,051,LA 
70064,Kenner,Louisiana ,JEFFERSON,22,051,LA 
70065,Kenner,Louisiana ,JEFFERSON,22,051,LA 
70068,La Place,Louisiana ,ST JOHN THE BAPTIST,22,095,LA 
70063,Kenner,Louisiana ,JEFFERSON,22,051,LA 
70067,Lafitte,Louisiana ,JEFFERSON,22,051,LA 
70069,La Place,Louisiana ,ST JOHN THE BAPTIST,22,095,LA 
70071,Lutcher,Louisiana ,SAINT JAMES,22,093,LA 
70070,Luling,Louisiana ,SAINT CHARLES,22,089,LA 
70075,Meraux,Louisiana ,SAINT BERNARD,22,087,LA 
70078,New Sarpy,Louisiana ,SAINT CHARLES,22,089,LA 
70076,Mount Airy,Louisiana ,ST JOHN THE BAPTIST,22,095,LA 
70072,Marrero,Louisiana ,JEFFERSON,22,051,LA 
70079,Norco,Louisiana ,SAINT CHARLES,22,089,LA 
70073,Marrero,Louisiana ,JEFFERSON,22,051,LA 
70080,Paradis,Louisiana ,SAINT CHARLES,22,089,LA 
70081,Pilottown,Louisiana ,PLAQUEMINES,22,075,LA 
70084,Reserve,Louisiana ,ST JOHN THE BAPTIST,22,095,LA 
70082,Pointe A La Hache,Louisiana ,PLAQUEMINES,22,075,LA 
70083,Port Sulphur,Louisiana ,PLAQUEMINES,22,075,LA 
70086,Saint James,Louisiana ,SAINT JAMES,22,093,LA 
70085,Saint Bernard,Louisiana ,SAINT BERNARD,22,087,LA 
70087,Saint Rose,Louisiana ,SAINT CHARLES,22,089,LA 
70090,Vacherie,Louisiana ,SAINT JAMES,22,093,LA 
70091,Venice,Louisiana ,PLAQUEMINES,22,075,LA 
70092,Violet,Louisiana ,SAINT BERNARD,22,087,LA 
70112,New Orleans,Louisiana ,ORLEANS,22,071,LA 
70096,Westwego,Louisiana ,JEFFERSON,22,051,LA 
70094,Westwego,Louisiana ,JEFFERSON,22,051,LA 
70113,New Orleans,Louisiana ,ORLEANS,22,071,LA 
70097,Kenner,Louisiana ,JEFFERSON,22,051,LA 
70093,Belle Chasse,Louisiana ,PLAQUEMINES,22,075,LA 
70114,New Orleans,Louisiana ,ORLEANS,22,071,LA 
70115,New Orleans,Louisiana ,ORLEANS,22,071,LA 
70116,New Orleans,Louisiana ,ORLEANS,22,071,LA 
70123,New Orleans,Louisiana ,JEFFERSON,22,051,LA 
70117,New Orleans,Louisiana ,ORLEANS,22,071,LA 
70121,New Orleans,Louisiana ,JEFFERSON,22,051,LA 
70118,New Orleans,Louisiana ,ORLEANS,22,071,LA 
70122,New Orleans,Louisiana ,ORLEANS,22,071,LA 
70124,New Orleans,Louisiana ,ORLEANS,22,071,LA 
70119,New Orleans,Louisiana ,ORLEANS,22,071,LA 
70125,New Orleans,Louisiana ,ORLEANS,22,071,LA 
70129,New Orleans,Louisiana ,ORLEANS,22,071,LA 
70127,New Orleans,Louisiana ,ORLEANS,22,071,LA 
70128,New Orleans,Louisiana ,ORLEANS,22,071,LA 
70126,New Orleans,Louisiana ,ORLEANS,22,071,LA 
70130,New Orleans,Louisiana ,ORLEANS,22,071,LA 
70131,New Orleans,Louisiana ,ORLEANS,22,071,LA 
70139,New Orleans,Louisiana ,ORLEANS,22,071,LA 
70141,New Orleans,Louisiana ,JEFFERSON,22,051,LA 
70142,New Orleans,Louisiana ,ORLEANS,22,071,LA 
70145,New Orleans,Louisiana ,ORLEANS,22,071,LA 
70150,New Orleans,Louisiana ,ORLEANS,22,071,LA 
70143,New Orleans,Louisiana ,ORLEANS,22,071,LA 
70146,New Orleans,Louisiana ,ORLEANS,22,071,LA 
70148,New Orleans,Louisiana ,ORLEANS,22,071,LA 
70151,New Orleans,Louisiana ,ORLEANS,22,071,LA 
70152,New Orleans,Louisiana ,ORLEANS,22,071,LA 
70153,New Orleans,Louisiana ,ORLEANS,22,071,LA 
70157,New Orleans,Louisiana ,ORLEANS,22,071,LA 
70154,New Orleans,Louisiana ,ORLEANS,22,071,LA 
70161,New Orleans,Louisiana ,ORLEANS,22,071,LA 
70156,New Orleans,Louisiana ,ORLEANS,22,071,LA 
70160,New Orleans,Louisiana ,ORLEANS,22,071,LA 
70158,New Orleans,Louisiana ,ORLEANS,22,071,LA 
70159,New Orleans,Louisiana ,ORLEANS,22,071,LA 
70162,New Orleans,Louisiana ,ORLEANS,22,071,LA 
70163,New Orleans,Louisiana ,ORLEANS,22,071,LA 
70167,New Orleans,Louisiana ,ORLEANS,22,071,LA 
70165,New Orleans,Louisiana ,ORLEANS,22,071,LA 
70164,New Orleans,Louisiana ,ORLEANS,22,071,LA 
70172,New Orleans,Louisiana ,ORLEANS,22,071,LA 
70170,New Orleans,Louisiana ,ORLEANS,22,071,LA 
70174,New Orleans,Louisiana ,ORLEANS,22,071,LA 
70175,New Orleans,Louisiana ,ORLEANS,22,071,LA 
70177,New Orleans,Louisiana ,ORLEANS,22,071,LA 
70166,New Orleans,Louisiana ,ORLEANS,22,071,LA 
70181,New Orleans,Louisiana ,JEFFERSON,22,051,LA 
70176,New Orleans,Louisiana ,ORLEANS,22,071,LA 
70182,New Orleans,Louisiana ,ORLEANS,22,071,LA 
70178,New Orleans,Louisiana ,ORLEANS,22,071,LA 
70179,New Orleans,Louisiana ,ORLEANS,22,071,LA 
70184,New Orleans,Louisiana ,ORLEANS,22,071,LA 
70183,New Orleans,Louisiana ,JEFFERSON,22,051,LA 
70187,New Orleans,Louisiana ,ORLEANS,22,071,LA 
70189,New Orleans,Louisiana ,ORLEANS,22,071,LA 
70195,New Orleans,Louisiana ,ORLEANS,22,071,LA 
70186,New Orleans,Louisiana ,ORLEANS,22,071,LA 
70190,New Orleans,Louisiana ,ORLEANS,22,071,LA 
70185,New Orleans,Louisiana ,ORLEANS,22,071,LA 
70302,Thibodaux,Louisiana ,LAFOURCHE,22,057,LA 
70301,Thibodaux,Louisiana ,LAFOURCHE,22,057,LA 
70310,Thibodaux,Louisiana ,LAFOURCHE,22,057,LA 
70339,Pierre Part,Louisiana ,ASSUMPTION,22,007,LA 
70343,Bourg,Louisiana ,TERREBONNE,22,109,LA 
70342,Berwick,Louisiana ,SAINT MARY,22,101,LA 
70340,Amelia,Louisiana ,SAINT MARY,22,101,LA 
70341,Belle Rose,Louisiana ,ASSUMPTION,22,007,LA 
70344,Chauvin,Louisiana ,TERREBONNE,22,109,LA 
70345,Cut Off,Louisiana ,LAFOURCHE,22,057,LA 
70353,Dulac,Louisiana ,TERREBONNE,22,109,LA 
70355,Gheens,Louisiana ,LAFOURCHE,22,057,LA 
70346,Donaldsonville,Louisiana ,ASCENSION,22,005,LA 
70352,Donner,Louisiana ,TERREBONNE,22,109,LA 
70356,Gibson,Louisiana ,TERREBONNE,22,109,LA 
70354,Galliano,Louisiana ,LAFOURCHE,22,057,LA 
70357,Golden Meadow,Louisiana ,LAFOURCHE,22,057,LA 
70359,Gray,Louisiana ,TERREBONNE,22,109,LA 
70371,Kraemer,Louisiana ,LAFOURCHE,22,057,LA 
70358,Grand Isle,Louisiana ,JEFFERSON,22,051,LA 
70363,Houma,Louisiana ,TERREBONNE,22,109,LA 
70360,Houma,Louisiana ,TERREBONNE,22,109,LA 
70364,Houma,Louisiana ,TERREBONNE,22,109,LA 
70361,Houma,Louisiana ,TERREBONNE,22,109,LA 
70372,Labadieville,Louisiana ,ASSUMPTION,22,007,LA 
70373,Larose,Louisiana ,LAFOURCHE,22,057,LA 
70375,Mathews,Louisiana ,LAFOURCHE,22,057,LA 
70374,Lockport,Louisiana ,LAFOURCHE,22,057,LA 
70391,Paincourtville,Louisiana ,ASSUMPTION,22,007,LA 
70380,Morgan City,Louisiana ,SAINT MARY,22,101,LA 
70390,Napoleonville,Louisiana ,ASSUMPTION,22,007,LA 
70377,Montegut,Louisiana ,TERREBONNE,22,109,LA 
70381,Morgan City,Louisiana ,SAINT MARY,22,101,LA 
70392,Patterson,Louisiana ,SAINT MARY,22,101,LA 
70403,Hammond,Louisiana ,TANGIPAHOA,22,105,LA 
70401,Hammond,Louisiana ,TANGIPAHOA,22,105,LA 
70402,Hammond,Louisiana ,TANGIPAHOA,22,105,LA 
70395,Schriever,Louisiana ,TERREBONNE,22,109,LA 
70393,Plattenville,Louisiana ,ASSUMPTION,22,007,LA 
70397,Theriot,Louisiana ,TERREBONNE,22,109,LA 
70394,Raceland,Louisiana ,LAFOURCHE,22,057,LA 
70404,Hammond,Louisiana ,TANGIPAHOA,22,105,LA 
70431,Bush,Louisiana ,SAINT TAMMANY,22,103,LA 
70422,Amite,Louisiana ,TANGIPAHOA,22,105,LA 
70426,Angie,Louisiana ,WASHINGTON,22,117,LA 
70421,Akers,Louisiana ,TANGIPAHOA,22,105,LA 
70429,Bogalusa,Louisiana ,WASHINGTON,22,117,LA 
70420,Abita Springs,Louisiana ,SAINT TAMMANY,22,103,LA 
70427,Bogalusa,Louisiana ,WASHINGTON,22,117,LA 
70433,Covington,Louisiana ,SAINT TAMMANY,22,103,LA 
70434,Covington,Louisiana ,SAINT TAMMANY,22,103,LA 
70435,Covington,Louisiana ,SAINT TAMMANY,22,103,LA 
70437,Folsom,Louisiana ,SAINT TAMMANY,22,103,LA 
70438,Franklinton,Louisiana ,WASHINGTON,22,117,LA 
70441,Greensburg,Louisiana ,SAINT HELENA,22,091,LA 
70436,Fluker,Louisiana ,TANGIPAHOA,22,105,LA 
70442,Husser,Louisiana ,TANGIPAHOA,22,105,LA 
70443,Independence,Louisiana ,TANGIPAHOA,22,105,LA 
70444,Kentwood,Louisiana ,TANGIPAHOA,22,105,LA 
70445,Lacombe,Louisiana ,SAINT TAMMANY,22,103,LA 
70447,Madisonville,Louisiana ,SAINT TAMMANY,22,103,LA 
70451,Natalbany,Louisiana ,TANGIPAHOA,22,105,LA 
70450,Mount Hermon,Louisiana ,WASHINGTON,22,117,LA 
70448,Mandeville,Louisiana ,SAINT TAMMANY,22,103,LA 
70446,Loranger,Louisiana ,TANGIPAHOA,22,105,LA 
70449,Maurepas,Louisiana ,LIVINGSTON,22,063,LA 
70452,Pearl River,Louisiana ,SAINT TAMMANY,22,103,LA 
70453,Pine Grove,Louisiana ,SAINT HELENA,22,091,LA 
70456,Roseland,Louisiana ,TANGIPAHOA,22,105,LA 
70455,Robert,Louisiana ,TANGIPAHOA,22,105,LA 
70459,Slidell,Louisiana ,SAINT TAMMANY,22,103,LA 
70457,Saint Benedict,Louisiana ,SAINT TAMMANY,22,103,LA 
70458,Slidell,Louisiana ,SAINT TAMMANY,22,103,LA 
70460,Slidell,Louisiana ,SAINT TAMMANY,22,103,LA 
70454,Ponchatoula,Louisiana ,TANGIPAHOA,22,105,LA 
70461,Slidell,Louisiana ,SAINT TAMMANY,22,103,LA 
70462,Springfield,Louisiana ,LIVINGSTON,22,063,LA 
70465,Tangipahoa,Louisiana ,TANGIPAHOA,22,105,LA 
70463,Sun,Louisiana ,SAINT TAMMANY,22,103,LA 
70466,Tickfaw,Louisiana ,TANGIPAHOA,22,105,LA 
70464,Talisheek,Louisiana ,SAINT TAMMANY,22,103,LA 
70469,Slidell,Louisiana ,SAINT TAMMANY,22,103,LA 
70467,Varnado,Louisiana ,WASHINGTON,22,117,LA 
70470,Mandeville,Louisiana ,SAINT TAMMANY,22,103,LA 
70471,Mandeville,Louisiana ,SAINT TAMMANY,22,103,LA 
70501,Lafayette,Louisiana ,LAFAYETTE,22,055,LA 
70506,Lafayette,Louisiana ,LAFAYETTE,22,055,LA 
70505,Lafayette,Louisiana ,LAFAYETTE,22,055,LA 
70504,Lafayette,Louisiana ,LAFAYETTE,22,055,LA 
70502,Lafayette,Louisiana ,LAFAYETTE,22,055,LA 
70503,Lafayette,Louisiana ,LAFAYETTE,22,055,LA 
70507,Lafayette,Louisiana ,LAFAYETTE,22,055,LA 
70508,Lafayette,Louisiana ,LAFAYETTE,22,055,LA 
70509,Lafayette,Louisiana ,LAFAYETTE,22,055,LA 
70511,Abbeville,Louisiana ,VERMILION,22,113,LA 
70510,Abbeville,Louisiana ,VERMILION,22,113,LA 
70512,Arnaudville,Louisiana ,SAINT LANDRY,22,097,LA 
70513,Avery Island,Louisiana ,IBERIA,22,045,LA 
70515,Basile,Louisiana ,EVANGELINE,22,039,LA 
70516,Branch,Louisiana ,ACADIA,22,001,LA 
70514,Baldwin,Louisiana ,SAINT MARY,22,101,LA 
70517,Breaux Bridge,Louisiana ,SAINT MARTIN,22,099,LA 
70518,Broussard,Louisiana ,LAFAYETTE,22,055,LA 
70522,Centerville,Louisiana ,SAINT MARY,22,101,LA 
70521,Cecilia,Louisiana ,SAINT MARTIN,22,099,LA 
70519,Cade,Louisiana ,SAINT MARTIN,22,099,LA 
70520,Carencro,Louisiana ,LAFAYETTE,22,055,LA 
70524,Chataignier,Louisiana ,EVANGELINE,22,039,LA 
70523,Charenton,Louisiana ,SAINT MARY,22,101,LA 
70525,Church Point,Louisiana ,ACADIA,22,001,LA 
70527,Crowley,Louisiana ,ACADIA,22,001,LA 
70528,Delcambre,Louisiana ,VERMILION,22,113,LA 
70526,Crowley,Louisiana ,ACADIA,22,001,LA 
70531,Egan,Louisiana ,ACADIA,22,001,LA 
70533,Erath,Louisiana ,VERMILION,22,113,LA 
70529,Duson,Louisiana ,LAFAYETTE,22,055,LA 
70532,Elton,Louisiana ,JEFFERSON DAVIS,22,053,LA 
70534,Estherwood,Louisiana ,ACADIA,22,001,LA 
70544,Jeanerette,Louisiana ,IBERIA,22,045,LA 
70541,Grand Coteau,Louisiana ,SAINT LANDRY,22,097,LA 
70538,Franklin,Louisiana ,SAINT MARY,22,101,LA 
70537,Evangeline,Louisiana ,ACADIA,22,001,LA 
70535,Eunice,Louisiana ,SAINT LANDRY,22,097,LA 
70540,Garden City,Louisiana ,SAINT MARY,22,101,LA 
70543,Iota,Louisiana ,ACADIA,22,001,LA 
70542,Gueydan,Louisiana ,VERMILION,22,113,LA 
70546,Jennings,Louisiana ,JEFFERSON DAVIS,22,053,LA 
70554,Mamou,Louisiana ,EVANGELINE,22,039,LA 
70548,Kaplan,Louisiana ,VERMILION,22,113,LA 
70551,Leonville,Louisiana ,SAINT LANDRY,22,097,LA 
70549,Lake Arthur,Louisiana ,JEFFERSON DAVIS,22,053,LA 
70552,Loreauville,Louisiana ,IBERIA,22,045,LA 
70555,Maurice,Louisiana ,VERMILION,22,113,LA 
70550,Lawtell,Louisiana ,SAINT LANDRY,22,097,LA 
70562,New Iberia,Louisiana ,IBERIA,22,045,LA 
70560,New Iberia,Louisiana ,IBERIA,22,045,LA 
70556,Mermentau,Louisiana ,ACADIA,22,001,LA 
70563,New Iberia,Louisiana ,IBERIA,22,045,LA 
70558,Milton,Louisiana ,LAFAYETTE,22,055,LA 
70559,Morse,Louisiana ,ACADIA,22,001,LA 
70569,Lydia,Louisiana ,IBERIA,22,045,LA 
70570,Opelousas,Louisiana ,SAINT LANDRY,22,097,LA 
70571,Opelousas,Louisiana ,SAINT LANDRY,22,097,LA 
70576,Pine Prairie,Louisiana ,EVANGELINE,22,039,LA 
70577,Port Barre,Louisiana ,SAINT LANDRY,22,097,LA 
70575,Perry,Louisiana ,VERMILION,22,113,LA 
70581,Roanoke,Louisiana ,JEFFERSON DAVIS,22,053,LA 
70580,Reddell,Louisiana ,EVANGELINE,22,039,LA 
70578,Rayne,Louisiana ,ACADIA,22,001,LA 
70582,Saint Martinville,Louisiana ,SAINT MARTIN,22,099,LA 
70591,Welsh,Louisiana ,JEFFERSON DAVIS,22,053,LA 
70584,Sunset,Louisiana ,SAINT LANDRY,22,097,LA 
70583,Scott,Louisiana ,LAFAYETTE,22,055,LA 
70589,Washington,Louisiana ,SAINT LANDRY,22,097,LA 
70586,Ville Platte,Louisiana ,EVANGELINE,22,039,LA 
70593,Lafayette,Louisiana ,LAFAYETTE,22,055,LA 
70585,Turkey Creek,Louisiana ,EVANGELINE,22,039,LA 
70592,Youngsville,Louisiana ,LAFAYETTE,22,055,LA 
70596,Lafayette,Louisiana ,LAFAYETTE,22,055,LA 
70601,Lake Charles,Louisiana ,CALCASIEU,22,019,LA 
70598,Lafayette,Louisiana ,LAFAYETTE,22,055,LA 
70609,Lake Charles,Louisiana ,CALCASIEU,22,019,LA 
70607,Lake Charles,Louisiana ,CALCASIEU,22,019,LA 
70602,Lake Charles,Louisiana ,CALCASIEU,22,019,LA 
70606,Lake Charles,Louisiana ,CALCASIEU,22,019,LA 
70605,Lake Charles,Louisiana ,CALCASIEU,22,019,LA 
70611,Lake Charles,Louisiana ,CALCASIEU,22,019,LA 
70612,Lake Charles,Louisiana ,CALCASIEU,22,019,LA 
70615,Lake Charles,Louisiana ,CALCASIEU,22,019,LA 
70616,Lake Charles,Louisiana ,CALCASIEU,22,019,LA 
70629,Lake Charles,Louisiana ,CALCASIEU,22,019,LA 
70630,Bell City,Louisiana ,CALCASIEU,22,019,LA 
70631,Cameron,Louisiana ,CAMERON,22,023,LA 
70632,Creole,Louisiana ,CAMERON,22,023,LA 
70634,Deridder,Louisiana ,BEAUREGARD,22,011,LA 
70633,Dequincy,Louisiana ,CALCASIEU,22,019,LA 
70640,Fenton,Louisiana ,JEFFERSON DAVIS,22,053,LA 
70637,Dry Creek,Louisiana ,BEAUREGARD,22,011,LA 
70638,Elizabeth,Louisiana ,ALLEN,22,003,LA 
70639,Evans,Louisiana ,VERNON,22,115,LA 
70643,Grand Chenier,Louisiana ,CAMERON,22,023,LA 
70644,Grant,Louisiana ,ALLEN,22,003,LA 
70645,Hackberry,Louisiana ,CAMERON,22,023,LA 
70646,Hayes,Louisiana ,CALCASIEU,22,019,LA 
70647,Iowa,Louisiana ,CALCASIEU,22,019,LA 
70651,Leblanc,Louisiana ,ALLEN,22,003,LA 
70650,Lacassine,Louisiana ,JEFFERSON DAVIS,22,053,LA 
70648,Kinder,Louisiana ,ALLEN,22,003,LA 
70652,Longville,Louisiana ,BEAUREGARD,22,011,LA 
70653,Merryville,Louisiana ,BEAUREGARD,22,011,LA 
70654,Mittie,Louisiana ,ALLEN,22,003,LA 
70655,Oberlin,Louisiana ,ALLEN,22,003,LA 
70656,Pitkin,Louisiana ,VERNON,22,115,LA 
70657,Ragley,Louisiana ,BEAUREGARD,22,011,LA 
70659,Rosepine,Louisiana ,VERNON,22,115,LA 
70658,Reeves,Louisiana ,ALLEN,22,003,LA 
70660,Singer,Louisiana ,BEAUREGARD,22,011,LA 
70661,Starks,Louisiana ,CALCASIEU,22,019,LA 
70663,Sulphur,Louisiana ,CALCASIEU,22,019,LA 
70662,Sugartown,Louisiana ,BEAUREGARD,22,011,LA 
70664,Sulphur,Louisiana ,CALCASIEU,22,019,LA 
70665,Sulphur,Louisiana ,CALCASIEU,22,019,LA 
70669,Westlake,Louisiana ,CALCASIEU,22,019,LA 
70704,Baker,Louisiana ,EAST BATON ROUGE,22,033,LA 
70668,Vinton,Louisiana ,CALCASIEU,22,019,LA 
70706,Denham Springs,Louisiana ,LIVINGSTON,22,063,LA 
70707,Gonzales,Louisiana ,ASCENSION,22,005,LA 
70712,Angola,Louisiana ,WEST FELICIANA,22,125,LA 
70710,Addis,Louisiana ,WEST BATON ROUGE,22,121,LA 
70711,Albany,Louisiana ,LIVINGSTON,22,063,LA 
70715,Batchelor,Louisiana ,POINTE COUPEE,22,077,LA 
70718,Brittany,Louisiana ,ASCENSION,22,005,LA 
70714,Baker,Louisiana ,EAST BATON ROUGE,22,033,LA 
70721,Carville,Louisiana ,IBERVILLE,22,047,LA 
70723,Convent,Louisiana ,SAINT JAMES,22,093,LA 
70726,Denham Springs,Louisiana ,LIVINGSTON,22,063,LA 
70725,Darrow,Louisiana ,ASCENSION,22,005,LA 
70722,Clinton,Louisiana ,EAST FELICIANA,22,037,LA 
70727,Denham Springs,Louisiana ,LIVINGSTON,22,063,LA 
70728,Duplessis,Louisiana ,ASCENSION,22,005,LA 
70719,Brusly,Louisiana ,WEST BATON ROUGE,22,121,LA 
70729,Erwinville,Louisiana ,WEST BATON ROUGE,22,121,LA 
70730,Ethel,Louisiana ,EAST FELICIANA,22,037,LA 
70733,French Settlement,Louisiana ,LIVINGSTON,22,063,LA 
70732,Fordoche,Louisiana ,POINTE COUPEE,22,077,LA 
70734,Geismar,Louisiana ,ASCENSION,22,005,LA 
70737,Gonzales,Louisiana ,ASCENSION,22,005,LA 
70736,Glynn,Louisiana ,POINTE COUPEE,22,077,LA 
70738,Burnside,Louisiana ,ASCENSION,22,005,LA 
70739,Greenwell Springs,Louisiana ,EAST BATON ROUGE,22,033,LA 
70740,Grosse Tete,Louisiana ,IBERVILLE,22,047,LA 
70752,Lakeland,Louisiana ,POINTE COUPEE,22,077,LA 
70749,Jarreau,Louisiana ,POINTE COUPEE,22,077,LA 
70744,Holden,Louisiana ,LIVINGSTON,22,063,LA 
70753,Lettsworth,Louisiana ,POINTE COUPEE,22,077,LA 
70750,Krotz Springs,Louisiana ,SAINT LANDRY,22,097,LA 
70748,Jackson,Louisiana ,EAST FELICIANA,22,037,LA 
70743,Hester,Louisiana ,SAINT JAMES,22,093,LA 
70747,Innis,Louisiana ,POINTE COUPEE,22,077,LA 
70754,Livingston,Louisiana ,LIVINGSTON,22,063,LA 
70755,Livonia,Louisiana ,POINTE COUPEE,22,077,LA 
70761,Norwood,Louisiana ,EAST FELICIANA,22,037,LA 
70756,Lottie,Louisiana ,POINTE COUPEE,22,077,LA 
70757,Maringouin,Louisiana ,IBERVILLE,22,047,LA 
70760,New Roads,Louisiana ,POINTE COUPEE,22,077,LA 
70762,Oscar,Louisiana ,POINTE COUPEE,22,077,LA 
70759,Morganza,Louisiana ,POINTE COUPEE,22,077,LA 
70763,Paulina,Louisiana ,SAINT JAMES,22,093,LA 
70765,Plaquemine,Louisiana ,IBERVILLE,22,047,LA 
70767,Port Allen,Louisiana ,WEST BATON ROUGE,22,121,LA 
70773,Rougon,Louisiana ,POINTE COUPEE,22,077,LA 
70772,Rosedale,Louisiana ,IBERVILLE,22,047,LA 
70770,Pride,Louisiana ,EAST BATON ROUGE,22,033,LA 
70769,Prairieville,Louisiana ,ASCENSION,22,005,LA 
70774,Saint Amant,Louisiana ,ASCENSION,22,005,LA 
70764,Plaquemine,Louisiana ,IBERVILLE,22,047,LA 
70775,Saint Francisville,Louisiana ,WEST FELICIANA,22,125,LA 
70778,Sorrento,Louisiana ,ASCENSION,22,005,LA 
70780,Sunshine,Louisiana ,IBERVILLE,22,047,LA 
70783,Ventress,Louisiana ,POINTE COUPEE,22,077,LA 
70777,Slaughter,Louisiana ,EAST FELICIANA,22,037,LA 
70782,Tunica,Louisiana ,WEST FELICIANA,22,125,LA 
70784,Wakefield,Louisiana ,WEST FELICIANA,22,125,LA 
70776,Saint Gabriel,Louisiana ,IBERVILLE,22,047,LA 
70786,Watson,Louisiana ,LIVINGSTON,22,063,LA 
70789,Wilson,Louisiana ,EAST FELICIANA,22,037,LA 
70785,Walker,Louisiana ,LIVINGSTON,22,063,LA 
70788,White Castle,Louisiana ,IBERVILLE,22,047,LA 
70787,Weyanoke,Louisiana ,WEST FELICIANA,22,125,LA 
70801,Baton Rouge,Louisiana ,EAST BATON ROUGE,22,033,LA 
70792,Uncle Sam,Louisiana ,SAINT JAMES,22,093,LA 
70791,Zachary,Louisiana ,EAST BATON ROUGE,22,033,LA 
70802,Baton Rouge,Louisiana ,EAST BATON ROUGE,22,033,LA 
70803,Baton Rouge,Louisiana ,EAST BATON ROUGE,22,033,LA 
70807,Baton Rouge,Louisiana ,EAST BATON ROUGE,22,033,LA 
70808,Baton Rouge,Louisiana ,EAST BATON ROUGE,22,033,LA 
70809,Baton Rouge,Louisiana ,EAST BATON ROUGE,22,033,LA 
70804,Baton Rouge,Louisiana ,EAST BATON ROUGE,22,033,LA 
70805,Baton Rouge,Louisiana ,EAST BATON ROUGE,22,033,LA 
70806,Baton Rouge,Louisiana ,EAST BATON ROUGE,22,033,LA 
70810,Baton Rouge,Louisiana ,EAST BATON ROUGE,22,033,LA 
70811,Baton Rouge,Louisiana ,EAST BATON ROUGE,22,033,LA 
70812,Baton Rouge,Louisiana ,EAST BATON ROUGE,22,033,LA 
70816,Baton Rouge,Louisiana ,EAST BATON ROUGE,22,033,LA 
70817,Baton Rouge,Louisiana ,EAST BATON ROUGE,22,033,LA 
70815,Baton Rouge,Louisiana ,EAST BATON ROUGE,22,033,LA 
70813,Baton Rouge,Louisiana ,EAST BATON ROUGE,22,033,LA 
70814,Baton Rouge,Louisiana ,EAST BATON ROUGE,22,033,LA 
70818,Baton Rouge,Louisiana ,EAST BATON ROUGE,22,033,LA 
70819,Baton Rouge,Louisiana ,EAST BATON ROUGE,22,033,LA 
70820,Baton Rouge,Louisiana ,EAST BATON ROUGE,22,033,LA 
70825,Baton Rouge,Louisiana ,EAST BATON ROUGE,22,033,LA 
70821,Baton Rouge,Louisiana ,EAST BATON ROUGE,22,033,LA 
70822,Baton Rouge,Louisiana ,EAST BATON ROUGE,22,033,LA 
70823,Baton Rouge,Louisiana ,EAST BATON ROUGE,22,033,LA 
70826,Baton Rouge,Louisiana ,EAST BATON ROUGE,22,033,LA 
70831,Baton Rouge,Louisiana ,EAST BATON ROUGE,22,033,LA 
70827,Baton Rouge,Louisiana ,EAST BATON ROUGE,22,033,LA 
70833,Baton Rouge,Louisiana ,EAST BATON ROUGE,22,033,LA 
70835,Baton Rouge,Louisiana ,EAST BATON ROUGE,22,033,LA 
70836,Baton Rouge,Louisiana ,EAST BATON ROUGE,22,033,LA 
70837,Baton Rouge,Louisiana ,EAST BATON ROUGE,22,033,LA 
70873,Baton Rouge,Louisiana ,EAST BATON ROUGE,22,033,LA 
70874,Baton Rouge,Louisiana ,EAST BATON ROUGE,22,033,LA 
70891,Baton Rouge,Louisiana ,EAST BATON ROUGE,22,033,LA 
70879,Baton Rouge,Louisiana ,EAST BATON ROUGE,22,033,LA 
70884,Baton Rouge,Louisiana ,EAST BATON ROUGE,22,033,LA 
70892,Baton Rouge,Louisiana ,EAST BATON ROUGE,22,033,LA 
70894,Baton Rouge,Louisiana ,EAST BATON ROUGE,22,033,LA 
70895,Baton Rouge,Louisiana ,EAST BATON ROUGE,22,033,LA 
71002,Ashland,Louisiana ,NATCHITOCHES,22,069,LA 
70898,Baton Rouge,Louisiana ,EAST BATON ROUGE,22,033,LA 
71001,Arcadia,Louisiana ,BIENVILLE,22,013,LA 
70896,Baton Rouge,Louisiana ,EAST BATON ROUGE,22,033,LA 
70893,Baton Rouge,Louisiana ,EAST BATON ROUGE,22,033,LA 
71003,Athens,Louisiana ,CLAIBORNE,22,027,LA 
71006,Benton,Louisiana ,BOSSIER,22,015,LA 
71004,Belcher,Louisiana ,CADDO,22,017,LA 
71007,Bethany,Louisiana ,CADDO,22,017,LA 
71008,Bienville,Louisiana ,BIENVILLE,22,013,LA 
71016,Castor,Louisiana ,BIENVILLE,22,013,LA 
71009,Blanchard,Louisiana ,CADDO,22,017,LA 
71019,Coushatta,Louisiana ,RED RIVER,22,081,LA 
71018,Cotton Valley,Louisiana ,WEBSTER,22,119,LA 
71021,Cullen,Louisiana ,WEBSTER,22,119,LA 
71024,Dubberly,Louisiana ,WEBSTER,22,119,LA 
71027,Frierson,Louisiana ,DE SOTO,22,031,LA 
71023,Doyline,Louisiana ,WEBSTER,22,119,LA 
71029,Gilliam,Louisiana ,CADDO,22,017,LA 
71030,Gloster,Louisiana ,DE SOTO,22,031,LA 
71028,Gibsland,Louisiana ,BIENVILLE,22,013,LA 
71031,Goldonna,Louisiana ,NATCHITOCHES,22,069,LA 
71034,Hall Summit,Louisiana ,RED RIVER,22,081,LA 
71037,Haughton,Louisiana ,BOSSIER,22,015,LA 
71032,Grand Cane,Louisiana ,DE SOTO,22,031,LA 
71033,Greenwood,Louisiana ,CADDO,22,017,LA 
71038,Haynesville,Louisiana ,CLAIBORNE,22,027,LA 
71043,Hosston,Louisiana ,CADDO,22,017,LA 
71039,Heflin,Louisiana ,WEBSTER,22,119,LA 
71040,Homer,Louisiana ,CLAIBORNE,22,027,LA 
71046,Keatchie,Louisiana ,DE SOTO,22,031,LA 
71047,Keithville,Louisiana ,CADDO,22,017,LA 
71044,Ida,Louisiana ,CADDO,22,017,LA 
71045,Jamestown,Louisiana ,BIENVILLE,22,013,LA 
71048,Lisbon,Louisiana ,CLAIBORNE,22,027,LA 
71051,Elm Grove,Louisiana ,BOSSIER,22,015,LA 
71049,Logansport,Louisiana ,DE SOTO,22,031,LA 
71050,Longstreet,Louisiana ,DE SOTO,22,031,LA 
71055,Minden,Louisiana ,WEBSTER,22,119,LA 
71060,Mooringsport,Louisiana ,CADDO,22,017,LA 
71052,Mansfield,Louisiana ,DE SOTO,22,031,LA 
71061,Oil City,Louisiana ,CADDO,22,017,LA 
71058,Minden,Louisiana ,WEBSTER,22,119,LA 
71063,Pelican,Louisiana ,DE SOTO,22,031,LA 
71065,Pleasant Hill,Louisiana ,SABINE,22,085,LA 
71064,Plain Dealing,Louisiana ,BOSSIER,22,015,LA 
71066,Powhatan,Louisiana ,NATCHITOCHES,22,069,LA 
71067,Princeton,Louisiana ,BOSSIER,22,015,LA 
71068,Ringgold,Louisiana ,BIENVILLE,22,013,LA 
71069,Rodessa,Louisiana ,CADDO,22,017,LA 
71070,Saline,Louisiana ,BIENVILLE,22,013,LA 
71072,Shongaloo,Louisiana ,WEBSTER,22,119,LA 
71073,Sibley,Louisiana ,WEBSTER,22,119,LA 
71071,Sarepta,Louisiana ,WEBSTER,22,119,LA 
71078,Stonewall,Louisiana ,DE SOTO,22,031,LA 
71075,Springhill,Louisiana ,WEBSTER,22,119,LA 
71079,Summerfield,Louisiana ,CLAIBORNE,22,027,LA 
71080,Taylor,Louisiana ,BIENVILLE,22,013,LA 
71101,Shreveport,Louisiana ,CADDO,22,017,LA 
71103,Shreveport,Louisiana ,CADDO,22,017,LA 
71102,Shreveport,Louisiana ,CADDO,22,017,LA 
71082,Vivian,Louisiana ,CADDO,22,017,LA 
71105,Shreveport,Louisiana ,CADDO,22,017,LA 
71106,Shreveport,Louisiana ,CADDO,22,017,LA 
71104,Shreveport,Louisiana ,CADDO,22,017,LA 
71108,Shreveport,Louisiana ,CADDO,22,017,LA 
71110,Barksdale AFB,Louisiana ,BOSSIER,22,015,LA 
71109,Shreveport,Louisiana ,CADDO,22,017,LA 
71107,Shreveport,Louisiana ,CADDO,22,017,LA 
71111,Bossier City,Louisiana ,BOSSIER,22,015,LA 
71112,Bossier City,Louisiana ,BOSSIER,22,015,LA 
71113,Bossier City,Louisiana ,BOSSIER,22,015,LA 
71115,Shreveport,Louisiana ,CADDO,22,017,LA 
71119,Shreveport,Louisiana ,CADDO,22,017,LA 
71118,Shreveport,Louisiana ,CADDO,22,017,LA 
71133,Shreveport,Louisiana ,CADDO,22,017,LA 
71130,Shreveport,Louisiana ,CADDO,22,017,LA 
71129,Shreveport,Louisiana ,CADDO,22,017,LA 
71120,Shreveport,Louisiana ,CADDO,22,017,LA 
71135,Shreveport,Louisiana ,CADDO,22,017,LA 
71134,Shreveport,Louisiana ,CADDO,22,017,LA 
71137,Shreveport,Louisiana ,CADDO,22,017,LA 
71138,Shreveport,Louisiana ,CADDO,22,017,LA 
71149,Shreveport,Louisiana ,CADDO,22,017,LA 
71150,Shreveport,Louisiana ,CADDO,22,017,LA 
71148,Shreveport,Louisiana ,CADDO,22,017,LA 
71151,Shreveport,Louisiana ,CADDO,22,017,LA 
71152,Shreveport,Louisiana ,CADDO,22,017,LA 
71136,Shreveport,Louisiana ,CADDO,22,017,LA 
71156,Shreveport,Louisiana ,CADDO,22,017,LA 
71162,Shreveport,Louisiana ,CADDO,22,017,LA 
71153,Shreveport,Louisiana ,CADDO,22,017,LA 
71154,Shreveport,Louisiana ,CADDO,22,017,LA 
71163,Shreveport,Louisiana ,CADDO,22,017,LA 
71164,Shreveport,Louisiana ,CADDO,22,017,LA 
71165,Shreveport,Louisiana ,CADDO,22,017,LA 
71161,Shreveport,Louisiana ,CADDO,22,017,LA 
71172,Bossier City,Louisiana ,BOSSIER,22,015,LA 
71166,Shreveport,Louisiana ,CADDO,22,017,LA 
71202,Monroe,Louisiana ,OUACHITA,22,073,LA 
71203,Monroe,Louisiana ,OUACHITA,22,073,LA 
71171,Bossier City,Louisiana ,BOSSIER,22,015,LA 
71201,Monroe,Louisiana ,OUACHITA,22,073,LA 
71207,Monroe,Louisiana ,OUACHITA,22,073,LA 
71209,Monroe,Louisiana ,OUACHITA,22,073,LA 
71211,Monroe,Louisiana ,OUACHITA,22,073,LA 
71210,Monroe,Louisiana ,OUACHITA,22,073,LA 
71213,Monroe,Louisiana ,OUACHITA,22,073,LA 
71212,Monroe,Louisiana ,OUACHITA,22,073,LA 
71219,Baskin,Louisiana ,FRANKLIN,22,041,LA 
71217,Monroe,Louisiana ,OUACHITA,22,073,LA 
71218,Archibald,Louisiana ,RICHLAND,22,083,LA 
71220,Bastrop,Louisiana ,MOREHOUSE,22,067,LA 
71221,Bastrop,Louisiana ,MOREHOUSE,22,067,LA 
71222,Bernice,Louisiana ,UNION,22,111,LA 
71225,Calhoun,Louisiana ,OUACHITA,22,073,LA 
71227,Choudrant,Louisiana ,LINCOLN,22,061,LA 
71223,Bonita,Louisiana ,MOREHOUSE,22,067,LA 
71226,Chatham,Louisiana ,JACKSON,22,049,LA 
71230,Crowville,Louisiana ,FRANKLIN,22,041,LA 
71229,Collinston,Louisiana ,MOREHOUSE,22,067,LA 
71232,Delhi,Louisiana ,RICHLAND,22,083,LA 
71233,Delta,Louisiana ,MADISON,22,065,LA 
71234,Downsville,Louisiana ,UNION,22,111,LA 
71237,Epps,Louisiana ,WEST CARROLL,22,123,LA 
71240,Fairbanks,Louisiana ,OUACHITA,22,073,LA 
71238,Eros,Louisiana ,OUACHITA,22,073,LA 
71241,Farmerville,Louisiana ,UNION,22,111,LA 
71242,Forest,Louisiana ,WEST CARROLL,22,123,LA 
71243,Fort Necessity,Louisiana ,FRANKLIN,22,041,LA 
71235,Dubach,Louisiana ,LINCOLN,22,061,LA 
71247,Hodge,Louisiana ,JACKSON,22,049,LA 
71245,Grambling,Louisiana ,LINCOLN,22,061,LA 
71251,Jonesboro,Louisiana ,JACKSON,22,049,LA 
71254,Lake Providence,Louisiana ,EAST CARROLL,22,035,LA 
71250,Jones,Louisiana ,MOREHOUSE,22,067,LA 
71253,Kilbourne,Louisiana ,WEST CARROLL,22,123,LA 
71249,Jigger,Louisiana ,FRANKLIN,22,041,LA 
71256,Lillie,Louisiana ,UNION,22,111,LA 
71260,Marion,Louisiana ,UNION,22,111,LA 
71259,Mangham,Louisiana ,RICHLAND,22,083,LA 
71261,Mer Rouge,Louisiana ,MOREHOUSE,22,067,LA 
71263,Oak Grove,Louisiana ,WEST CARROLL,22,123,LA 
71268,Quitman,Louisiana ,JACKSON,22,049,LA 
71264,Oak Ridge,Louisiana ,MOREHOUSE,22,067,LA 
71270,Ruston,Louisiana ,LINCOLN,22,061,LA 
71272,Ruston,Louisiana ,LINCOLN,22,061,LA 
71269,Rayville,Louisiana ,RICHLAND,22,083,LA 
71275,Simsboro,Louisiana ,LINCOLN,22,061,LA 
71273,Ruston,Louisiana ,LINCOLN,22,061,LA 
71266,Pioneer,Louisiana ,WEST CARROLL,22,123,LA 
71276,Sondheimer,Louisiana ,EAST CARROLL,22,035,LA 
71280,Sterlington,Louisiana ,OUACHITA,22,073,LA 
71277,Spearsville,Louisiana ,UNION,22,111,LA 
71279,Start,Louisiana ,RICHLAND,22,083,LA 
71281,Swartz,Louisiana ,OUACHITA,22,073,LA 
71282,Tallulah,Louisiana ,MADISON,22,065,LA 
71284,Tallulah,Louisiana ,MADISON,22,065,LA 
71286,Transylvania,Louisiana ,EAST CARROLL,22,035,LA 
71295,Winnsboro,Louisiana ,FRANKLIN,22,041,LA 
71291,West Monroe,Louisiana ,OUACHITA,22,073,LA 
71294,West Monroe,Louisiana ,OUACHITA,22,073,LA 
71301,Alexandria,Louisiana ,RAPIDES,22,079,LA 
71292,West Monroe,Louisiana ,OUACHITA,22,073,LA 
71302,Alexandria,Louisiana ,RAPIDES,22,079,LA 
71316,Acme,Louisiana ,CONCORDIA,22,029,LA 
71303,Alexandria,Louisiana ,RAPIDES,22,079,LA 
71315,Alexandria,Louisiana ,RAPIDES,22,079,LA 
71306,Alexandria,Louisiana ,RAPIDES,22,079,LA 
71320,Bordelonville,Louisiana ,AVOYELLES,22,009,LA 
71307,Alexandria,Louisiana ,RAPIDES,22,079,LA 
71309,Alexandria,Louisiana ,RAPIDES,22,079,LA 
71322,Bunkie,Louisiana ,AVOYELLES,22,009,LA 
71324,Chase,Louisiana ,FRANKLIN,22,041,LA 
71327,Cottonport,Louisiana ,AVOYELLES,22,009,LA 
71326,Clayton,Louisiana ,CONCORDIA,22,029,LA 
71323,Center Point,Louisiana ,AVOYELLES,22,009,LA 
71325,Cheneyville,Louisiana ,RAPIDES,22,079,LA 
71328,Deville,Louisiana ,RAPIDES,22,079,LA 
71329,Dupont,Louisiana ,AVOYELLES,22,009,LA 
71330,Echo,Louisiana ,RAPIDES,22,079,LA 
71331,Effie,Louisiana ,AVOYELLES,22,009,LA 
71333,Evergreen,Louisiana ,AVOYELLES,22,009,LA 
71340,Harrisonburg,Louisiana ,CATAHOULA,22,025,LA 
71339,Hamburg,Louisiana ,AVOYELLES,22,009,LA 
71334,Ferriday,Louisiana ,CONCORDIA,22,029,LA 
71336,Gilbert,Louisiana ,FRANKLIN,22,041,LA 
71341,Hessmer,Louisiana ,AVOYELLES,22,009,LA 
71342,Jena,Louisiana ,LA SALLE,22,059,LA 
71343,Jonesville,Louisiana ,CATAHOULA,22,025,LA 
71345,Lebeau,Louisiana ,SAINT LANDRY,22,097,LA 
71348,Libuse,Louisiana ,RAPIDES,22,079,LA 
71350,Mansura,Louisiana ,AVOYELLES,22,009,LA 
71351,Marksville,Louisiana ,AVOYELLES,22,009,LA 
71346,Lecompte,Louisiana ,RAPIDES,22,079,LA 
71353,Melville,Louisiana ,SAINT LANDRY,22,097,LA 
71354,Monterey,Louisiana ,CONCORDIA,22,029,LA 
71355,Moreauville,Louisiana ,AVOYELLES,22,009,LA 
71356,Morrow,Louisiana ,SAINT LANDRY,22,097,LA 
71357,Newellton,Louisiana ,TENSAS,22,107,LA 
71358,Palmetto,Louisiana ,SAINT LANDRY,22,097,LA 
71360,Pineville,Louisiana ,RAPIDES,22,079,LA 
71359,Pineville,Louisiana ,RAPIDES,22,079,LA 
71361,Pineville,Louisiana ,RAPIDES,22,079,LA 
71362,Plaucheville,Louisiana ,AVOYELLES,22,009,LA 
71363,Rhinehart,Louisiana ,CATAHOULA,22,025,LA 
71366,Saint Joseph,Louisiana ,TENSAS,22,107,LA 
71367,Saint Landry,Louisiana ,EVANGELINE,22,039,LA 
71365,Ruby,Louisiana ,RAPIDES,22,079,LA 
71373,Vidalia,Louisiana ,CONCORDIA,22,029,LA 
71371,Trout,Louisiana ,LA SALLE,22,059,LA 
71368,Sicily Island,Louisiana ,CATAHOULA,22,025,LA 
71375,Waterproof,Louisiana ,TENSAS,22,107,LA 
71369,Simmesport,Louisiana ,AVOYELLES,22,009,LA 
71377,Wildsville,Louisiana ,CONCORDIA,22,029,LA 
71378,Wisner,Louisiana ,FRANKLIN,22,041,LA 
71401,Aimwell,Louisiana ,CATAHOULA,22,025,LA 
71407,Bentley,Louisiana ,GRANT,22,043,LA 
71403,Anacoco,Louisiana ,VERNON,22,115,LA 
71406,Belmont,Louisiana ,SABINE,22,085,LA 
71404,Atlanta,Louisiana ,WINN,22,127,LA 
71405,Ball,Louisiana ,RAPIDES,22,079,LA 
71417,Colfax,Louisiana ,GRANT,22,043,LA 
71415,Clarks,Louisiana ,CALDWELL,22,021,LA 
71416,Cloutierville,Louisiana ,NATCHITOCHES,22,069,LA 
71410,Calvin,Louisiana ,WINN,22,127,LA 
71411,Campti,Louisiana ,NATCHITOCHES,22,069,LA 
71409,Boyce,Louisiana ,RAPIDES,22,079,LA 
71418,Columbia,Louisiana ,CALDWELL,22,021,LA 
71414,Clarence,Louisiana ,NATCHITOCHES,22,069,LA 
71427,Flatwoods,Louisiana ,RAPIDES,22,079,LA 
71419,Converse,Louisiana ,SABINE,22,085,LA 
71428,Flora,Louisiana ,NATCHITOCHES,22,069,LA 
71426,Fisher,Louisiana ,SABINE,22,085,LA 
71425,Enterprise,Louisiana ,CATAHOULA,22,025,LA 
71423,Dry Prong,Louisiana ,GRANT,22,043,LA 
71424,Elmer,Louisiana ,RAPIDES,22,079,LA 
71422,Dodson,Louisiana ,WINN,22,127,LA 
71429,Florien,Louisiana ,SABINE,22,085,LA 
71430,Forest Hill,Louisiana ,RAPIDES,22,079,LA 
71431,Gardner,Louisiana ,RAPIDES,22,079,LA 
71432,Georgetown,Louisiana ,GRANT,22,043,LA 
71438,Hineston,Louisiana ,RAPIDES,22,079,LA 
71433,Glenmora,Louisiana ,RAPIDES,22,079,LA 
71435,Grayson,Louisiana ,CALDWELL,22,021,LA 
71434,Gorum,Louisiana ,NATCHITOCHES,22,069,LA 
71443,Kurthwood,Louisiana ,VERNON,22,115,LA 
71447,Lena,Louisiana ,RAPIDES,22,079,LA 
71439,Hornbeck,Louisiana ,VERNON,22,115,LA 
71448,Longleaf,Louisiana ,RAPIDES,22,079,LA 
71446,Leesville,Louisiana ,VERNON,22,115,LA 
71441,Kelly,Louisiana ,CALDWELL,22,021,LA 
71440,Joyce,Louisiana ,WINN,22,127,LA 
71449,Many,Louisiana ,SABINE,22,085,LA 
71452,Melrose,Louisiana ,NATCHITOCHES,22,069,LA 
71454,Montgomery,Louisiana ,GRANT,22,043,LA 
71450,Marthaville,Louisiana ,NATCHITOCHES,22,069,LA 
71455,Mora,Louisiana ,RAPIDES,22,079,LA 
71458,Natchitoches,Louisiana ,NATCHITOCHES,22,069,LA 
71456,Natchez,Louisiana ,NATCHITOCHES,22,069,LA 
71459,Fort Polk,Louisiana ,VERNON,22,115,LA 
71457,Natchitoches,Louisiana ,NATCHITOCHES,22,069,LA 
71460,Negreet,Louisiana ,SABINE,22,085,LA 
71465,Olla,Louisiana ,LA SALLE,22,059,LA 
71466,Otis,Louisiana ,RAPIDES,22,079,LA 
71462,Noble,Louisiana ,SABINE,22,085,LA 
71461,New Llano,Louisiana ,VERNON,22,115,LA 
71468,Provencal,Louisiana ,NATCHITOCHES,22,069,LA 
71463,Oakdale,Louisiana ,ALLEN,22,003,LA 
71467,Pollock,Louisiana ,GRANT,22,043,LA 
71469,Robeline,Louisiana ,NATCHITOCHES,22,069,LA 
71471,Saint Maurice,Louisiana ,WINN,22,127,LA 
71472,Sieper,Louisiana ,RAPIDES,22,079,LA 
71473,Sikes,Louisiana ,WINN,22,127,LA 
71474,Simpson,Louisiana ,VERNON,22,115,LA 
71477,Tioga,Louisiana ,RAPIDES,22,079,LA 
71479,Tullos,Louisiana ,LA SALLE,22,059,LA 
71480,Urania,Louisiana ,LA SALLE,22,059,LA 
71483,Winnfield,Louisiana ,WINN,22,127,LA 
71475,Slagle,Louisiana ,VERNON,22,115,LA 
71497,Natchitoches,Louisiana ,NATCHITOCHES,22,069,LA 
71486,Zwolle,Louisiana ,SABINE,22,085,LA 
71496,Leesville,Louisiana ,VERNON,22,115,LA 
71485,Woodworth,Louisiana ,RAPIDES,22,079,LA 
