20606,Abell,Maryland ,SAINT MARYS,24,037,MD 
20588,Dhs,Maryland ,HOWARD,24,027,MD 
20608,Aquasco,Maryland ,PRINCE GEORGES,24,033,MD 
20602,Waldorf,Maryland ,CHARLES,24,017,MD 
20604,Waldorf,Maryland ,CHARLES,24,017,MD 
20601,Waldorf,Maryland ,CHARLES,24,017,MD 
20603,Waldorf,Maryland ,CHARLES,24,017,MD 
20607,Accokeek,Maryland ,PRINCE GEORGES,24,033,MD 
20609,Avenue,Maryland ,SAINT MARYS,24,037,MD 
20610,Barstow,Maryland ,CALVERT,24,009,MD 
20613,Brandywine,Maryland ,PRINCE GEORGES,24,033,MD 
20611,Bel Alton,Maryland ,CHARLES,24,017,MD 
20615,Broomes Island,Maryland ,CALVERT,24,009,MD 
20612,Benedict,Maryland ,CHARLES,24,017,MD 
20616,Bryans Road,Maryland ,CHARLES,24,017,MD 
20617,Bryantown,Maryland ,CHARLES,24,017,MD 
20618,Bushwood,Maryland ,SAINT MARYS,24,037,MD 
20619,California,Maryland ,SAINT MARYS,24,037,MD 
20625,Cobb Island,Maryland ,CHARLES,24,017,MD 
20620,Callaway,Maryland ,SAINT MARYS,24,037,MD 
20624,Clements,Maryland ,SAINT MARYS,24,037,MD 
20621,Chaptico,Maryland ,SAINT MARYS,24,037,MD 
20623,Cheltenham,Maryland ,PRINCE GEORGES,24,033,MD 
20622,Charlotte Hall,Maryland ,CHARLES,24,017,MD 
20626,Coltons Point,Maryland ,SAINT MARYS,24,037,MD 
20627,Compton,Maryland ,SAINT MARYS,24,037,MD 
20629,Dowell,Maryland ,CALVERT,24,009,MD 
20634,Great Mills,Maryland ,SAINT MARYS,24,037,MD 
20632,Faulkner,Maryland ,CHARLES,24,017,MD 
20630,Drayden,Maryland ,SAINT MARYS,24,037,MD 
20628,Dameron,Maryland ,SAINT MARYS,24,037,MD 
20635,Helen,Maryland ,SAINT MARYS,24,037,MD 
20637,Hughesville,Maryland ,CHARLES,24,017,MD 
20636,Hollywood,Maryland ,SAINT MARYS,24,037,MD 
20639,Huntingtown,Maryland ,CALVERT,24,009,MD 
20643,Ironsides,Maryland ,CHARLES,24,017,MD 
20640,Indian Head,Maryland ,CHARLES,24,017,MD 
20650,Leonardtown,Maryland ,SAINT MARYS,24,037,MD 
20645,Issue,Maryland ,CHARLES,24,017,MD 
20646,La Plata,Maryland ,CHARLES,24,017,MD 
20656,Loveville,Maryland ,SAINT MARYS,24,037,MD 
20653,Lexington Park,Maryland ,SAINT MARYS,24,037,MD 
20657,Lusby,Maryland ,CALVERT,24,009,MD 
20658,Marbury,Maryland ,CHARLES,24,017,MD 
20659,Mechanicsville,Maryland ,SAINT MARYS,24,037,MD 
20660,Morganza,Maryland ,SAINT MARYS,24,037,MD 
20662,Nanjemoy,Maryland ,CHARLES,24,017,MD 
20664,Newburg,Maryland ,CHARLES,24,017,MD 
20661,Mount Victoria,Maryland ,CHARLES,24,017,MD 
20667,Park Hall,Maryland ,SAINT MARYS,24,037,MD 
20670,Patuxent River,Maryland ,SAINT MARYS,24,037,MD 
20674,Piney Point,Maryland ,SAINT MARYS,24,037,MD 
20675,Pomfret,Maryland ,CHARLES,24,017,MD 
20676,Port Republic,Maryland ,CALVERT,24,009,MD 
20678,Prince Frederick,Maryland ,CALVERT,24,009,MD 
20677,Port Tobacco,Maryland ,CHARLES,24,017,MD 
20682,Rock Point,Maryland ,CHARLES,24,017,MD 
20680,Ridge,Maryland ,SAINT MARYS,24,037,MD 
20684,Saint Inigoes,Maryland ,SAINT MARYS,24,037,MD 
20685,Saint Leonard,Maryland ,CALVERT,24,009,MD 
20686,Saint Marys City,Maryland ,SAINT MARYS,24,037,MD 
20689,Sunderland,Maryland ,CALVERT,24,009,MD 
20688,Solomons,Maryland ,CALVERT,24,009,MD 
20687,Scotland,Maryland ,SAINT MARYS,24,037,MD 
20693,Welcome,Maryland ,CHARLES,24,017,MD 
20690,Tall Timbers,Maryland ,SAINT MARYS,24,037,MD 
20692,Valley Lee,Maryland ,SAINT MARYS,24,037,MD 
20695,White Plains,Maryland ,CHARLES,24,017,MD 
20697,Southern Md Facility,Maryland ,PRINCE GEORGES,24,033,MD 
20705,Beltsville,Maryland ,PRINCE GEORGES,24,033,MD 
20706,Lanham,Maryland ,PRINCE GEORGES,24,033,MD 
20701,Annapolis Junction,Maryland ,HOWARD,24,027,MD 
20707,Laurel,Maryland ,PRINCE GEORGES,24,033,MD 
20704,Beltsville,Maryland ,PRINCE GEORGES,24,033,MD 
20708,Laurel,Maryland ,PRINCE GEORGES,24,033,MD 
20703,Lanham,Maryland ,PRINCE GEORGES,24,033,MD 
20709,Laurel,Maryland ,PRINCE GEORGES,24,033,MD 
20710,Bladensburg,Maryland ,PRINCE GEORGES,24,033,MD 
20711,Lothian,Maryland ,ANNE ARUNDEL,24,003,MD 
20714,North Beach,Maryland ,CALVERT,24,009,MD 
20717,Bowie,Maryland ,PRINCE GEORGES,24,033,MD 
20716,Bowie,Maryland ,PRINCE GEORGES,24,033,MD 
20715,Bowie,Maryland ,PRINCE GEORGES,24,033,MD 
20712,Mount Rainier,Maryland ,PRINCE GEORGES,24,033,MD 
20718,Bowie,Maryland ,PRINCE GEORGES,24,033,MD 
20719,Bowie,Maryland ,PRINCE GEORGES,24,033,MD 
20720,Bowie,Maryland ,PRINCE GEORGES,24,033,MD 
20723,Laurel,Maryland ,HOWARD,24,027,MD 
20725,Laurel,Maryland ,PRINCE GEORGES,24,033,MD 
20722,Brentwood,Maryland ,PRINCE GEORGES,24,033,MD 
20726,Laurel,Maryland ,PRINCE GEORGES,24,033,MD 
20721,Bowie,Maryland ,PRINCE GEORGES,24,033,MD 
20724,Laurel,Maryland ,ANNE ARUNDEL,24,003,MD 
20731,Capitol Heights,Maryland ,PRINCE GEORGES,24,033,MD 
20732,Chesapeake Beach,Maryland ,CALVERT,24,009,MD 
20736,Owings,Maryland ,CALVERT,24,009,MD 
20735,Clinton,Maryland ,PRINCE GEORGES,24,033,MD 
20738,Riverdale,Maryland ,PRINCE GEORGES,24,033,MD 
20733,Churchton,Maryland ,ANNE ARUNDEL,24,003,MD 
20737,Riverdale,Maryland ,PRINCE GEORGES,24,033,MD 
20740,College Park,Maryland ,PRINCE GEORGES,24,033,MD 
20741,College Park,Maryland ,PRINCE GEORGES,24,033,MD 
20742,College Park,Maryland ,PRINCE GEORGES,24,033,MD 
20748,Temple Hills,Maryland ,PRINCE GEORGES,24,033,MD 
20746,Suitland,Maryland ,PRINCE GEORGES,24,033,MD 
20745,Oxon Hill,Maryland ,PRINCE GEORGES,24,033,MD 
20747,District Heights,Maryland ,PRINCE GEORGES,24,033,MD 
20743,Capitol Heights,Maryland ,PRINCE GEORGES,24,033,MD 
20744,Fort Washington,Maryland ,PRINCE GEORGES,24,033,MD 
20749,Fort Washington,Maryland ,PRINCE GEORGES,24,033,MD 
20750,Oxon Hill,Maryland ,PRINCE GEORGES,24,033,MD 
20758,Friendship,Maryland ,ANNE ARUNDEL,24,003,MD 
20751,Deale,Maryland ,ANNE ARUNDEL,24,003,MD 
20752,Suitland,Maryland ,PRINCE GEORGES,24,033,MD 
20759,Fulton,Maryland ,HOWARD,24,027,MD 
20757,Temple Hills,Maryland ,PRINCE GEORGES,24,033,MD 
20753,District Heights,Maryland ,PRINCE GEORGES,24,033,MD 
20755,Fort George G Meade,Maryland ,ANNE ARUNDEL,24,003,MD 
20754,Dunkirk,Maryland ,CALVERT,24,009,MD 
20765,Galesville,Maryland ,ANNE ARUNDEL,24,003,MD 
20762,Andrews Air Force Base,Maryland ,PRINCE GEORGES,24,033,MD 
20763,Savage,Maryland ,HOWARD,24,027,MD 
20768,Greenbelt,Maryland ,PRINCE GEORGES,24,033,MD 
20770,Greenbelt,Maryland ,PRINCE GEORGES,24,033,MD 
20769,Glenn Dale,Maryland ,PRINCE GEORGES,24,033,MD 
20764,Shady Side,Maryland ,ANNE ARUNDEL,24,003,MD 
20771,Greenbelt,Maryland ,PRINCE GEORGES,24,033,MD 
20776,Harwood,Maryland ,ANNE ARUNDEL,24,003,MD 
20772,Upper Marlboro,Maryland ,PRINCE GEORGES,24,033,MD 
20778,West River,Maryland ,ANNE ARUNDEL,24,003,MD 
20777,Highland,Maryland ,HOWARD,24,027,MD 
20775,Upper Marlboro,Maryland ,PRINCE GEORGES,24,033,MD 
20779,Tracys Landing,Maryland ,ANNE ARUNDEL,24,003,MD 
20774,Upper Marlboro,Maryland ,PRINCE GEORGES,24,033,MD 
20773,Upper Marlboro,Maryland ,PRINCE GEORGES,24,033,MD 
20781,Hyattsville,Maryland ,PRINCE GEORGES,24,033,MD 
20782,Hyattsville,Maryland ,PRINCE GEORGES,24,033,MD 
20787,Hyattsville,Maryland ,PRINCE GEORGES,24,033,MD 
20783,Hyattsville,Maryland ,PRINCE GEORGES,24,033,MD 
20788,Hyattsville,Maryland ,PRINCE GEORGES,24,033,MD 
20790,Capitol Heights,Maryland ,PRINCE GEORGES,24,033,MD 
20785,Hyattsville,Maryland ,PRINCE GEORGES,24,033,MD 
20784,Hyattsville,Maryland ,PRINCE GEORGES,24,033,MD 
20791,Capitol Heights,Maryland ,PRINCE GEORGES,24,033,MD 
20792,Upper Marlboro,Maryland ,PRINCE GEORGES,24,033,MD 
20799,Capitol Heights,Maryland ,PRINCE GEORGES,24,033,MD 
20811,Bethesda,Maryland ,MONTGOMERY,24,031,MD 
20810,Bethesda,Maryland ,MONTGOMERY,24,031,MD 
20812,Glen Echo,Maryland ,MONTGOMERY,24,031,MD 
20797,Southern Md Facility,Maryland ,PRINCE GEORGES,24,033,MD 
20794,Jessup,Maryland ,HOWARD,24,027,MD 
20814,Bethesda,Maryland ,MONTGOMERY,24,031,MD 
20813,Bethesda,Maryland ,MONTGOMERY,24,031,MD 
20817,Bethesda,Maryland ,MONTGOMERY,24,031,MD 
20825,Chevy Chase,Maryland ,MONTGOMERY,24,031,MD 
20815,Chevy Chase,Maryland ,MONTGOMERY,24,031,MD 
20816,Bethesda,Maryland ,MONTGOMERY,24,031,MD 
20818,Cabin John,Maryland ,MONTGOMERY,24,031,MD 
20824,Bethesda,Maryland ,MONTGOMERY,24,031,MD 
20827,Bethesda,Maryland ,MONTGOMERY,24,031,MD 
20830,Olney,Maryland ,MONTGOMERY,24,031,MD 
20832,Olney,Maryland ,MONTGOMERY,24,031,MD 
20837,Poolesville,Maryland ,MONTGOMERY,24,031,MD 
20833,Brookeville,Maryland ,MONTGOMERY,24,031,MD 
20839,Beallsville,Maryland ,MONTGOMERY,24,031,MD 
20841,Boyds,Maryland ,MONTGOMERY,24,031,MD 
20838,Barnesville,Maryland ,MONTGOMERY,24,031,MD 
20842,Dickerson,Maryland ,MONTGOMERY,24,031,MD 
20847,Rockville,Maryland ,MONTGOMERY,24,031,MD 
20848,Rockville,Maryland ,MONTGOMERY,24,031,MD 
20849,Rockville,Maryland ,MONTGOMERY,24,031,MD 
20853,Rockville,Maryland ,MONTGOMERY,24,031,MD 
20854,Potomac,Maryland ,MONTGOMERY,24,031,MD 
20855,Derwood,Maryland ,MONTGOMERY,24,031,MD 
20850,Rockville,Maryland ,MONTGOMERY,24,031,MD 
20852,Rockville,Maryland ,MONTGOMERY,24,031,MD 
20857,Rockville,Maryland ,MONTGOMERY,24,031,MD 
20859,Potomac,Maryland ,MONTGOMERY,24,031,MD 
20868,Spencerville,Maryland ,MONTGOMERY,24,031,MD 
20851,Rockville,Maryland ,MONTGOMERY,24,031,MD 
20862,Brinklow,Maryland ,MONTGOMERY,24,031,MD 
20861,Ashton,Maryland ,MONTGOMERY,24,031,MD 
20866,Burtonsville,Maryland ,MONTGOMERY,24,031,MD 
20860,Sandy Spring,Maryland ,MONTGOMERY,24,031,MD 
20871,Clarksburg,Maryland ,MONTGOMERY,24,031,MD 
20872,Damascus,Maryland ,MONTGOMERY,24,031,MD 
20874,Germantown,Maryland ,MONTGOMERY,24,031,MD 
20877,Gaithersburg,Maryland ,MONTGOMERY,24,031,MD 
20879,Gaithersburg,Maryland ,MONTGOMERY,24,031,MD 
20878,Gaithersburg,Maryland ,MONTGOMERY,24,031,MD 
20876,Germantown,Maryland ,MONTGOMERY,24,031,MD 
20875,Germantown,Maryland ,MONTGOMERY,24,031,MD 
20880,Washington Grove,Maryland ,MONTGOMERY,24,031,MD 
20882,Gaithersburg,Maryland ,MONTGOMERY,24,031,MD 
20883,Gaithersburg,Maryland ,MONTGOMERY,24,031,MD 
20884,Gaithersburg,Maryland ,MONTGOMERY,24,031,MD 
20885,Gaithersburg,Maryland ,MONTGOMERY,24,031,MD 
20886,Montgomery Village,Maryland ,MONTGOMERY,24,031,MD 
20889,Bethesda,Maryland ,MONTGOMERY,24,031,MD 
20892,Bethesda,Maryland ,MONTGOMERY,24,031,MD 
20891,Kensington,Maryland ,MONTGOMERY,24,031,MD 
20894,Bethesda,Maryland ,MONTGOMERY,24,031,MD 
20895,Kensington,Maryland ,MONTGOMERY,24,031,MD 
20896,Garrett Park,Maryland ,MONTGOMERY,24,031,MD 
20901,Silver Spring,Maryland ,MONTGOMERY,24,031,MD 
20898,Gaithersburg,Maryland ,MONTGOMERY,24,031,MD 
20899,Gaithersburg,Maryland ,MONTGOMERY,24,031,MD 
20897,Suburb Maryland Fac,Maryland ,MONTGOMERY,24,031,MD 
20903,Silver Spring,Maryland ,MONTGOMERY,24,031,MD 
20904,Silver Spring,Maryland ,MONTGOMERY,24,031,MD 
20902,Silver Spring,Maryland ,MONTGOMERY,24,031,MD 
20905,Silver Spring,Maryland ,MONTGOMERY,24,031,MD 
20907,Silver Spring,Maryland ,MONTGOMERY,24,031,MD 
20906,Silver Spring,Maryland ,MONTGOMERY,24,031,MD 
20911,Silver Spring,Maryland ,MONTGOMERY,24,031,MD 
20910,Silver Spring,Maryland ,MONTGOMERY,24,031,MD 
20912,Takoma Park,Maryland ,MONTGOMERY,24,031,MD 
20908,Silver Spring,Maryland ,MONTGOMERY,24,031,MD 
20913,Takoma Park,Maryland ,MONTGOMERY,24,031,MD 
20914,Silver Spring,Maryland ,MONTGOMERY,24,031,MD 
20916,Silver Spring,Maryland ,MONTGOMERY,24,031,MD 
20915,Silver Spring,Maryland ,MONTGOMERY,24,031,MD 
20918,Silver Spring,Maryland ,MONTGOMERY,24,031,MD 
20993,Silver Spring,Maryland ,MONTGOMERY,24,031,MD 
20997,Silver Spring,Maryland ,MONTGOMERY,24,031,MD 
21005,Aberdeen Proving Ground,Maryland ,HARFORD,24,025,MD 
21009,Abingdon,Maryland ,HARFORD,24,025,MD 
21001,Aberdeen,Maryland ,HARFORD,24,025,MD 
21010,Gunpowder,Maryland ,HARFORD,24,025,MD 
21012,Arnold,Maryland ,ANNE ARUNDEL,24,003,MD 
21013,Baldwin,Maryland ,BALTIMORE,24,005,MD 
21017,Belcamp,Maryland ,HARFORD,24,025,MD 
21020,Boring,Maryland ,BALTIMORE,24,005,MD 
21014,Bel Air,Maryland ,HARFORD,24,025,MD 
21018,Benson,Maryland ,HARFORD,24,025,MD 
21022,Brooklandville,Maryland ,BALTIMORE,24,005,MD 
21015,Bel Air,Maryland ,HARFORD,24,025,MD 
21023,Butler,Maryland ,BALTIMORE,24,005,MD 
21027,Chase,Maryland ,BALTIMORE,24,005,MD 
21028,Churchville,Maryland ,HARFORD,24,025,MD 
21029,Clarksville,Maryland ,HOWARD,24,027,MD 
21032,Crownsville,Maryland ,ANNE ARUNDEL,24,003,MD 
21031,Hunt Valley,Maryland ,BALTIMORE,24,005,MD 
21030,Cockeysville,Maryland ,BALTIMORE,24,005,MD 
21034,Darlington,Maryland ,HARFORD,24,025,MD 
21036,Dayton,Maryland ,HOWARD,24,027,MD 
21035,Davidsonville,Maryland ,ANNE ARUNDEL,24,003,MD 
21037,Edgewater,Maryland ,ANNE ARUNDEL,24,003,MD 
21040,Edgewood,Maryland ,HARFORD,24,025,MD 
21043,Ellicott City,Maryland ,HOWARD,24,027,MD 
21041,Ellicott City,Maryland ,HOWARD,24,027,MD 
21044,Columbia,Maryland ,HOWARD,24,027,MD 
21042,Ellicott City,Maryland ,HOWARD,24,027,MD 
21045,Columbia,Maryland ,HOWARD,24,027,MD 
21046,Columbia,Maryland ,HOWARD,24,027,MD 
21048,Finksburg,Maryland ,CARROLL,24,013,MD 
21047,Fallston,Maryland ,HARFORD,24,025,MD 
21051,Fork,Maryland ,BALTIMORE,24,005,MD 
21052,Fort Howard,Maryland ,BALTIMORE,24,005,MD 
21050,Forest Hill,Maryland ,HARFORD,24,025,MD 
21053,Freeland,Maryland ,BALTIMORE,24,005,MD 
21056,Gibson Island,Maryland ,ANNE ARUNDEL,24,003,MD 
21054,Gambrills,Maryland ,ANNE ARUNDEL,24,003,MD 
21057,Glen Arm,Maryland ,BALTIMORE,24,005,MD 
21060,Glen Burnie,Maryland ,ANNE ARUNDEL,24,003,MD 
21061,Glen Burnie,Maryland ,ANNE ARUNDEL,24,003,MD 
21074,Hampstead,Maryland ,CARROLL,24,013,MD 
21065,Hunt Valley,Maryland ,BALTIMORE,24,005,MD 
21062,Glen Burnie,Maryland ,ANNE ARUNDEL,24,003,MD 
21071,Glyndon,Maryland ,BALTIMORE,24,005,MD 
21075,Elkridge,Maryland ,HOWARD,24,027,MD 
21076,Hanover,Maryland ,ANNE ARUNDEL,24,003,MD 
21077,Harmans,Maryland ,ANNE ARUNDEL,24,003,MD 
21078,Havre De Grace,Maryland ,HARFORD,24,025,MD 
21084,Jarrettsville,Maryland ,HARFORD,24,025,MD 
21082,Hydes,Maryland ,BALTIMORE,24,005,MD 
21087,Kingsville,Maryland ,BALTIMORE,24,005,MD 
21085,Joppa,Maryland ,HARFORD,24,025,MD 
21088,Lineboro,Maryland ,CARROLL,24,013,MD 
21090,Linthicum Heights,Maryland ,ANNE ARUNDEL,24,003,MD 
21093,Lutherville Timonium,Maryland ,BALTIMORE,24,005,MD 
21092,Long Green,Maryland ,BALTIMORE,24,005,MD 
21105,Maryland Line,Maryland ,BALTIMORE,24,005,MD 
21094,Lutherville Timonium,Maryland ,BALTIMORE,24,005,MD 
21102,Manchester,Maryland ,CARROLL,24,013,MD 
21104,Marriottsville,Maryland ,CARROLL,24,013,MD 
21106,Mayo,Maryland ,ANNE ARUNDEL,24,003,MD 
21108,Millersville,Maryland ,ANNE ARUNDEL,24,003,MD 
21111,Monkton,Maryland ,BALTIMORE,24,005,MD 
21120,Parkton,Maryland ,BALTIMORE,24,005,MD 
21113,Odenton,Maryland ,ANNE ARUNDEL,24,003,MD 
21117,Owings Mills,Maryland ,BALTIMORE,24,005,MD 
21114,Crofton,Maryland ,ANNE ARUNDEL,24,003,MD 
21122,Pasadena,Maryland ,ANNE ARUNDEL,24,003,MD 
21123,Pasadena,Maryland ,ANNE ARUNDEL,24,003,MD 
21128,Perry Hall,Maryland ,BALTIMORE,24,005,MD 
21130,Perryman,Maryland ,HARFORD,24,025,MD 
21131,Phoenix,Maryland ,BALTIMORE,24,005,MD 
21136,Reisterstown,Maryland ,BALTIMORE,24,005,MD 
21133,Randallstown,Maryland ,BALTIMORE,24,005,MD 
21132,Pylesville,Maryland ,HARFORD,24,025,MD 
21144,Severn,Maryland ,ANNE ARUNDEL,24,003,MD 
21140,Riva,Maryland ,ANNE ARUNDEL,24,003,MD 
21139,Riderwood,Maryland ,BALTIMORE,24,005,MD 
21146,Severna Park,Maryland ,ANNE ARUNDEL,24,003,MD 
21150,Simpsonville,Maryland ,HOWARD,24,027,MD 
21153,Stevenson,Maryland ,BALTIMORE,24,005,MD 
21154,Street,Maryland ,HARFORD,24,025,MD 
21152,Sparks Glencoe,Maryland ,BALTIMORE,24,005,MD 
21155,Upperco,Maryland ,BALTIMORE,24,005,MD 
21156,Upper Falls,Maryland ,BALTIMORE,24,005,MD 
21157,Westminster,Maryland ,CARROLL,24,013,MD 
21158,Westminster,Maryland ,CARROLL,24,013,MD 
21160,Whiteford,Maryland ,HARFORD,24,025,MD 
21162,White Marsh,Maryland ,BALTIMORE,24,005,MD 
21161,White Hall,Maryland ,HARFORD,24,025,MD 
21202,Baltimore,Maryland ,BALTIMORE CITY,24,510,MD 
21203,Baltimore,Maryland ,BALTIMORE CITY,24,510,MD 
21204,Towson,Maryland ,BALTIMORE,24,005,MD 
21201,Baltimore,Maryland ,BALTIMORE CITY,24,510,MD 
21163,Woodstock,Maryland ,HOWARD,24,027,MD 
21205,Baltimore,Maryland ,BALTIMORE CITY,24,510,MD 
21210,Baltimore,Maryland ,BALTIMORE CITY,24,510,MD 
21207,Gwynn Oak,Maryland ,BALTIMORE,24,005,MD 
21208,Pikesville,Maryland ,BALTIMORE,24,005,MD 
21209,Baltimore,Maryland ,BALTIMORE CITY,24,510,MD 
21206,Baltimore,Maryland ,BALTIMORE CITY,24,510,MD 
21212,Baltimore,Maryland ,BALTIMORE CITY,24,510,MD 
21213,Baltimore,Maryland ,BALTIMORE CITY,24,510,MD 
21220,Middle River,Maryland ,BALTIMORE,24,005,MD 
21217,Baltimore,Maryland ,BALTIMORE CITY,24,510,MD 
21216,Baltimore,Maryland ,BALTIMORE CITY,24,510,MD 
21215,Baltimore,Maryland ,BALTIMORE CITY,24,510,MD 
21219,Sparrows Point,Maryland ,BALTIMORE,24,005,MD 
21214,Baltimore,Maryland ,BALTIMORE CITY,24,510,MD 
21218,Baltimore,Maryland ,BALTIMORE CITY,24,510,MD 
21211,Baltimore,Maryland ,BALTIMORE CITY,24,510,MD 
21224,Baltimore,Maryland ,BALTIMORE CITY,24,510,MD 
21222,Dundalk,Maryland ,BALTIMORE,24,005,MD 
21221,Essex,Maryland ,BALTIMORE,24,005,MD 
21223,Baltimore,Maryland ,BALTIMORE CITY,24,510,MD 
21227,Halethorpe,Maryland ,BALTIMORE,24,005,MD 
21225,Brooklyn,Maryland ,BALTIMORE CITY,24,510,MD 
21228,Catonsville,Maryland ,BALTIMORE,24,005,MD 
21226,Curtis Bay,Maryland ,ANNE ARUNDEL,24,003,MD 
21229,Baltimore,Maryland ,BALTIMORE CITY,24,510,MD 
21230,Baltimore,Maryland ,BALTIMORE CITY,24,510,MD 
21235,Baltimore,Maryland ,BALTIMORE CITY,24,510,MD 
21233,Baltimore,Maryland ,BALTIMORE CITY,24,510,MD 
21231,Baltimore,Maryland ,BALTIMORE CITY,24,510,MD 
21236,Nottingham,Maryland ,BALTIMORE,24,005,MD 
21237,Rosedale,Maryland ,BALTIMORE,24,005,MD 
21234,Parkville,Maryland ,BALTIMORE,24,005,MD 
21239,Baltimore,Maryland ,BALTIMORE CITY,24,510,MD 
21252,Towson,Maryland ,BALTIMORE,24,005,MD 
21241,Baltimore,Maryland ,BALTIMORE CITY,24,510,MD 
21240,Baltimore,Maryland ,ANNE ARUNDEL,24,003,MD 
21251,Baltimore,Maryland ,BALTIMORE CITY,24,510,MD 
21263,Baltimore,Maryland ,BALTIMORE CITY,24,510,MD 
21250,Baltimore,Maryland ,BALTIMORE,24,005,MD 
21244,Windsor Mill,Maryland ,BALTIMORE,24,005,MD 
21264,Baltimore,Maryland ,BALTIMORE CITY,24,510,MD 
21273,Baltimore,Maryland ,BALTIMORE CITY,24,510,MD 
21281,Baltimore,Maryland ,BALTIMORE CITY,24,510,MD 
21270,Baltimore,Maryland ,BALTIMORE CITY,24,510,MD 
21278,Baltimore,Maryland ,BALTIMORE CITY,24,510,MD 
21282,Pikesville,Maryland ,BALTIMORE,24,005,MD 
21279,Baltimore,Maryland ,BALTIMORE CITY,24,510,MD 
21275,Baltimore,Maryland ,BALTIMORE CITY,24,510,MD 
21284,Towson,Maryland ,BALTIMORE,24,005,MD 
21285,Towson,Maryland ,BALTIMORE,24,005,MD 
21286,Towson,Maryland ,BALTIMORE,24,005,MD 
21289,Baltimore,Maryland ,BALTIMORE CITY,24,510,MD 
21297,Baltimore,Maryland ,BALTIMORE CITY,24,510,MD 
21298,Baltimore,Maryland ,BALTIMORE CITY,24,510,MD 
21287,Baltimore,Maryland ,BALTIMORE CITY,24,510,MD 
21290,Baltimore,Maryland ,BALTIMORE CITY,24,510,MD 
21401,Annapolis,Maryland ,ANNE ARUNDEL,24,003,MD 
21403,Annapolis,Maryland ,ANNE ARUNDEL,24,003,MD 
21402,Annapolis,Maryland ,ANNE ARUNDEL,24,003,MD 
21405,Annapolis,Maryland ,ANNE ARUNDEL,24,003,MD 
21501,Cumberland,Maryland ,ALLEGANY,24,001,MD 
21409,Annapolis,Maryland ,ANNE ARUNDEL,24,003,MD 
21411,Annapolis,Maryland ,ANNE ARUNDEL,24,003,MD 
21412,Annapolis,Maryland ,ANNE ARUNDEL,24,003,MD 
21502,Cumberland,Maryland ,ALLEGANY,24,001,MD 
21404,Annapolis,Maryland ,ANNE ARUNDEL,24,003,MD 
21503,Cumberland,Maryland ,ALLEGANY,24,001,MD 
21504,Cumberland,Maryland ,ALLEGANY,24,001,MD 
21522,Bittinger,Maryland ,GARRETT,24,023,MD 
21528,Eckhart Mines,Maryland ,ALLEGANY,24,001,MD 
21524,Corriganville,Maryland ,ALLEGANY,24,001,MD 
21523,Bloomington,Maryland ,GARRETT,24,023,MD 
21520,Accident,Maryland ,GARRETT,24,023,MD 
21505,Cumberland,Maryland ,ALLEGANY,24,001,MD 
21521,Barton,Maryland ,ALLEGANY,24,001,MD 
21531,Friendsville,Maryland ,GARRETT,24,023,MD 
21530,Flintstone,Maryland ,ALLEGANY,24,001,MD 
21539,Lonaconing,Maryland ,ALLEGANY,24,001,MD 
21532,Frostburg,Maryland ,ALLEGANY,24,001,MD 
21536,Grantsville,Maryland ,GARRETT,24,023,MD 
21540,Luke,Maryland ,ALLEGANY,24,001,MD 
21538,Kitzmiller,Maryland ,GARRETT,24,023,MD 
21529,Ellerslie,Maryland ,ALLEGANY,24,001,MD 
21541,Mc Henry,Maryland ,GARRETT,24,023,MD 
21545,Mount Savage,Maryland ,ALLEGANY,24,001,MD 
21557,Rawlings,Maryland ,ALLEGANY,24,001,MD 
21542,Midland,Maryland ,ALLEGANY,24,001,MD 
21543,Midlothian,Maryland ,ALLEGANY,24,001,MD 
21550,Oakland,Maryland ,GARRETT,24,023,MD 
21555,Oldtown,Maryland ,ALLEGANY,24,001,MD 
21556,Pinto,Maryland ,ALLEGANY,24,001,MD 
21560,Spring Gap,Maryland ,ALLEGANY,24,001,MD 
21607,Barclay,Maryland ,QUEEN ANNES,24,035,MD 
21601,Easton,Maryland ,TALBOT,24,041,MD 
21562,Westernport,Maryland ,ALLEGANY,24,001,MD 
21609,Bethlehem,Maryland ,CAROLINE,24,011,MD 
21561,Swanton,Maryland ,GARRETT,24,023,MD 
21612,Bozman,Maryland ,TALBOT,24,041,MD 
21610,Betterton,Maryland ,KENT,24,029,MD 
21617,Centreville,Maryland ,QUEEN ANNES,24,035,MD 
21613,Cambridge,Maryland ,DORCHESTER,24,019,MD 
21622,Church Creek,Maryland ,DORCHESTER,24,019,MD 
21619,Chester,Maryland ,QUEEN ANNES,24,035,MD 
21625,Cordova,Maryland ,TALBOT,24,041,MD 
21620,Chestertown,Maryland ,KENT,24,029,MD 
21623,Church Hill,Maryland ,QUEEN ANNES,24,035,MD 
21624,Claiborne,Maryland ,TALBOT,24,041,MD 
21627,Crocheron,Maryland ,DORCHESTER,24,019,MD 
21632,Federalsburg,Maryland ,CAROLINE,24,011,MD 
21626,Crapo,Maryland ,DORCHESTER,24,019,MD 
21629,Denton,Maryland ,CAROLINE,24,011,MD 
21635,Galena,Maryland ,KENT,24,029,MD 
21634,Fishing Creek,Maryland ,DORCHESTER,24,019,MD 
21631,East New Market,Maryland ,DORCHESTER,24,019,MD 
21628,Crumpton,Maryland ,QUEEN ANNES,24,035,MD 
21639,Greensboro,Maryland ,CAROLINE,24,011,MD 
21645,Kennedyville,Maryland ,KENT,24,029,MD 
21641,Hillsboro,Maryland ,CAROLINE,24,011,MD 
21636,Goldsboro,Maryland ,CAROLINE,24,011,MD 
21644,Ingleside,Maryland ,QUEEN ANNES,24,035,MD 
21638,Grasonville,Maryland ,QUEEN ANNES,24,035,MD 
21643,Hurlock,Maryland ,DORCHESTER,24,019,MD 
21640,Henderson,Maryland ,CAROLINE,24,011,MD 
21647,Mcdaniel,Maryland ,TALBOT,24,041,MD 
21650,Massey,Maryland ,KENT,24,029,MD 
21654,Oxford,Maryland ,TALBOT,24,041,MD 
21651,Millington,Maryland ,KENT,24,029,MD 
21653,Newcomb,Maryland ,TALBOT,24,041,MD 
21648,Madison,Maryland ,DORCHESTER,24,019,MD 
21649,Marydel,Maryland ,CAROLINE,24,011,MD 
21652,Neavitt,Maryland ,TALBOT,24,041,MD 
21655,Preston,Maryland ,CAROLINE,24,011,MD 
21656,Price,Maryland ,QUEEN ANNES,24,035,MD 
21659,Rhodesdale,Maryland ,DORCHESTER,24,019,MD 
21657,Queen Anne,Maryland ,QUEEN ANNES,24,035,MD 
21658,Queenstown,Maryland ,QUEEN ANNES,24,035,MD 
21662,Royal Oak,Maryland ,TALBOT,24,041,MD 
21661,Rock Hall,Maryland ,KENT,24,029,MD 
21660,Ridgely,Maryland ,CAROLINE,24,011,MD 
21663,Saint Michaels,Maryland ,TALBOT,24,041,MD 
21664,Secretary,Maryland ,DORCHESTER,24,019,MD 
21670,Templeville,Maryland ,CAROLINE,24,011,MD 
21667,Still Pond,Maryland ,KENT,24,029,MD 
21671,Tilghman,Maryland ,TALBOT,24,041,MD 
21666,Stevensville,Maryland ,QUEEN ANNES,24,035,MD 
21665,Sherwood,Maryland ,TALBOT,24,041,MD 
21669,Taylors Island,Maryland ,DORCHESTER,24,019,MD 
21668,Sudlersville,Maryland ,QUEEN ANNES,24,035,MD 
21672,Toddville,Maryland ,DORCHESTER,24,019,MD 
21676,Wittman,Maryland ,TALBOT,24,041,MD 
21677,Woolford,Maryland ,DORCHESTER,24,019,MD 
21690,Chestertown,Maryland ,QUEEN ANNES,24,035,MD 
21673,Trappe,Maryland ,TALBOT,24,041,MD 
21679,Wye Mills,Maryland ,TALBOT,24,041,MD 
21678,Worton,Maryland ,KENT,24,029,MD 
21675,Wingate,Maryland ,DORCHESTER,24,019,MD 
21701,Frederick,Maryland ,FREDERICK,24,021,MD 
21702,Frederick,Maryland ,FREDERICK,24,021,MD 
21710,Adamstown,Maryland ,FREDERICK,24,021,MD 
21705,Frederick,Maryland ,FREDERICK,24,021,MD 
21713,Boonsboro,Maryland ,WASHINGTON,24,043,MD 
21704,Frederick,Maryland ,FREDERICK,24,021,MD 
21711,Big Pool,Maryland ,WASHINGTON,24,043,MD 
21709,Frederick,Maryland ,FREDERICK,24,021,MD 
21703,Frederick,Maryland ,FREDERICK,24,021,MD 
21715,Brownsville,Maryland ,WASHINGTON,24,043,MD 
21718,Burkittsville,Maryland ,FREDERICK,24,021,MD 
21714,Braddock Heights,Maryland ,FREDERICK,24,021,MD 
21720,Cavetown,Maryland ,WASHINGTON,24,043,MD 
21717,Buckeystown,Maryland ,FREDERICK,24,021,MD 
21716,Brunswick,Maryland ,FREDERICK,24,021,MD 
21719,Cascade,Maryland ,WASHINGTON,24,043,MD 
21721,Chewsville,Maryland ,WASHINGTON,24,043,MD 
21723,Cooksville,Maryland ,HOWARD,24,027,MD 
21737,Glenelg,Maryland ,HOWARD,24,027,MD 
21734,Funkstown,Maryland ,WASHINGTON,24,043,MD 
21727,Emmitsburg,Maryland ,FREDERICK,24,021,MD 
21722,Clear Spring,Maryland ,WASHINGTON,24,043,MD 
21740,Hagerstown,Maryland ,WASHINGTON,24,043,MD 
21738,Glenwood,Maryland ,HOWARD,24,027,MD 
21733,Fairplay,Maryland ,WASHINGTON,24,043,MD 
21741,Hagerstown,Maryland ,WASHINGTON,24,043,MD 
21750,Hancock,Maryland ,WASHINGTON,24,043,MD 
21754,Ijamsville,Maryland ,FREDERICK,24,021,MD 
21755,Jefferson,Maryland ,FREDERICK,24,021,MD 
21749,Hagerstown,Maryland ,WASHINGTON,24,043,MD 
21742,Hagerstown,Maryland ,WASHINGTON,24,043,MD 
21746,Hagerstown,Maryland ,WASHINGTON,24,043,MD 
21756,Keedysville,Maryland ,WASHINGTON,24,043,MD 
21747,Hagerstown,Maryland ,WASHINGTON,24,043,MD 
21757,Keymar,Maryland ,CARROLL,24,013,MD 
21765,Lisbon,Maryland ,HOWARD,24,027,MD 
21766,Little Orleans,Maryland ,ALLEGANY,24,001,MD 
21759,Ladiesburg,Maryland ,FREDERICK,24,021,MD 
21758,Knoxville,Maryland ,FREDERICK,24,021,MD 
21762,Libertytown,Maryland ,FREDERICK,24,021,MD 
21767,Maugansville,Maryland ,WASHINGTON,24,043,MD 
21769,Middletown,Maryland ,FREDERICK,24,021,MD 
21770,Monrovia,Maryland ,FREDERICK,24,021,MD 
21774,New Market,Maryland ,FREDERICK,24,021,MD 
21776,New Windsor,Maryland ,CARROLL,24,013,MD 
21775,New Midway,Maryland ,FREDERICK,24,021,MD 
21777,Point Of Rocks,Maryland ,FREDERICK,24,021,MD 
21771,Mount Airy,Maryland ,FREDERICK,24,021,MD 
21773,Myersville,Maryland ,FREDERICK,24,021,MD 
21778,Rocky Ridge,Maryland ,FREDERICK,24,021,MD 
21779,Rohrersville,Maryland ,WASHINGTON,24,043,MD 
21782,Sharpsburg,Maryland ,WASHINGTON,24,043,MD 
21781,Saint James,Maryland ,WASHINGTON,24,043,MD 
21780,Sabillasville,Maryland ,FREDERICK,24,021,MD 
21787,Taneytown,Maryland ,CARROLL,24,013,MD 
21784,Sykesville,Maryland ,CARROLL,24,013,MD 
21788,Thurmont,Maryland ,FREDERICK,24,021,MD 
21783,Smithsburg,Maryland ,WASHINGTON,24,043,MD 
21790,Tuscarora,Maryland ,FREDERICK,24,021,MD 
21791,Union Bridge,Maryland ,CARROLL,24,013,MD 
21794,West Friendship,Maryland ,HOWARD,24,027,MD 
21792,Unionville,Maryland ,FREDERICK,24,021,MD 
21798,Woodsboro,Maryland ,FREDERICK,24,021,MD 
21795,Williamsport,Maryland ,WASHINGTON,24,043,MD 
21797,Woodbine,Maryland ,HOWARD,24,027,MD 
21793,Walkersville,Maryland ,FREDERICK,24,021,MD 
21801,Salisbury,Maryland ,WICOMICO,24,045,MD 
21814,Bivalve,Maryland ,WICOMICO,24,045,MD 
21802,Salisbury,Maryland ,WICOMICO,24,045,MD 
21813,Bishopville,Maryland ,WORCESTER,24,047,MD 
21803,Salisbury,Maryland ,WICOMICO,24,045,MD 
21804,Salisbury,Maryland ,WICOMICO,24,045,MD 
21810,Allen,Maryland ,WICOMICO,24,045,MD 
21811,Berlin,Maryland ,WORCESTER,24,047,MD 
21817,Crisfield,Maryland ,SOMERSET,24,039,MD 
21822,Eden,Maryland ,WORCESTER,24,047,MD 
21824,Ewell,Maryland ,SOMERSET,24,039,MD 
21830,Hebron,Maryland ,WICOMICO,24,045,MD 
21826,Fruitland,Maryland ,WICOMICO,24,045,MD 
21829,Girdletree,Maryland ,WORCESTER,24,047,MD 
21836,Manokin,Maryland ,SOMERSET,24,039,MD 
21835,Linkwood,Maryland ,DORCHESTER,24,019,MD 
21821,Deal Island,Maryland ,SOMERSET,24,039,MD 
21837,Mardela Springs,Maryland ,WICOMICO,24,045,MD 
21840,Nanticoke,Maryland ,WICOMICO,24,045,MD 
21838,Marion Station,Maryland ,SOMERSET,24,039,MD 
21849,Parsonsburg,Maryland ,WICOMICO,24,045,MD 
21841,Newark,Maryland ,WORCESTER,24,047,MD 
21842,Ocean City,Maryland ,WORCESTER,24,047,MD 
21843,Ocean City,Maryland ,WORCESTER,24,047,MD 
21851,Pocomoke City,Maryland ,WORCESTER,24,047,MD 
21850,Pittsville,Maryland ,WICOMICO,24,045,MD 
21852,Powellville,Maryland ,WICOMICO,24,045,MD 
21861,Sharptown,Maryland ,WICOMICO,24,045,MD 
21857,Rehobeth,Maryland ,SOMERSET,24,039,MD 
21856,Quantico,Maryland ,WICOMICO,24,045,MD 
21853,Princess Anne,Maryland ,SOMERSET,24,039,MD 
21862,Showell,Maryland ,WORCESTER,24,047,MD 
21864,Stockton,Maryland ,WORCESTER,24,047,MD 
21863,Snow Hill,Maryland ,WORCESTER,24,047,MD 
21865,Tyaskin,Maryland ,WICOMICO,24,045,MD 
21867,Upper Fairmount,Maryland ,SOMERSET,24,039,MD 
21866,Tylerton,Maryland ,SOMERSET,24,039,MD 
21869,Vienna,Maryland ,DORCHESTER,24,019,MD 
21871,Westover,Maryland ,SOMERSET,24,039,MD 
21872,Whaleyville,Maryland ,WORCESTER,24,047,MD 
21874,Willards,Maryland ,WICOMICO,24,045,MD 
21875,Delmar,Maryland ,WICOMICO,24,045,MD 
21901,North East,Maryland ,CECIL,24,015,MD 
21890,Westover,Maryland ,SOMERSET,24,039,MD 
21902,Perry Point,Maryland ,CECIL,24,015,MD 
21912,Warwick,Maryland ,CECIL,24,015,MD 
21911,Rising Sun,Maryland ,CECIL,24,015,MD 
21913,Cecilton,Maryland ,CECIL,24,015,MD 
21903,Perryville,Maryland ,CECIL,24,015,MD 
21904,Port Deposit,Maryland ,CECIL,24,015,MD 
21914,Charlestown,Maryland ,CECIL,24,015,MD 
21915,Chesapeake City,Maryland ,CECIL,24,015,MD 
21916,Childs,Maryland ,CECIL,24,015,MD 
21920,Elk Mills,Maryland ,CECIL,24,015,MD 
21917,Colora,Maryland ,CECIL,24,015,MD 
21918,Conowingo,Maryland ,CECIL,24,015,MD 
21919,Earleville,Maryland ,CECIL,24,015,MD 
21921,Elkton,Maryland ,CECIL,24,015,MD 
21930,Georgetown,Maryland ,CECIL,24,015,MD 
21922,Elkton,Maryland ,CECIL,24,015,MD 
