48004,Anchorville,Michigan ,SAINT CLAIR,26,147,MI 
48006,Avoca,Michigan ,SAINT CLAIR,26,147,MI 
48003,Almont,Michigan ,LAPEER,26,087,MI 
48002,Allenton,Michigan ,SAINT CLAIR,26,147,MI 
48009,Birmingham,Michigan ,OAKLAND,26,125,MI 
48007,Troy,Michigan ,OAKLAND,26,125,MI 
48001,Algonac,Michigan ,SAINT CLAIR,26,147,MI 
48005,Armada,Michigan ,MACOMB,26,099,MI 
48014,Capac,Michigan ,SAINT CLAIR,26,147,MI 
48012,Birmingham,Michigan ,OAKLAND,26,125,MI 
48021,Eastpointe,Michigan ,MACOMB,26,099,MI 
48022,Emmett,Michigan ,SAINT CLAIR,26,147,MI 
48015,Center Line,Michigan ,MACOMB,26,099,MI 
48017,Clawson,Michigan ,OAKLAND,26,125,MI 
48023,Fair Haven,Michigan ,SAINT CLAIR,26,147,MI 
48025,Franklin,Michigan ,OAKLAND,26,125,MI 
48026,Fraser,Michigan ,MACOMB,26,099,MI 
48030,Hazel Park,Michigan ,OAKLAND,26,125,MI 
48028,Harsens Island,Michigan ,SAINT CLAIR,26,147,MI 
48032,Jeddo,Michigan ,SAINT CLAIR,26,147,MI 
48035,Clinton Township,Michigan ,MACOMB,26,099,MI 
48027,Goodells,Michigan ,SAINT CLAIR,26,147,MI 
48033,Southfield,Michigan ,OAKLAND,26,125,MI 
48034,Southfield,Michigan ,OAKLAND,26,125,MI 
48036,Clinton Township,Michigan ,MACOMB,26,099,MI 
48040,Marysville,Michigan ,SAINT CLAIR,26,147,MI 
48043,Mount Clemens,Michigan ,MACOMB,26,099,MI 
48039,Marine City,Michigan ,SAINT CLAIR,26,147,MI 
48037,Southfield,Michigan ,OAKLAND,26,125,MI 
48038,Clinton Township,Michigan ,MACOMB,26,099,MI 
48041,Memphis,Michigan ,SAINT CLAIR,26,147,MI 
48042,Macomb,Michigan ,MACOMB,26,099,MI 
48044,Macomb,Michigan ,MACOMB,26,099,MI 
48048,New Haven,Michigan ,MACOMB,26,099,MI 
48047,New Baltimore,Michigan ,MACOMB,26,099,MI 
48049,North Street,Michigan ,SAINT CLAIR,26,147,MI 
48051,New Baltimore,Michigan ,MACOMB,26,099,MI 
48045,Harrison Township,Michigan ,MACOMB,26,099,MI 
48046,Mount Clemens,Michigan ,MACOMB,26,099,MI 
48050,New Haven,Michigan ,MACOMB,26,099,MI 
48054,East China,Michigan ,SAINT CLAIR,26,147,MI 
48059,Fort Gratiot,Michigan ,SAINT CLAIR,26,147,MI 
48065,Romeo,Michigan ,MACOMB,26,099,MI 
48064,Casco,Michigan ,SAINT CLAIR,26,147,MI 
48061,Port Huron,Michigan ,SAINT CLAIR,26,147,MI 
48060,Port Huron,Michigan ,SAINT CLAIR,26,147,MI 
48062,Richmond,Michigan ,MACOMB,26,099,MI 
48063,Columbus,Michigan ,SAINT CLAIR,26,147,MI 
48066,Roseville,Michigan ,MACOMB,26,099,MI 
48070,Huntington Woods,Michigan ,OAKLAND,26,125,MI 
48073,Royal Oak,Michigan ,OAKLAND,26,125,MI 
48072,Berkley,Michigan ,OAKLAND,26,125,MI 
48071,Madison Heights,Michigan ,OAKLAND,26,125,MI 
48067,Royal Oak,Michigan ,OAKLAND,26,125,MI 
48074,Smiths Creek,Michigan ,SAINT CLAIR,26,147,MI 
48069,Pleasant Ridge,Michigan ,OAKLAND,26,125,MI 
48068,Royal Oak,Michigan ,OAKLAND,26,125,MI 
48075,Southfield,Michigan ,OAKLAND,26,125,MI 
48076,Southfield,Michigan ,OAKLAND,26,125,MI 
48079,Saint Clair,Michigan ,SAINT CLAIR,26,147,MI 
48083,Troy,Michigan ,OAKLAND,26,125,MI 
48080,Saint Clair Shores,Michigan ,MACOMB,26,099,MI 
48084,Troy,Michigan ,OAKLAND,26,125,MI 
48082,Saint Clair Shores,Michigan ,MACOMB,26,099,MI 
48085,Troy,Michigan ,OAKLAND,26,125,MI 
48081,Saint Clair Shores,Michigan ,MACOMB,26,099,MI 
48086,Southfield,Michigan ,OAKLAND,26,125,MI 
48088,Warren,Michigan ,MACOMB,26,099,MI 
48089,Warren,Michigan ,MACOMB,26,099,MI 
48092,Warren,Michigan ,MACOMB,26,099,MI 
48091,Warren,Michigan ,MACOMB,26,099,MI 
48093,Warren,Michigan ,MACOMB,26,099,MI 
48094,Washington,Michigan ,MACOMB,26,099,MI 
48095,Washington,Michigan ,MACOMB,26,099,MI 
48096,Ray,Michigan ,MACOMB,26,099,MI 
48097,Yale,Michigan ,SAINT CLAIR,26,147,MI 
48098,Troy,Michigan ,OAKLAND,26,125,MI 
48099,Troy,Michigan ,OAKLAND,26,125,MI 
48101,Allen Park,Michigan ,WAYNE,26,163,MI 
48090,Warren,Michigan ,MACOMB,26,099,MI 
48103,Ann Arbor,Michigan ,WASHTENAW,26,161,MI 
48104,Ann Arbor,Michigan ,WASHTENAW,26,161,MI 
48106,Ann Arbor,Michigan ,WASHTENAW,26,161,MI 
48105,Ann Arbor,Michigan ,WASHTENAW,26,161,MI 
48107,Ann Arbor,Michigan ,WASHTENAW,26,161,MI 
48109,Ann Arbor,Michigan ,WASHTENAW,26,161,MI 
48110,Azalia,Michigan ,MONROE,26,115,MI 
48108,Ann Arbor,Michigan ,WASHTENAW,26,161,MI 
48111,Belleville,Michigan ,WAYNE,26,163,MI 
48112,Belleville,Michigan ,WAYNE,26,163,MI 
48113,Ann Arbor,Michigan ,WASHTENAW,26,161,MI 
48114,Brighton,Michigan ,LIVINGSTON,26,093,MI 
48115,Bridgewater,Michigan ,WASHTENAW,26,161,MI 
48118,Chelsea,Michigan ,WASHTENAW,26,161,MI 
48117,Carleton,Michigan ,MONROE,26,115,MI 
48116,Brighton,Michigan ,LIVINGSTON,26,093,MI 
48120,Dearborn,Michigan ,WAYNE,26,163,MI 
48121,Dearborn,Michigan ,WAYNE,26,163,MI 
48122,Melvindale,Michigan ,WAYNE,26,163,MI 
48123,Dearborn,Michigan ,WAYNE,26,163,MI 
48124,Dearborn,Michigan ,WAYNE,26,163,MI 
48125,Dearborn Heights,Michigan ,WAYNE,26,163,MI 
48128,Dearborn,Michigan ,WAYNE,26,163,MI 
48131,Dundee,Michigan ,MONROE,26,115,MI 
48130,Dexter,Michigan ,WASHTENAW,26,161,MI 
48127,Dearborn Heights,Michigan ,WAYNE,26,163,MI 
48133,Erie,Michigan ,MONROE,26,115,MI 
48126,Dearborn,Michigan ,WAYNE,26,163,MI 
48134,Flat Rock,Michigan ,WAYNE,26,163,MI 
48135,Garden City,Michigan ,WAYNE,26,163,MI 
48136,Garden City,Michigan ,WAYNE,26,163,MI 
48143,Lakeland,Michigan ,LIVINGSTON,26,093,MI 
48137,Gregory,Michigan ,LIVINGSTON,26,093,MI 
48139,Hamburg,Michigan ,LIVINGSTON,26,093,MI 
48138,Grosse Ile,Michigan ,WAYNE,26,163,MI 
48141,Inkster,Michigan ,WAYNE,26,163,MI 
48140,Ida,Michigan ,MONROE,26,115,MI 
48144,Lambertville,Michigan ,MONROE,26,115,MI 
48145,La Salle,Michigan ,MONROE,26,115,MI 
48146,Lincoln Park,Michigan ,WAYNE,26,163,MI 
48150,Livonia,Michigan ,WAYNE,26,163,MI 
48152,Livonia,Michigan ,WAYNE,26,163,MI 
48154,Livonia,Michigan ,WAYNE,26,163,MI 
48153,Livonia,Michigan ,WAYNE,26,163,MI 
48151,Livonia,Michigan ,WAYNE,26,163,MI 
48157,Luna Pier,Michigan ,MONROE,26,115,MI 
48158,Manchester,Michigan ,WASHTENAW,26,161,MI 
48162,Monroe,Michigan ,MONROE,26,115,MI 
48160,Milan,Michigan ,MONROE,26,115,MI 
48164,New Boston,Michigan ,WAYNE,26,163,MI 
48159,Maybee,Michigan ,MONROE,26,115,MI 
48161,Monroe,Michigan ,MONROE,26,115,MI 
48165,New Hudson,Michigan ,OAKLAND,26,125,MI 
48167,Northville,Michigan ,WAYNE,26,163,MI 
48166,Newport,Michigan ,MONROE,26,115,MI 
48168,Northville,Michigan ,WAYNE,26,163,MI 
48176,Saline,Michigan ,WASHTENAW,26,161,MI 
48174,Romulus,Michigan ,WAYNE,26,163,MI 
48173,Rockwood,Michigan ,WAYNE,26,163,MI 
48175,Salem,Michigan ,WASHTENAW,26,161,MI 
48170,Plymouth,Michigan ,WAYNE,26,163,MI 
48177,Samaria,Michigan ,MONROE,26,115,MI 
48169,Pinckney,Michigan ,LIVINGSTON,26,093,MI 
48178,South Lyon,Michigan ,OAKLAND,26,125,MI 
48179,South Rockwood,Michigan ,MONROE,26,115,MI 
48183,Trenton,Michigan ,WAYNE,26,163,MI 
48186,Westland,Michigan ,WAYNE,26,163,MI 
48185,Westland,Michigan ,WAYNE,26,163,MI 
48184,Wayne,Michigan ,WAYNE,26,163,MI 
48180,Taylor,Michigan ,WAYNE,26,163,MI 
48182,Temperance,Michigan ,MONROE,26,115,MI 
48188,Canton,Michigan ,WAYNE,26,163,MI 
48187,Canton,Michigan ,WAYNE,26,163,MI 
48195,Southgate,Michigan ,WAYNE,26,163,MI 
48197,Ypsilanti,Michigan ,WASHTENAW,26,161,MI 
48190,Whittaker,Michigan ,WASHTENAW,26,161,MI 
48192,Wyandotte,Michigan ,WAYNE,26,163,MI 
48189,Whitmore Lake,Michigan ,WASHTENAW,26,161,MI 
48193,Riverview,Michigan ,WAYNE,26,163,MI 
48201,Detroit,Michigan ,WAYNE,26,163,MI 
48198,Ypsilanti,Michigan ,WASHTENAW,26,161,MI 
48202,Detroit,Michigan ,WAYNE,26,163,MI 
48205,Detroit,Michigan ,WAYNE,26,163,MI 
48204,Detroit,Michigan ,WAYNE,26,163,MI 
48203,Highland Park,Michigan ,WAYNE,26,163,MI 
48207,Detroit,Michigan ,WAYNE,26,163,MI 
48208,Detroit,Michigan ,WAYNE,26,163,MI 
48209,Detroit,Michigan ,WAYNE,26,163,MI 
48206,Detroit,Michigan ,WAYNE,26,163,MI 
48210,Detroit,Michigan ,WAYNE,26,163,MI 
48213,Detroit,Michigan ,WAYNE,26,163,MI 
48212,Hamtramck,Michigan ,WAYNE,26,163,MI 
48211,Detroit,Michigan ,WAYNE,26,163,MI 
48214,Detroit,Michigan ,WAYNE,26,163,MI 
48215,Detroit,Michigan ,WAYNE,26,163,MI 
48217,Detroit,Michigan ,WAYNE,26,163,MI 
48216,Detroit,Michigan ,WAYNE,26,163,MI 
48220,Ferndale,Michigan ,OAKLAND,26,125,MI 
48219,Detroit,Michigan ,WAYNE,26,163,MI 
48218,River Rouge,Michigan ,WAYNE,26,163,MI 
48221,Detroit,Michigan ,WAYNE,26,163,MI 
48222,Detroit,Michigan ,WAYNE,26,163,MI 
48223,Detroit,Michigan ,WAYNE,26,163,MI 
48225,Harper Woods,Michigan ,WAYNE,26,163,MI 
48224,Detroit,Michigan ,WAYNE,26,163,MI 
48229,Ecorse,Michigan ,WAYNE,26,163,MI 
48227,Detroit,Michigan ,WAYNE,26,163,MI 
48228,Detroit,Michigan ,WAYNE,26,163,MI 
48226,Detroit,Michigan ,WAYNE,26,163,MI 
48232,Detroit,Michigan ,WAYNE,26,163,MI 
48231,Detroit,Michigan ,WAYNE,26,163,MI 
48230,Grosse Pointe,Michigan ,WAYNE,26,163,MI 
48233,Detroit,Michigan ,WAYNE,26,163,MI 
48235,Detroit,Michigan ,WAYNE,26,163,MI 
48234,Detroit,Michigan ,WAYNE,26,163,MI 
48237,Oak Park,Michigan ,OAKLAND,26,125,MI 
48239,Redford,Michigan ,WAYNE,26,163,MI 
48242,Detroit,Michigan ,WAYNE,26,163,MI 
48238,Detroit,Michigan ,WAYNE,26,163,MI 
48240,Redford,Michigan ,WAYNE,26,163,MI 
48236,Grosse Pointe,Michigan ,WAYNE,26,163,MI 
48244,Detroit,Michigan ,WAYNE,26,163,MI 
48243,Detroit,Michigan ,WAYNE,26,163,MI 
48255,Detroit,Michigan ,WAYNE,26,163,MI 
48266,Detroit,Michigan ,WAYNE,26,163,MI 
48265,Detroit,Michigan ,WAYNE,26,163,MI 
48260,Detroit,Michigan ,WAYNE,26,163,MI 
48267,Detroit,Michigan ,WAYNE,26,163,MI 
48264,Detroit,Michigan ,WAYNE,26,163,MI 
48268,Detroit,Michigan ,WAYNE,26,163,MI 
48269,Detroit,Michigan ,WAYNE,26,163,MI 
48279,Detroit,Michigan ,WAYNE,26,163,MI 
48277,Detroit,Michigan ,WAYNE,26,163,MI 
48275,Detroit,Michigan ,WAYNE,26,163,MI 
48278,Detroit,Michigan ,WAYNE,26,163,MI 
48288,Detroit,Michigan ,WAYNE,26,163,MI 
48272,Detroit,Michigan ,WAYNE,26,163,MI 
48301,Bloomfield Hills,Michigan ,OAKLAND,26,125,MI 
48302,Bloomfield Hills,Michigan ,OAKLAND,26,125,MI 
48306,Rochester,Michigan ,OAKLAND,26,125,MI 
48304,Bloomfield Hills,Michigan ,OAKLAND,26,125,MI 
48310,Sterling Heights,Michigan ,MACOMB,26,099,MI 
48309,Rochester,Michigan ,OAKLAND,26,125,MI 
48308,Rochester,Michigan ,OAKLAND,26,125,MI 
48307,Rochester,Michigan ,OAKLAND,26,125,MI 
48303,Bloomfield Hills,Michigan ,OAKLAND,26,125,MI 
48311,Sterling Heights,Michigan ,MACOMB,26,099,MI 
48313,Sterling Heights,Michigan ,MACOMB,26,099,MI 
48315,Utica,Michigan ,MACOMB,26,099,MI 
48316,Utica,Michigan ,MACOMB,26,099,MI 
48314,Sterling Heights,Michigan ,MACOMB,26,099,MI 
48318,Utica,Michigan ,MACOMB,26,099,MI 
48312,Sterling Heights,Michigan ,MACOMB,26,099,MI 
48320,Keego Harbor,Michigan ,OAKLAND,26,125,MI 
48317,Utica,Michigan ,MACOMB,26,099,MI 
48321,Auburn Hills,Michigan ,OAKLAND,26,125,MI 
48322,West Bloomfield,Michigan ,OAKLAND,26,125,MI 
48323,West Bloomfield,Michigan ,OAKLAND,26,125,MI 
48327,Waterford,Michigan ,OAKLAND,26,125,MI 
48324,West Bloomfield,Michigan ,OAKLAND,26,125,MI 
48325,West Bloomfield,Michigan ,OAKLAND,26,125,MI 
48326,Auburn Hills,Michigan ,OAKLAND,26,125,MI 
48329,Waterford,Michigan ,OAKLAND,26,125,MI 
48328,Waterford,Michigan ,OAKLAND,26,125,MI 
48330,Drayton Plains,Michigan ,OAKLAND,26,125,MI 
48335,Farmington,Michigan ,OAKLAND,26,125,MI 
48331,Farmington,Michigan ,OAKLAND,26,125,MI 
48332,Farmington,Michigan ,OAKLAND,26,125,MI 
48333,Farmington,Michigan ,OAKLAND,26,125,MI 
48334,Farmington,Michigan ,OAKLAND,26,125,MI 
48340,Pontiac,Michigan ,OAKLAND,26,125,MI 
48336,Farmington,Michigan ,OAKLAND,26,125,MI 
48343,Pontiac,Michigan ,OAKLAND,26,125,MI 
48341,Pontiac,Michigan ,OAKLAND,26,125,MI 
48342,Pontiac,Michigan ,OAKLAND,26,125,MI 
48346,Clarkston,Michigan ,OAKLAND,26,125,MI 
48348,Clarkston,Michigan ,OAKLAND,26,125,MI 
48347,Clarkston,Michigan ,OAKLAND,26,125,MI 
48353,Hartland,Michigan ,LIVINGSTON,26,093,MI 
48350,Davisburg,Michigan ,OAKLAND,26,125,MI 
48356,Highland,Michigan ,OAKLAND,26,125,MI 
48360,Lake Orion,Michigan ,OAKLAND,26,125,MI 
48357,Highland,Michigan ,OAKLAND,26,125,MI 
48359,Lake Orion,Michigan ,OAKLAND,26,125,MI 
48362,Lake Orion,Michigan ,OAKLAND,26,125,MI 
48361,Lake Orion,Michigan ,OAKLAND,26,125,MI 
48366,Lakeville,Michigan ,OAKLAND,26,125,MI 
48363,Oakland,Michigan ,OAKLAND,26,125,MI 
48367,Leonard,Michigan ,OAKLAND,26,125,MI 
48371,Oxford,Michigan ,OAKLAND,26,125,MI 
48374,Novi,Michigan ,OAKLAND,26,125,MI 
48376,Novi,Michigan ,OAKLAND,26,125,MI 
48370,Oxford,Michigan ,OAKLAND,26,125,MI 
48375,Novi,Michigan ,OAKLAND,26,125,MI 
48380,Milford,Michigan ,OAKLAND,26,125,MI 
48377,Novi,Michigan ,OAKLAND,26,125,MI 
48381,Milford,Michigan ,OAKLAND,26,125,MI 
48382,Commerce Township,Michigan ,OAKLAND,26,125,MI 
48387,Union Lake,Michigan ,OAKLAND,26,125,MI 
48386,White Lake,Michigan ,OAKLAND,26,125,MI 
48383,White Lake,Michigan ,OAKLAND,26,125,MI 
48397,Warren,Michigan ,MACOMB,26,099,MI 
48390,Walled Lake,Michigan ,OAKLAND,26,125,MI 
48393,Wixom,Michigan ,OAKLAND,26,125,MI 
48401,Applegate,Michigan ,SANILAC,26,151,MI 
48410,Argyle,Michigan ,SANILAC,26,151,MI 
48413,Bad Axe,Michigan ,HURON,26,063,MI 
48416,Brown City,Michigan ,SANILAC,26,151,MI 
48412,Attica,Michigan ,LAPEER,26,087,MI 
48411,Atlas,Michigan ,GENESEE,26,049,MI 
48415,Birch Run,Michigan ,SAGINAW,26,145,MI 
48414,Bancroft,Michigan ,SHIAWASSEE,26,155,MI 
48417,Burt,Michigan ,SAGINAW,26,145,MI 
48418,Byron,Michigan ,SHIAWASSEE,26,155,MI 
48419,Carsonville,Michigan ,SANILAC,26,151,MI 
48420,Clio,Michigan ,GENESEE,26,049,MI 
48422,Croswell,Michigan ,SANILAC,26,151,MI 
48421,Columbiaville,Michigan ,LAPEER,26,087,MI 
48426,Decker,Michigan ,SANILAC,26,151,MI 
48427,Deckerville,Michigan ,SANILAC,26,151,MI 
48423,Davison,Michigan ,GENESEE,26,049,MI 
48428,Dryden,Michigan ,LAPEER,26,087,MI 
48429,Durand,Michigan ,SHIAWASSEE,26,155,MI 
48432,Filion,Michigan ,HURON,26,063,MI 
48434,Forestville,Michigan ,SANILAC,26,151,MI 
48435,Fostoria,Michigan ,TUSCOLA,26,157,MI 
48437,Genesee,Michigan ,GENESEE,26,049,MI 
48433,Flushing,Michigan ,GENESEE,26,049,MI 
48436,Gaines,Michigan ,GENESEE,26,049,MI 
48430,Fenton,Michigan ,GENESEE,26,049,MI 
48441,Harbor Beach,Michigan ,HURON,26,063,MI 
48440,Hadley,Michigan ,LAPEER,26,087,MI 
48445,Kinde,Michigan ,HURON,26,063,MI 
48439,Grand Blanc,Michigan ,GENESEE,26,049,MI 
48446,Lapeer,Michigan ,LAPEER,26,087,MI 
48442,Holly,Michigan ,OAKLAND,26,125,MI 
48438,Goodrich,Michigan ,GENESEE,26,049,MI 
48444,Imlay City,Michigan ,LAPEER,26,087,MI 
48450,Lexington,Michigan ,SANILAC,26,151,MI 
48454,Melvin,Michigan ,SANILAC,26,151,MI 
48449,Lennon,Michigan ,GENESEE,26,049,MI 
48453,Marlette,Michigan ,SANILAC,26,151,MI 
48451,Linden,Michigan ,GENESEE,26,049,MI 
48455,Metamora,Michigan ,LAPEER,26,087,MI 
48456,Minden City,Michigan ,SANILAC,26,151,MI 
48458,Mount Morris,Michigan ,GENESEE,26,049,MI 
48457,Montrose,Michigan ,GENESEE,26,049,MI 
48463,Otisville,Michigan ,GENESEE,26,049,MI 
48460,New Lothrop,Michigan ,SHIAWASSEE,26,155,MI 
48465,Palms,Michigan ,SANILAC,26,151,MI 
48461,North Branch,Michigan ,LAPEER,26,087,MI 
48462,Ortonville,Michigan ,OAKLAND,26,125,MI 
48464,Otter Lake,Michigan ,LAPEER,26,087,MI 
48466,Peck,Michigan ,SANILAC,26,151,MI 
48467,Port Austin,Michigan ,HURON,26,063,MI 
48472,Snover,Michigan ,SANILAC,26,151,MI 
48473,Swartz Creek,Michigan ,GENESEE,26,049,MI 
48470,Ruth,Michigan ,HURON,26,063,MI 
48469,Port Sanilac,Michigan ,SANILAC,26,151,MI 
48471,Sandusky,Michigan ,SANILAC,26,151,MI 
48468,Port Hope,Michigan ,HURON,26,063,MI 
48475,Ubly,Michigan ,HURON,26,063,MI 
48476,Vernon,Michigan ,SHIAWASSEE,26,155,MI 
48480,Grand Blanc,Michigan ,GENESEE,26,049,MI 
48502,Flint,Michigan ,GENESEE,26,049,MI 
48501,Flint,Michigan ,GENESEE,26,049,MI 
48504,Flint,Michigan ,GENESEE,26,049,MI 
48503,Flint,Michigan ,GENESEE,26,049,MI 
48505,Flint,Michigan ,GENESEE,26,049,MI 
48507,Flint,Michigan ,GENESEE,26,049,MI 
48506,Flint,Michigan ,GENESEE,26,049,MI 
48509,Burton,Michigan ,GENESEE,26,049,MI 
48550,Flint,Michigan ,GENESEE,26,049,MI 
48531,Flint,Michigan ,GENESEE,26,049,MI 
48532,Flint,Michigan ,GENESEE,26,049,MI 
48552,Flint,Michigan ,GENESEE,26,049,MI 
48529,Burton,Michigan ,GENESEE,26,049,MI 
48519,Burton,Michigan ,GENESEE,26,049,MI 
48551,Flint,Michigan ,GENESEE,26,049,MI 
48553,Flint,Michigan ,GENESEE,26,049,MI 
48601,Saginaw,Michigan ,SAGINAW,26,145,MI 
48554,Flint,Michigan ,GENESEE,26,049,MI 
48557,Flint,Michigan ,GENESEE,26,049,MI 
48556,Flint,Michigan ,GENESEE,26,049,MI 
48555,Flint,Michigan ,GENESEE,26,049,MI 
48602,Saginaw,Michigan ,SAGINAW,26,145,MI 
48603,Saginaw,Michigan ,SAGINAW,26,145,MI 
48604,Saginaw,Michigan ,SAGINAW,26,145,MI 
48605,Saginaw,Michigan ,SAGINAW,26,145,MI 
48607,Saginaw,Michigan ,SAGINAW,26,145,MI 
48609,Saginaw,Michigan ,SAGINAW,26,145,MI 
48608,Saginaw,Michigan ,SAGINAW,26,145,MI 
48606,Saginaw,Michigan ,SAGINAW,26,145,MI 
48610,Alger,Michigan ,ARENAC,26,011,MI 
48612,Beaverton,Michigan ,GLADWIN,26,051,MI 
48611,Auburn,Michigan ,BAY,26,017,MI 
48613,Bentley,Michigan ,BAY,26,017,MI 
48614,Brant,Michigan ,SAGINAW,26,145,MI 
48615,Breckenridge,Michigan ,GRATIOT,26,057,MI 
48618,Coleman,Michigan ,MIDLAND,26,111,MI 
48619,Comins,Michigan ,OSCODA,26,135,MI 
48616,Chesaning,Michigan ,SAGINAW,26,145,MI 
48617,Clare,Michigan ,CLARE,26,035,MI 
48621,Fairview,Michigan ,OSCODA,26,135,MI 
48620,Edenville,Michigan ,MIDLAND,26,111,MI 
48622,Farwell,Michigan ,CLARE,26,035,MI 
48623,Freeland,Michigan ,SAGINAW,26,145,MI 
48624,Gladwin,Michigan ,GLADWIN,26,051,MI 
48629,Houghton Lake,Michigan ,ROSCOMMON,26,143,MI 
48627,Higgins Lake,Michigan ,ROSCOMMON,26,143,MI 
48626,Hemlock,Michigan ,SAGINAW,26,145,MI 
48625,Harrison,Michigan ,CLARE,26,035,MI 
48628,Hope,Michigan ,MIDLAND,26,111,MI 
48630,Houghton Lake Heights,Michigan ,ROSCOMMON,26,143,MI 
48631,Kawkawlin,Michigan ,BAY,26,017,MI 
48635,Lupton,Michigan ,OGEMAW,26,129,MI 
48632,Lake,Michigan ,CLARE,26,035,MI 
48633,Lake George,Michigan ,CLARE,26,035,MI 
48636,Luzerne,Michigan ,OSCODA,26,135,MI 
48638,Saginaw,Michigan ,SAGINAW,26,145,MI 
48634,Linwood,Michigan ,BAY,26,017,MI 
48637,Merrill,Michigan ,SAGINAW,26,145,MI 
48640,Midland,Michigan ,MIDLAND,26,111,MI 
48642,Midland,Michigan ,MIDLAND,26,111,MI 
48651,Prudenville,Michigan ,ROSCOMMON,26,143,MI 
48641,Midland,Michigan ,MIDLAND,26,111,MI 
48652,Rhodes,Michigan ,GLADWIN,26,051,MI 
48647,Mio,Michigan ,OSCODA,26,135,MI 
48649,Oakley,Michigan ,SAGINAW,26,145,MI 
48650,Pinconning,Michigan ,BAY,26,017,MI 
48653,Roscommon,Michigan ,ROSCOMMON,26,143,MI 
48655,Saint Charles,Michigan ,SAGINAW,26,145,MI 
48661,West Branch,Michigan ,OGEMAW,26,129,MI 
48654,Rose City,Michigan ,OGEMAW,26,129,MI 
48657,Sanford,Michigan ,MIDLAND,26,111,MI 
48656,Saint Helen,Michigan ,ROSCOMMON,26,143,MI 
48662,Wheeler,Michigan ,GRATIOT,26,057,MI 
48658,Standish,Michigan ,ARENAC,26,011,MI 
48659,Sterling,Michigan ,ARENAC,26,011,MI 
48667,Midland,Michigan ,MIDLAND,26,111,MI 
48663,Saginaw,Michigan ,SAGINAW,26,145,MI 
48705,Barton City,Michigan ,ALCONA,26,001,MI 
48674,Midland,Michigan ,MIDLAND,26,111,MI 
48686,Midland,Michigan ,MIDLAND,26,111,MI 
48670,Midland,Michigan ,MIDLAND,26,111,MI 
48703,Au Gres,Michigan ,ARENAC,26,011,MI 
48701,Akron,Michigan ,TUSCOLA,26,157,MI 
48707,Bay City,Michigan ,BAY,26,017,MI 
48710,University Center,Michigan ,BAY,26,017,MI 
48720,Bay Port,Michigan ,HURON,26,063,MI 
48721,Black River,Michigan ,ALCONA,26,001,MI 
48723,Caro,Michigan ,TUSCOLA,26,157,MI 
48706,Bay City,Michigan ,BAY,26,017,MI 
48708,Bay City,Michigan ,BAY,26,017,MI 
48722,Bridgeport,Michigan ,SAGINAW,26,145,MI 
48724,Carrollton,Michigan ,SAGINAW,26,145,MI 
48725,Caseville,Michigan ,HURON,26,063,MI 
48726,Cass City,Michigan ,TUSCOLA,26,157,MI 
48731,Elkton,Michigan ,HURON,26,063,MI 
48727,Clifford,Michigan ,LAPEER,26,087,MI 
48730,East Tawas,Michigan ,IOSCO,26,069,MI 
48728,Curran,Michigan ,ALCONA,26,001,MI 
48729,Deford,Michigan ,TUSCOLA,26,157,MI 
48740,Harrisville,Michigan ,ALCONA,26,001,MI 
48732,Essexville,Michigan ,BAY,26,017,MI 
48733,Fairgrove,Michigan ,TUSCOLA,26,157,MI 
48735,Gagetown,Michigan ,TUSCOLA,26,157,MI 
48738,Greenbush,Michigan ,ALCONA,26,001,MI 
48734,Frankenmuth,Michigan ,SAGINAW,26,145,MI 
48739,Hale,Michigan ,IOSCO,26,069,MI 
48737,Glennie,Michigan ,ALCONA,26,001,MI 
48745,Mikado,Michigan ,ALCONA,26,001,MI 
48743,Long Lake,Michigan ,IOSCO,26,069,MI 
48742,Lincoln,Michigan ,ALCONA,26,001,MI 
48747,Munger,Michigan ,BAY,26,017,MI 
48741,Kingston,Michigan ,TUSCOLA,26,157,MI 
48746,Millington,Michigan ,TUSCOLA,26,157,MI 
48748,National City,Michigan ,IOSCO,26,069,MI 
48744,Mayville,Michigan ,TUSCOLA,26,157,MI 
48750,Oscoda,Michigan ,IOSCO,26,069,MI 
48757,Reese,Michigan ,TUSCOLA,26,157,MI 
48749,Omer,Michigan ,ARENAC,26,011,MI 
48754,Owendale,Michigan ,HURON,26,063,MI 
48755,Pigeon,Michigan ,HURON,26,063,MI 
48758,Richville,Michigan ,TUSCOLA,26,157,MI 
48756,Prescott,Michigan ,OGEMAW,26,129,MI 
48759,Sebewaing,Michigan ,HURON,26,063,MI 
48760,Silverwood,Michigan ,LAPEER,26,087,MI 
48761,South Branch,Michigan ,OGEMAW,26,129,MI 
48763,Tawas City,Michigan ,IOSCO,26,069,MI 
48762,Spruce,Michigan ,ALCONA,26,001,MI 
48764,Tawas City,Michigan ,IOSCO,26,069,MI 
48766,Twining,Michigan ,ARENAC,26,011,MI 
48765,Turner,Michigan ,ARENAC,26,011,MI 
48767,Unionville,Michigan ,TUSCOLA,26,157,MI 
48768,Vassar,Michigan ,TUSCOLA,26,157,MI 
48770,Whittemore,Michigan ,IOSCO,26,069,MI 
48787,Frankenmuth,Michigan ,SAGINAW,26,145,MI 
48805,Okemos,Michigan ,INGHAM,26,065,MI 
48804,Mount Pleasant,Michigan ,ISABELLA,26,073,MI 
48801,Alma,Michigan ,GRATIOT,26,057,MI 
48807,Bannister,Michigan ,GRATIOT,26,057,MI 
48806,Ashley,Michigan ,GRATIOT,26,057,MI 
48808,Bath,Michigan ,CLINTON,26,037,MI 
48809,Belding,Michigan ,IONIA,26,067,MI 
48811,Carson City,Michigan ,MONTCALM,26,117,MI 
48812,Cedar Lake,Michigan ,MONTCALM,26,117,MI 
48816,Cohoctah,Michigan ,LIVINGSTON,26,093,MI 
48815,Clarksville,Michigan ,IONIA,26,067,MI 
48813,Charlotte,Michigan ,EATON,26,045,MI 
48817,Corunna,Michigan ,SHIAWASSEE,26,155,MI 
48818,Crystal,Michigan ,MONTCALM,26,117,MI 
48820,Dewitt,Michigan ,CLINTON,26,037,MI 
48819,Dansville,Michigan ,INGHAM,26,065,MI 
48821,Dimondale,Michigan ,EATON,26,045,MI 
48822,Eagle,Michigan ,CLINTON,26,037,MI 
48823,East Lansing,Michigan ,INGHAM,26,065,MI 
48824,East Lansing,Michigan ,INGHAM,26,065,MI 
48825,East Lansing,Michigan ,INGHAM,26,065,MI 
48826,East Lansing,Michigan ,INGHAM,26,065,MI 
48827,Eaton Rapids,Michigan ,EATON,26,045,MI 
48829,Edmore,Michigan ,MONTCALM,26,117,MI 
48831,Elsie,Michigan ,CLINTON,26,037,MI 
48830,Elm Hall,Michigan ,GRATIOT,26,057,MI 
48832,Elwell,Michigan ,GRATIOT,26,057,MI 
48833,Eureka,Michigan ,CLINTON,26,037,MI 
48834,Fenwick,Michigan ,MONTCALM,26,117,MI 
48835,Fowler,Michigan ,CLINTON,26,037,MI 
48836,Fowlerville,Michigan ,LIVINGSTON,26,093,MI 
48837,Grand Ledge,Michigan ,EATON,26,045,MI 
48838,Greenville,Michigan ,MONTCALM,26,117,MI 
48841,Henderson,Michigan ,SHIAWASSEE,26,155,MI 
48840,Haslett,Michigan ,INGHAM,26,065,MI 
48842,Holt,Michigan ,INGHAM,26,065,MI 
48843,Howell,Michigan ,LIVINGSTON,26,093,MI 
48844,Howell,Michigan ,LIVINGSTON,26,093,MI 
48845,Hubbardston,Michigan ,IONIA,26,067,MI 
48847,Ithaca,Michigan ,GRATIOT,26,057,MI 
48846,Ionia,Michigan ,IONIA,26,067,MI 
48848,Laingsburg,Michigan ,SHIAWASSEE,26,155,MI 
48849,Lake Odessa,Michigan ,IONIA,26,067,MI 
48850,Lakeview,Michigan ,MONTCALM,26,117,MI 
48852,Mcbrides,Michigan ,MONTCALM,26,117,MI 
48851,Lyons,Michigan ,IONIA,26,067,MI 
48853,Maple Rapids,Michigan ,CLINTON,26,037,MI 
48854,Mason,Michigan ,INGHAM,26,065,MI 
48857,Morrice,Michigan ,SHIAWASSEE,26,155,MI 
48855,Howell,Michigan ,LIVINGSTON,26,093,MI 
48856,Middleton,Michigan ,GRATIOT,26,057,MI 
48861,Mulliken,Michigan ,EATON,26,045,MI 
48859,Mount Pleasant,Michigan ,ISABELLA,26,073,MI 
48860,Muir,Michigan ,IONIA,26,067,MI 
48858,Mount Pleasant,Michigan ,ISABELLA,26,073,MI 
48862,North Star,Michigan ,GRATIOT,26,057,MI 
48864,Okemos,Michigan ,INGHAM,26,065,MI 
48871,Perrinton,Michigan ,GRATIOT,26,057,MI 
48870,Palo,Michigan ,IONIA,26,067,MI 
48872,Perry,Michigan ,SHIAWASSEE,26,155,MI 
48865,Orleans,Michigan ,IONIA,26,067,MI 
48866,Ovid,Michigan ,CLINTON,26,037,MI 
48867,Owosso,Michigan ,SHIAWASSEE,26,155,MI 
48873,Pewamo,Michigan ,IONIA,26,067,MI 
48874,Pompeii,Michigan ,GRATIOT,26,057,MI 
48879,Saint Johns,Michigan ,CLINTON,26,037,MI 
48881,Saranac,Michigan ,IONIA,26,067,MI 
48877,Riverdale,Michigan ,GRATIOT,26,057,MI 
48875,Portland,Michigan ,IONIA,26,067,MI 
48880,Saint Louis,Michigan ,GRATIOT,26,057,MI 
48878,Rosebush,Michigan ,ISABELLA,26,073,MI 
48876,Potterville,Michigan ,EATON,26,045,MI 
48882,Shaftsburg,Michigan ,SHIAWASSEE,26,155,MI 
48883,Shepherd,Michigan ,ISABELLA,26,073,MI 
48884,Sheridan,Michigan ,MONTCALM,26,117,MI 
48885,Sidney,Michigan ,MONTCALM,26,117,MI 
48887,Smyrna,Michigan ,IONIA,26,067,MI 
48888,Stanton,Michigan ,MONTCALM,26,117,MI 
48889,Sumner,Michigan ,GRATIOT,26,057,MI 
48886,Six Lakes,Michigan ,MONTCALM,26,117,MI 
48891,Vestaburg,Michigan ,MONTCALM,26,117,MI 
48890,Sunfield,Michigan ,EATON,26,045,MI 
48897,Woodland,Michigan ,BARRY,26,015,MI 
48896,Winn,Michigan ,ISABELLA,26,073,MI 
48893,Weidman,Michigan ,ISABELLA,26,073,MI 
48892,Webberville,Michigan ,INGHAM,26,065,MI 
48895,Williamston,Michigan ,INGHAM,26,065,MI 
48894,Westphalia,Michigan ,CLINTON,26,037,MI 
48906,Lansing,Michigan ,CLINTON,26,037,MI 
48901,Lansing,Michigan ,INGHAM,26,065,MI 
48908,Lansing,Michigan ,EATON,26,045,MI 
48913,Lansing,Michigan ,INGHAM,26,065,MI 
48910,Lansing,Michigan ,INGHAM,26,065,MI 
48909,Lansing,Michigan ,INGHAM,26,065,MI 
48911,Lansing,Michigan ,INGHAM,26,065,MI 
48916,Lansing,Michigan ,INGHAM,26,065,MI 
48912,Lansing,Michigan ,INGHAM,26,065,MI 
48915,Lansing,Michigan ,INGHAM,26,065,MI 
48918,Lansing,Michigan ,INGHAM,26,065,MI 
48919,Lansing,Michigan ,INGHAM,26,065,MI 
48930,Lansing,Michigan ,INGHAM,26,065,MI 
48922,Lansing,Michigan ,INGHAM,26,065,MI 
48924,Lansing,Michigan ,INGHAM,26,065,MI 
48917,Lansing,Michigan ,EATON,26,045,MI 
48929,Lansing,Michigan ,INGHAM,26,065,MI 
48933,Lansing,Michigan ,INGHAM,26,065,MI 
48937,Lansing,Michigan ,INGHAM,26,065,MI 
48951,Lansing,Michigan ,INGHAM,26,065,MI 
48956,Lansing,Michigan ,INGHAM,26,065,MI 
49003,Kalamazoo,Michigan ,KALAMAZOO,26,077,MI 
49002,Portage,Michigan ,KALAMAZOO,26,077,MI 
49004,Kalamazoo,Michigan ,KALAMAZOO,26,077,MI 
48980,Lansing,Michigan ,INGHAM,26,065,MI 
49001,Kalamazoo,Michigan ,KALAMAZOO,26,077,MI 
49005,Kalamazoo,Michigan ,KALAMAZOO,26,077,MI 
49006,Kalamazoo,Michigan ,KALAMAZOO,26,077,MI 
49012,Augusta,Michigan ,KALAMAZOO,26,077,MI 
49009,Kalamazoo,Michigan ,KALAMAZOO,26,077,MI 
49008,Kalamazoo,Michigan ,KALAMAZOO,26,077,MI 
49011,Athens,Michigan ,CALHOUN,26,025,MI 
49007,Kalamazoo,Michigan ,KALAMAZOO,26,077,MI 
49010,Allegan,Michigan ,ALLEGAN,26,005,MI 
49013,Bangor,Michigan ,VAN BUREN,26,159,MI 
49015,Battle Creek,Michigan ,CALHOUN,26,025,MI 
49020,Bedford,Michigan ,CALHOUN,26,025,MI 
49017,Battle Creek,Michigan ,CALHOUN,26,025,MI 
49019,Kalamazoo,Michigan ,KALAMAZOO,26,077,MI 
49014,Battle Creek,Michigan ,CALHOUN,26,025,MI 
49016,Battle Creek,Michigan ,CALHOUN,26,025,MI 
49018,Battle Creek,Michigan ,CALHOUN,26,025,MI 
49021,Bellevue,Michigan ,EATON,26,045,MI 
49023,Benton Harbor,Michigan ,BERRIEN,26,021,MI 
49027,Breedsville,Michigan ,VAN BUREN,26,159,MI 
49024,Portage,Michigan ,KALAMAZOO,26,077,MI 
49029,Burlington,Michigan ,CALHOUN,26,025,MI 
49026,Bloomingdale,Michigan ,VAN BUREN,26,159,MI 
49022,Benton Harbor,Michigan ,BERRIEN,26,021,MI 
49028,Bronson,Michigan ,BRANCH,26,023,MI 
49030,Burr Oak,Michigan ,SAINT JOSEPH,26,149,MI 
49033,Ceresco,Michigan ,CALHOUN,26,025,MI 
49038,Coloma,Michigan ,BERRIEN,26,021,MI 
49034,Climax,Michigan ,KALAMAZOO,26,077,MI 
49036,Coldwater,Michigan ,BRANCH,26,023,MI 
49032,Centreville,Michigan ,SAINT JOSEPH,26,149,MI 
49035,Cloverdale,Michigan ,BARRY,26,015,MI 
49031,Cassopolis,Michigan ,CASS,26,027,MI 
49037,Battle Creek,Michigan ,CALHOUN,26,025,MI 
49039,Hagar Shores,Michigan ,BERRIEN,26,021,MI 
49040,Colon,Michigan ,SAINT JOSEPH,26,149,MI 
49045,Decatur,Michigan ,VAN BUREN,26,159,MI 
49041,Comstock,Michigan ,KALAMAZOO,26,077,MI 
49042,Constantine,Michigan ,SAINT JOSEPH,26,149,MI 
49043,Covert,Michigan ,VAN BUREN,26,159,MI 
49047,Dowagiac,Michigan ,CASS,26,027,MI 
49046,Delton,Michigan ,BARRY,26,015,MI 
49048,Kalamazoo,Michigan ,KALAMAZOO,26,077,MI 
49055,Gobles,Michigan ,VAN BUREN,26,159,MI 
49050,Dowling,Michigan ,BARRY,26,015,MI 
49053,Galesburg,Michigan ,KALAMAZOO,26,077,MI 
49052,Fulton,Michigan ,KALAMAZOO,26,077,MI 
49057,Hartford,Michigan ,VAN BUREN,26,159,MI 
49056,Grand Junction,Michigan ,VAN BUREN,26,159,MI 
49051,East Leroy,Michigan ,CALHOUN,26,025,MI 
49058,Hastings,Michigan ,BARRY,26,015,MI 
49060,Hickory Corners,Michigan ,BARRY,26,015,MI 
49062,Kendall,Michigan ,VAN BUREN,26,159,MI 
49061,Jones,Michigan ,CASS,26,027,MI 
49064,Lawrence,Michigan ,VAN BUREN,26,159,MI 
49065,Lawton,Michigan ,VAN BUREN,26,159,MI 
49063,Lacota,Michigan ,VAN BUREN,26,159,MI 
49066,Leonidas,Michigan ,SAINT JOSEPH,26,149,MI 
49067,Marcellus,Michigan ,CASS,26,027,MI 
49070,Martin,Michigan ,ALLEGAN,26,005,MI 
49071,Mattawan,Michigan ,VAN BUREN,26,159,MI 
49068,Marshall,Michigan ,CALHOUN,26,025,MI 
49073,Nashville,Michigan ,BARRY,26,015,MI 
49072,Mendon,Michigan ,SAINT JOSEPH,26,149,MI 
49075,Nottawa,Michigan ,SAINT JOSEPH,26,149,MI 
49076,Olivet,Michigan ,EATON,26,045,MI 
49074,Nazareth,Michigan ,KALAMAZOO,26,077,MI 
49079,Paw Paw,Michigan ,VAN BUREN,26,159,MI 
49082,Quincy,Michigan ,BRANCH,26,023,MI 
49080,Plainwell,Michigan ,ALLEGAN,26,005,MI 
49077,Oshtemo,Michigan ,KALAMAZOO,26,077,MI 
49081,Portage,Michigan ,KALAMAZOO,26,077,MI 
49078,Otsego,Michigan ,ALLEGAN,26,005,MI 
49083,Richland,Michigan ,KALAMAZOO,26,077,MI 
49084,Riverside,Michigan ,BERRIEN,26,021,MI 
49085,Saint Joseph,Michigan ,BERRIEN,26,021,MI 
49087,Schoolcraft,Michigan ,KALAMAZOO,26,077,MI 
49088,Scotts,Michigan ,KALAMAZOO,26,077,MI 
49091,Sturgis,Michigan ,SAINT JOSEPH,26,149,MI 
49090,South Haven,Michigan ,VAN BUREN,26,159,MI 
49092,Tekonsha,Michigan ,CALHOUN,26,025,MI 
49089,Sherwood,Michigan ,BRANCH,26,023,MI 
49093,Three Rivers,Michigan ,SAINT JOSEPH,26,149,MI 
49094,Union City,Michigan ,BRANCH,26,023,MI 
49097,Vicksburg,Michigan ,KALAMAZOO,26,077,MI 
49098,Watervliet,Michigan ,BERRIEN,26,021,MI 
49099,White Pigeon,Michigan ,SAINT JOSEPH,26,149,MI 
49096,Vermontville,Michigan ,EATON,26,045,MI 
49095,Vandalia,Michigan ,CASS,26,027,MI 
49101,Baroda,Michigan ,BERRIEN,26,021,MI 
49102,Berrien Center,Michigan ,BERRIEN,26,021,MI 
49103,Berrien Springs,Michigan ,BERRIEN,26,021,MI 
49113,Galien,Michigan ,BERRIEN,26,021,MI 
49106,Bridgman,Michigan ,BERRIEN,26,021,MI 
49107,Buchanan,Michigan ,BERRIEN,26,021,MI 
49112,Edwardsburg,Michigan ,CASS,26,027,MI 
49115,Harbert,Michigan ,BERRIEN,26,021,MI 
49111,Eau Claire,Michigan ,BERRIEN,26,021,MI 
49116,Lakeside,Michigan ,BERRIEN,26,021,MI 
49104,Berrien Springs,Michigan ,BERRIEN,26,021,MI 
49117,New Buffalo,Michigan ,BERRIEN,26,021,MI 
49119,New Troy,Michigan ,BERRIEN,26,021,MI 
49126,Sodus,Michigan ,BERRIEN,26,021,MI 
49120,Niles,Michigan ,BERRIEN,26,021,MI 
49128,Three Oaks,Michigan ,BERRIEN,26,021,MI 
49129,Union Pier,Michigan ,BERRIEN,26,021,MI 
49125,Sawyer,Michigan ,BERRIEN,26,021,MI 
49127,Stevensville,Michigan ,BERRIEN,26,021,MI 
49130,Union,Michigan ,CASS,26,027,MI 
49201,Jackson,Michigan ,JACKSON,26,075,MI 
49221,Adrian,Michigan ,LENAWEE,26,091,MI 
49203,Jackson,Michigan ,JACKSON,26,075,MI 
49220,Addison,Michigan ,LENAWEE,26,091,MI 
49204,Jackson,Michigan ,JACKSON,26,075,MI 
49202,Jackson,Michigan ,JACKSON,26,075,MI 
49224,Albion,Michigan ,CALHOUN,26,025,MI 
49227,Allen,Michigan ,HILLSDALE,26,059,MI 
49229,Britton,Michigan ,LENAWEE,26,091,MI 
49228,Blissfield,Michigan ,LENAWEE,26,091,MI 
49233,Cement City,Michigan ,LENAWEE,26,091,MI 
49230,Brooklyn,Michigan ,JACKSON,26,075,MI 
49234,Clarklake,Michigan ,JACKSON,26,075,MI 
49235,Clayton,Michigan ,LENAWEE,26,091,MI 
49232,Camden,Michigan ,HILLSDALE,26,059,MI 
49236,Clinton,Michigan ,LENAWEE,26,091,MI 
49237,Concord,Michigan ,JACKSON,26,075,MI 
49238,Deerfield,Michigan ,LENAWEE,26,091,MI 
49239,Frontier,Michigan ,HILLSDALE,26,059,MI 
49241,Hanover,Michigan ,JACKSON,26,075,MI 
49240,Grass Lake,Michigan ,JACKSON,26,075,MI 
49242,Hillsdale,Michigan ,HILLSDALE,26,059,MI 
49245,Homer,Michigan ,CALHOUN,26,025,MI 
49246,Horton,Michigan ,JACKSON,26,075,MI 
49247,Hudson,Michigan ,LENAWEE,26,091,MI 
49248,Jasper,Michigan ,LENAWEE,26,091,MI 
49252,Litchfield,Michigan ,HILLSDALE,26,059,MI 
49250,Jonesville,Michigan ,HILLSDALE,26,059,MI 
49249,Jerome,Michigan ,HILLSDALE,26,059,MI 
49251,Leslie,Michigan ,INGHAM,26,065,MI 
49253,Manitou Beach,Michigan ,LENAWEE,26,091,MI 
49254,Michigan Center,Michigan ,JACKSON,26,075,MI 
49255,Montgomery,Michigan ,BRANCH,26,023,MI 
49256,Morenci,Michigan ,LENAWEE,26,091,MI 
49257,Moscow,Michigan ,HILLSDALE,26,059,MI 
49258,Mosherville,Michigan ,HILLSDALE,26,059,MI 
49261,Napoleon,Michigan ,JACKSON,26,075,MI 
49259,Munith,Michigan ,JACKSON,26,075,MI 
49263,Norvell,Michigan ,JACKSON,26,075,MI 
49262,North Adams,Michigan ,HILLSDALE,26,059,MI 
49264,Onondaga,Michigan ,INGHAM,26,065,MI 
49265,Onsted,Michigan ,LENAWEE,26,091,MI 
49266,Osseo,Michigan ,HILLSDALE,26,059,MI 
49270,Petersburg,Michigan ,MONROE,26,115,MI 
49269,Parma,Michigan ,JACKSON,26,075,MI 
49267,Ottawa Lake,Michigan ,MONROE,26,115,MI 
49271,Pittsford,Michigan ,HILLSDALE,26,059,MI 
49268,Palmyra,Michigan ,LENAWEE,26,091,MI 
49274,Reading,Michigan ,HILLSDALE,26,059,MI 
49276,Riga,Michigan ,LENAWEE,26,091,MI 
49272,Pleasant Lake,Michigan ,JACKSON,26,075,MI 
49277,Rives Junction,Michigan ,JACKSON,26,075,MI 
49279,Sand Creek,Michigan ,LENAWEE,26,091,MI 
49282,Somerset Center,Michigan ,HILLSDALE,26,059,MI 
49281,Somerset,Michigan ,HILLSDALE,26,059,MI 
49283,Spring Arbor,Michigan ,JACKSON,26,075,MI 
49285,Stockbridge,Michigan ,INGHAM,26,065,MI 
49286,Tecumseh,Michigan ,LENAWEE,26,091,MI 
49284,Springport,Michigan ,JACKSON,26,075,MI 
49288,Waldron,Michigan ,HILLSDALE,26,059,MI 
49287,Tipton,Michigan ,LENAWEE,26,091,MI 
49302,Alto,Michigan ,KENT,26,081,MI 
49301,Ada,Michigan ,KENT,26,081,MI 
49289,Weston,Michigan ,LENAWEE,26,091,MI 
49303,Bailey,Michigan ,MUSKEGON,26,121,MI 
49305,Barryton,Michigan ,MECOSTA,26,107,MI 
49304,Baldwin,Michigan ,LAKE,26,085,MI 
49306,Belmont,Michigan ,KENT,26,081,MI 
49309,Bitely,Michigan ,NEWAYGO,26,123,MI 
49310,Blanchard,Michigan ,ISABELLA,26,073,MI 
49307,Big Rapids,Michigan ,MECOSTA,26,107,MI 
49311,Bradley,Michigan ,ALLEGAN,26,005,MI 
49312,Brohman,Michigan ,NEWAYGO,26,123,MI 
49315,Byron Center,Michigan ,KENT,26,081,MI 
49314,Burnips,Michigan ,ALLEGAN,26,005,MI 
49317,Cannonsburg,Michigan ,KENT,26,081,MI 
49316,Caledonia,Michigan ,KENT,26,081,MI 
49318,Casnovia,Michigan ,MUSKEGON,26,121,MI 
49320,Chippewa Lake,Michigan ,MECOSTA,26,107,MI 
49323,Dorr,Michigan ,ALLEGAN,26,005,MI 
49321,Comstock Park,Michigan ,KENT,26,081,MI 
49319,Cedar Springs,Michigan ,KENT,26,081,MI 
49322,Coral,Michigan ,MONTCALM,26,117,MI 
49325,Freeport,Michigan ,BARRY,26,015,MI 
49332,Mecosta,Michigan ,MECOSTA,26,107,MI 
49328,Hopkins,Michigan ,ALLEGAN,26,005,MI 
49327,Grant,Michigan ,NEWAYGO,26,123,MI 
49331,Lowell,Michigan ,KENT,26,081,MI 
49330,Kent City,Michigan ,KENT,26,081,MI 
49329,Howard City,Michigan ,MONTCALM,26,117,MI 
49326,Gowen,Michigan ,KENT,26,081,MI 
49333,Middleville,Michigan ,BARRY,26,015,MI 
49336,Morley,Michigan ,MECOSTA,26,107,MI 
49335,Moline,Michigan ,ALLEGAN,26,005,MI 
49337,Newaygo,Michigan ,NEWAYGO,26,123,MI 
49338,Paris,Michigan ,MECOSTA,26,107,MI 
49340,Remus,Michigan ,MECOSTA,26,107,MI 
49341,Rockford,Michigan ,KENT,26,081,MI 
49339,Pierson,Michigan ,MONTCALM,26,117,MI 
49342,Rodney,Michigan ,MECOSTA,26,107,MI 
49343,Sand Lake,Michigan ,KENT,26,081,MI 
49348,Wayland,Michigan ,ALLEGAN,26,005,MI 
49345,Sparta,Michigan ,KENT,26,081,MI 
49344,Shelbyville,Michigan ,ALLEGAN,26,005,MI 
49349,White Cloud,Michigan ,NEWAYGO,26,123,MI 
49351,Rockford,Michigan ,KENT,26,081,MI 
49347,Trufant,Michigan ,MONTCALM,26,117,MI 
49346,Stanwood,Michigan ,MECOSTA,26,107,MI 
49355,Ada,Michigan ,KENT,26,081,MI 
49404,Coopersville,Michigan ,OTTAWA,26,139,MI 
49356,Ada,Michigan ,KENT,26,081,MI 
49357,Ada,Michigan ,KENT,26,081,MI 
49403,Conklin,Michigan ,OTTAWA,26,139,MI 
49401,Allendale,Michigan ,OTTAWA,26,139,MI 
49405,Custer,Michigan ,MASON,26,105,MI 
49402,Branch,Michigan ,MASON,26,105,MI 
49406,Douglas,Michigan ,ALLEGAN,26,005,MI 
49408,Fennville,Michigan ,ALLEGAN,26,005,MI 
49409,Ferrysburg,Michigan ,OTTAWA,26,139,MI 
49412,Fremont,Michigan ,NEWAYGO,26,123,MI 
49410,Fountain,Michigan ,MASON,26,105,MI 
49413,Fremont,Michigan ,NEWAYGO,26,123,MI 
49411,Free Soil,Michigan ,MASON,26,105,MI 
49415,Fruitport,Michigan ,MUSKEGON,26,121,MI 
49416,Glenn,Michigan ,ALLEGAN,26,005,MI 
49418,Grandville,Michigan ,KENT,26,081,MI 
49420,Hart,Michigan ,OCEANA,26,127,MI 
49423,Holland,Michigan ,OTTAWA,26,139,MI 
49421,Hesperia,Michigan ,OCEANA,26,127,MI 
49419,Hamilton,Michigan ,ALLEGAN,26,005,MI 
49422,Holland,Michigan ,OTTAWA,26,139,MI 
49424,Holland,Michigan ,OTTAWA,26,139,MI 
49425,Holton,Michigan ,MUSKEGON,26,121,MI 
49417,Grand Haven,Michigan ,OTTAWA,26,139,MI 
49431,Ludington,Michigan ,MASON,26,105,MI 
49426,Hudsonville,Michigan ,OTTAWA,26,139,MI 
49430,Lamont,Michigan ,OTTAWA,26,139,MI 
49427,Jamestown,Michigan ,OTTAWA,26,139,MI 
49429,Jenison,Michigan ,OTTAWA,26,139,MI 
49428,Jenison,Michigan ,OTTAWA,26,139,MI 
49434,Macatawa,Michigan ,OTTAWA,26,139,MI 
49435,Marne,Michigan ,OTTAWA,26,139,MI 
49436,Mears,Michigan ,OCEANA,26,127,MI 
49441,Muskegon,Michigan ,MUSKEGON,26,121,MI 
49442,Muskegon,Michigan ,MUSKEGON,26,121,MI 
49440,Muskegon,Michigan ,MUSKEGON,26,121,MI 
49443,Muskegon,Michigan ,MUSKEGON,26,121,MI 
49437,Montague,Michigan ,MUSKEGON,26,121,MI 
49444,Muskegon,Michigan ,MUSKEGON,26,121,MI 
49445,Muskegon,Michigan ,MUSKEGON,26,121,MI 
49449,Pentwater,Michigan ,OCEANA,26,127,MI 
49446,New Era,Michigan ,OCEANA,26,127,MI 
49451,Ravenna,Michigan ,MUSKEGON,26,121,MI 
49448,Nunica,Michigan ,OTTAWA,26,139,MI 
49452,Rothbury,Michigan ,OCEANA,26,127,MI 
49453,Saugatuck,Michigan ,ALLEGAN,26,005,MI 
49450,Pullman,Michigan ,ALLEGAN,26,005,MI 
49454,Scottville,Michigan ,MASON,26,105,MI 
49455,Shelby,Michigan ,OCEANA,26,127,MI 
49456,Spring Lake,Michigan ,OTTAWA,26,139,MI 
49458,Walhalla,Michigan ,MASON,26,105,MI 
49457,Twin Lake,Michigan ,MUSKEGON,26,121,MI 
49459,Walkerville,Michigan ,OCEANA,26,127,MI 
49460,West Olive,Michigan ,OTTAWA,26,139,MI 
49461,Whitehall,Michigan ,MUSKEGON,26,121,MI 
49463,Sylvan Beach,Michigan ,MUSKEGON,26,121,MI 
49464,Zeeland,Michigan ,OTTAWA,26,139,MI 
49503,Grand Rapids,Michigan ,KENT,26,081,MI 
49501,Grand Rapids,Michigan ,KENT,26,081,MI 
49502,Grand Rapids,Michigan ,KENT,26,081,MI 
49506,Grand Rapids,Michigan ,KENT,26,081,MI 
49504,Grand Rapids,Michigan ,KENT,26,081,MI 
49505,Grand Rapids,Michigan ,KENT,26,081,MI 
49468,Grandville,Michigan ,KENT,26,081,MI 
49507,Grand Rapids,Michigan ,KENT,26,081,MI 
49508,Grand Rapids,Michigan ,KENT,26,081,MI 
49516,Grand Rapids,Michigan ,KENT,26,081,MI 
49509,Wyoming,Michigan ,KENT,26,081,MI 
49512,Grand Rapids,Michigan ,KENT,26,081,MI 
49514,Grand Rapids,Michigan ,KENT,26,081,MI 
49515,Grand Rapids,Michigan ,KENT,26,081,MI 
49518,Grand Rapids,Michigan ,KENT,26,081,MI 
49510,Grand Rapids,Michigan ,KENT,26,081,MI 
49519,Wyoming,Michigan ,KENT,26,081,MI 
49530,Grand Rapids,Michigan ,KENT,26,081,MI 
49523,Grand Rapids,Michigan ,KENT,26,081,MI 
49525,Grand Rapids,Michigan ,KENT,26,081,MI 
49546,Grand Rapids,Michigan ,KENT,26,081,MI 
49528,Grand Rapids,Michigan ,KENT,26,081,MI 
49544,Grand Rapids,Michigan ,KENT,26,081,MI 
49534,Grand Rapids,Michigan ,KENT,26,081,MI 
49548,Grand Rapids,Michigan ,KENT,26,081,MI 
49601,Cadillac,Michigan ,WEXFORD,26,165,MI 
49555,Grand Rapids,Michigan ,KENT,26,081,MI 
49588,Grand Rapids,Michigan ,KENT,26,081,MI 
49599,Grand Rapids,Michigan ,KENT,26,081,MI 
49560,Grand Rapids,Michigan ,KENT,26,081,MI 
49611,Alba,Michigan ,ANTRIM,26,009,MI 
49610,Acme,Michigan ,GRAND TRAVERSE,26,055,MI 
49613,Arcadia,Michigan ,MANISTEE,26,101,MI 
49616,Benzonia,Michigan ,BENZIE,26,019,MI 
49618,Boon,Michigan ,WEXFORD,26,165,MI 
49612,Alden,Michigan ,ANTRIM,26,009,MI 
49615,Bellaire,Michigan ,ANTRIM,26,009,MI 
49614,Bear Lake,Michigan ,MANISTEE,26,101,MI 
49619,Brethren,Michigan ,MANISTEE,26,101,MI 
49617,Beulah,Michigan ,BENZIE,26,019,MI 
49626,Eastlake,Michigan ,MANISTEE,26,101,MI 
49625,Copemish,Michigan ,MANISTEE,26,101,MI 
49627,Eastport,Michigan ,ANTRIM,26,009,MI 
49621,Cedar,Michigan ,LEELANAU,26,089,MI 
49628,Elberta,Michigan ,BENZIE,26,019,MI 
49620,Buckley,Michigan ,WEXFORD,26,165,MI 
49623,Chase,Michigan ,LAKE,26,085,MI 
49622,Central Lake,Michigan ,ANTRIM,26,009,MI 
49631,Evart,Michigan ,OSCEOLA,26,133,MI 
49633,Fife Lake,Michigan ,KALKASKA,26,079,MI 
49635,Frankfort,Michigan ,BENZIE,26,019,MI 
49630,Empire,Michigan ,LEELANAU,26,089,MI 
49629,Elk Rapids,Michigan ,ANTRIM,26,009,MI 
49634,Filer City,Michigan ,MANISTEE,26,101,MI 
49632,Falmouth,Michigan ,MISSAUKEE,26,113,MI 
49636,Glen Arbor,Michigan ,LEELANAU,26,089,MI 
49639,Hersey,Michigan ,OSCEOLA,26,133,MI 
49638,Harrietta,Michigan ,WEXFORD,26,165,MI 
49640,Honor,Michigan ,BENZIE,26,019,MI 
49637,Grawn,Michigan ,GRAND TRAVERSE,26,055,MI 
49643,Interlochen,Michigan ,GRAND TRAVERSE,26,055,MI 
49642,Idlewild,Michigan ,LAKE,26,085,MI 
49644,Irons,Michigan ,LAKE,26,085,MI 
49645,Kaleva,Michigan ,MANISTEE,26,101,MI 
49646,Kalkaska,Michigan ,KALKASKA,26,079,MI 
49649,Kingsley,Michigan ,GRAND TRAVERSE,26,055,MI 
49648,Kewadin,Michigan ,ANTRIM,26,009,MI 
49653,Lake Leelanau,Michigan ,LEELANAU,26,089,MI 
49654,Leland,Michigan ,LEELANAU,26,089,MI 
49651,Lake City,Michigan ,MISSAUKEE,26,113,MI 
49650,Lake Ann,Michigan ,BENZIE,26,019,MI 
49655,Leroy,Michigan ,OSCEOLA,26,133,MI 
49656,Luther,Michigan ,LAKE,26,085,MI 
49657,Mc Bain,Michigan ,MISSAUKEE,26,113,MI 
49659,Mancelona,Michigan ,ANTRIM,26,009,MI 
49664,Maple City,Michigan ,LEELANAU,26,089,MI 
49663,Manton,Michigan ,WEXFORD,26,165,MI 
49665,Marion,Michigan ,OSCEOLA,26,133,MI 
49660,Manistee,Michigan ,MANISTEE,26,101,MI 
49666,Mayfield,Michigan ,GRAND TRAVERSE,26,055,MI 
49667,Merritt,Michigan ,MISSAUKEE,26,113,MI 
49668,Mesick,Michigan ,WEXFORD,26,165,MI 
49676,Rapid City,Michigan ,KALKASKA,26,079,MI 
49674,Omena,Michigan ,LEELANAU,26,089,MI 
49675,Onekama,Michigan ,MANISTEE,26,101,MI 
49673,Old Mission,Michigan ,GRAND TRAVERSE,26,055,MI 
49670,Northport,Michigan ,LEELANAU,26,089,MI 
49677,Reed City,Michigan ,OSCEOLA,26,133,MI 
49679,Sears,Michigan ,OSCEOLA,26,133,MI 
49680,South Boardman,Michigan ,KALKASKA,26,079,MI 
49684,Traverse City,Michigan ,GRAND TRAVERSE,26,055,MI 
49688,Tustin,Michigan ,OSCEOLA,26,133,MI 
49683,Thompsonville,Michigan ,BENZIE,26,019,MI 
49686,Traverse City,Michigan ,GRAND TRAVERSE,26,055,MI 
49685,Traverse City,Michigan ,GRAND TRAVERSE,26,055,MI 
49682,Suttons Bay,Michigan ,LEELANAU,26,089,MI 
49689,Wellston,Michigan ,MANISTEE,26,101,MI 
49690,Williamsburg,Michigan ,GRAND TRAVERSE,26,055,MI 
49705,Afton,Michigan ,CHEBOYGAN,26,031,MI 
49709,Atlanta,Michigan ,MONTMORENCY,26,119,MI 
49696,Traverse City,Michigan ,GRAND TRAVERSE,26,055,MI 
49710,Barbeau,Michigan ,CHIPPEWA,26,033,MI 
49707,Alpena,Michigan ,ALPENA,26,007,MI 
49706,Alanson,Michigan ,EMMET,26,047,MI 
49701,Mackinaw City,Michigan ,CHEBOYGAN,26,031,MI 
49711,Bay Shore,Michigan ,CHARLEVOIX,26,029,MI 
49712,Boyne City,Michigan ,CHARLEVOIX,26,029,MI 
49717,Burt Lake,Michigan ,CHEBOYGAN,26,031,MI 
49716,Brutus,Michigan ,EMMET,26,047,MI 
49719,Cedarville,Michigan ,MACKINAC,26,097,MI 
49713,Boyne Falls,Michigan ,CHARLEVOIX,26,029,MI 
49718,Carp Lake,Michigan ,EMMET,26,047,MI 
49715,Brimley,Michigan ,CHIPPEWA,26,033,MI 
49720,Charlevoix,Michigan ,CHARLEVOIX,26,029,MI 
49727,East Jordan,Michigan ,CHARLEVOIX,26,029,MI 
49728,Eckerman,Michigan ,CHIPPEWA,26,033,MI 
49723,Cross Village,Michigan ,EMMET,26,047,MI 
49724,Dafter,Michigan ,CHIPPEWA,26,033,MI 
49725,De Tour Village,Michigan ,CHIPPEWA,26,033,MI 
49721,Cheboygan,Michigan ,CHEBOYGAN,26,031,MI 
49726,Drummond Island,Michigan ,CHIPPEWA,26,033,MI 
49722,Conway,Michigan ,EMMET,26,047,MI 
49734,Gaylord,Michigan ,OTSEGO,26,137,MI 
49737,Good Hart,Michigan ,EMMET,26,047,MI 
49730,Elmira,Michigan ,OTSEGO,26,137,MI 
49733,Frederic,Michigan ,CRAWFORD,26,039,MI 
49738,Grayling,Michigan ,CRAWFORD,26,039,MI 
49735,Gaylord,Michigan ,OTSEGO,26,137,MI 
49729,Ellsworth,Michigan ,ANTRIM,26,009,MI 
49736,Goetzville,Michigan ,CHIPPEWA,26,033,MI 
49739,Grayling,Michigan ,CRAWFORD,26,039,MI 
49740,Harbor Springs,Michigan ,EMMET,26,047,MI 
49746,Hillman,Michigan ,MONTMORENCY,26,119,MI 
49748,Hulbert,Michigan ,CHIPPEWA,26,033,MI 
49744,Herron,Michigan ,ALPENA,26,007,MI 
49743,Hawks,Michigan ,PRESQUE ISLE,26,141,MI 
49745,Hessel,Michigan ,MACKINAC,26,097,MI 
49747,Hubbard Lake,Michigan ,ALPENA,26,007,MI 
49749,Indian River,Michigan ,CHEBOYGAN,26,031,MI 
49751,Johannesburg,Michigan ,OTSEGO,26,137,MI 
49752,Kinross,Michigan ,CHIPPEWA,26,033,MI 
49756,Lewiston,Michigan ,MONTMORENCY,26,119,MI 
49755,Levering,Michigan ,EMMET,26,047,MI 
49753,Lachine,Michigan ,ALPENA,26,007,MI 
49757,Mackinac Island,Michigan ,MACKINAC,26,097,MI 
49760,Moran,Michigan ,MACKINAC,26,097,MI 
49759,Millersburg,Michigan ,PRESQUE ISLE,26,141,MI 
49761,Mullett Lake,Michigan ,CHEBOYGAN,26,031,MI 
49762,Naubinway,Michigan ,MACKINAC,26,097,MI 
49764,Oden,Michigan ,EMMET,26,047,MI 
49765,Onaway,Michigan ,PRESQUE ISLE,26,141,MI 
49768,Paradise,Michigan ,CHIPPEWA,26,033,MI 
49766,Ossineke,Michigan ,ALPENA,26,007,MI 
49770,Petoskey,Michigan ,EMMET,26,047,MI 
49769,Pellston,Michigan ,EMMET,26,047,MI 
49774,Pickford,Michigan ,CHIPPEWA,26,033,MI 
49775,Pointe Aux Pins,Michigan ,MACKINAC,26,097,MI 
49781,Saint Ignace,Michigan ,MACKINAC,26,097,MI 
49776,Posen,Michigan ,PRESQUE ISLE,26,141,MI 
49777,Presque Isle,Michigan ,PRESQUE ISLE,26,141,MI 
49782,Beaver Island,Michigan ,CHARLEVOIX,26,029,MI 
49780,Rudyard,Michigan ,CHIPPEWA,26,033,MI 
49779,Rogers City,Michigan ,PRESQUE ISLE,26,141,MI 
49783,Sault Sainte Marie,Michigan ,CHIPPEWA,26,033,MI 
49784,Kincheloe,Michigan ,CHIPPEWA,26,033,MI 
49792,Tower,Michigan ,CHEBOYGAN,26,031,MI 
49785,Kincheloe,Michigan ,CHIPPEWA,26,033,MI 
49786,Kincheloe,Michigan ,CHIPPEWA,26,033,MI 
49788,Kincheloe,Michigan ,CHIPPEWA,26,033,MI 
49793,Trout Lake,Michigan ,CHIPPEWA,26,033,MI 
49791,Topinabee,Michigan ,CHEBOYGAN,26,031,MI 
49795,Vanderbilt,Michigan ,OTSEGO,26,137,MI 
49796,Walloon Lake,Michigan ,CHARLEVOIX,26,029,MI 
49797,Waters,Michigan ,OTSEGO,26,137,MI 
49799,Wolverine,Michigan ,CHEBOYGAN,26,031,MI 
49805,Allouez,Michigan ,KEWEENAW,26,083,MI 
49802,Kingsford,Michigan ,DICKINSON,26,043,MI 
49806,Au Train,Michigan ,ALGER,26,003,MI 
49801,Iron Mountain,Michigan ,DICKINSON,26,043,MI 
49808,Big Bay,Michigan ,MARQUETTE,26,103,MI 
49807,Bark River,Michigan ,DELTA,26,041,MI 
49812,Carney,Michigan ,MENOMINEE,26,109,MI 
49814,Champion,Michigan ,MARQUETTE,26,103,MI 
49815,Channing,Michigan ,DICKINSON,26,043,MI 
49816,Chatham,Michigan ,ALGER,26,003,MI 
49818,Cornell,Michigan ,DELTA,26,041,MI 
49817,Cooks,Michigan ,SCHOOLCRAFT,26,153,MI 
49820,Curtis,Michigan ,MACKINAC,26,097,MI 
49821,Daggett,Michigan ,MENOMINEE,26,109,MI 
49822,Deerton,Michigan ,ALGER,26,003,MI 
49819,Arnold,Michigan ,MARQUETTE,26,103,MI 
49827,Engadine,Michigan ,MACKINAC,26,097,MI 
49825,Eben Junction,Michigan ,ALGER,26,003,MI 
49826,Rumely,Michigan ,ALGER,26,003,MI 
49829,Escanaba,Michigan ,DELTA,26,041,MI 
49834,Foster City,Michigan ,DICKINSON,26,043,MI 
49831,Felch,Michigan ,DICKINSON,26,043,MI 
49835,Garden,Michigan ,DELTA,26,041,MI 
49833,Little Lake,Michigan ,MARQUETTE,26,103,MI 
49837,Gladstone,Michigan ,DELTA,26,041,MI 
49839,Grand Marais,Michigan ,ALGER,26,003,MI 
49838,Gould City,Michigan ,MACKINAC,26,097,MI 
49836,Germfask,Michigan ,SCHOOLCRAFT,26,153,MI 
49847,Hermansville,Michigan ,MENOMINEE,26,109,MI 
49845,Harris,Michigan ,MENOMINEE,26,109,MI 
49840,Gulliver,Michigan ,SCHOOLCRAFT,26,153,MI 
49841,Gwinn,Michigan ,MARQUETTE,26,103,MI 
49849,Ishpeming,Michigan ,MARQUETTE,26,103,MI 
49848,Ingalls,Michigan ,MENOMINEE,26,109,MI 
49852,Loretto,Michigan ,DICKINSON,26,043,MI 
49853,Mc Millan,Michigan ,LUCE,26,095,MI 
49855,Marquette,Michigan ,MARQUETTE,26,103,MI 
49858,Menominee,Michigan ,MENOMINEE,26,109,MI 
49861,Michigamme,Michigan ,MARQUETTE,26,103,MI 
49854,Manistique,Michigan ,SCHOOLCRAFT,26,153,MI 
49862,Munising,Michigan ,ALGER,26,003,MI 
49865,National Mine,Michigan ,MARQUETTE,26,103,MI 
49863,Nadeau,Michigan ,MENOMINEE,26,109,MI 
49864,Nahma,Michigan ,DELTA,26,041,MI 
49866,Negaunee,Michigan ,MARQUETTE,26,103,MI 
49870,Norway,Michigan ,DICKINSON,26,043,MI 
49868,Newberry,Michigan ,LUCE,26,095,MI 
49876,Quinnesec,Michigan ,DICKINSON,26,043,MI 
49872,Perkins,Michigan ,DELTA,26,041,MI 
49873,Perronville,Michigan ,MENOMINEE,26,109,MI 
49874,Powers,Michigan ,MENOMINEE,26,109,MI 
49879,Republic,Michigan ,MARQUETTE,26,103,MI 
49877,Ralph,Michigan ,DICKINSON,26,043,MI 
49878,Rapid River,Michigan ,DELTA,26,041,MI 
49871,Palmer,Michigan ,MARQUETTE,26,103,MI 
49880,Rock,Michigan ,DELTA,26,041,MI 
49883,Seney,Michigan ,SCHOOLCRAFT,26,153,MI 
49884,Shingleton,Michigan ,ALGER,26,003,MI 
49881,Sagola,Michigan ,DICKINSON,26,043,MI 
49885,Skandia,Michigan ,MARQUETTE,26,103,MI 
49887,Stephenson,Michigan ,MENOMINEE,26,109,MI 
49891,Trenary,Michigan ,ALGER,26,003,MI 
49886,Spalding,Michigan ,MENOMINEE,26,109,MI 
49893,Wallace,Michigan ,MENOMINEE,26,109,MI 
49895,Wetmore,Michigan ,ALGER,26,003,MI 
49894,Wells,Michigan ,DELTA,26,041,MI 
49892,Vulcan,Michigan ,DICKINSON,26,043,MI 
49896,Wilson,Michigan ,MENOMINEE,26,109,MI 
49903,Amasa,Michigan ,IRON,26,071,MI 
49901,Ahmeek,Michigan ,KEWEENAW,26,083,MI 
49902,Alpha,Michigan ,IRON,26,071,MI 
49905,Atlantic Mine,Michigan ,HOUGHTON,26,061,MI 
49910,Bergland,Michigan ,ONTONAGON,26,131,MI 
49908,Baraga,Michigan ,BARAGA,26,013,MI 
49911,Bessemer,Michigan ,GOGEBIC,26,053,MI 
49912,Bruce Crossing,Michigan ,ONTONAGON,26,131,MI 
49913,Calumet,Michigan ,HOUGHTON,26,061,MI 
49916,Chassell,Michigan ,HOUGHTON,26,061,MI 
49915,Caspian,Michigan ,IRON,26,071,MI 
49917,Copper City,Michigan ,HOUGHTON,26,061,MI 
49918,Copper Harbor,Michigan ,KEWEENAW,26,083,MI 
49920,Crystal Falls,Michigan ,IRON,26,071,MI 
49921,Dodgeville,Michigan ,HOUGHTON,26,061,MI 
49919,Covington,Michigan ,BARAGA,26,013,MI 
49922,Dollar Bay,Michigan ,HOUGHTON,26,061,MI 
49929,Greenland,Michigan ,ONTONAGON,26,131,MI 
49925,Ewen,Michigan ,ONTONAGON,26,131,MI 
49927,Gaastra,Michigan ,IRON,26,071,MI 
49931,Houghton,Michigan ,HOUGHTON,26,061,MI 
49934,Hubbell,Michigan ,HOUGHTON,26,061,MI 
49935,Iron River,Michigan ,IRON,26,071,MI 
49938,Ironwood,Michigan ,GOGEBIC,26,053,MI 
49945,Lake Linden,Michigan ,HOUGHTON,26,061,MI 
49946,Lanse,Michigan ,BARAGA,26,013,MI 
49942,Kearsarge,Michigan ,HOUGHTON,26,061,MI 
49930,Hancock,Michigan ,HOUGHTON,26,061,MI 
49947,Marenisco,Michigan ,GOGEBIC,26,053,MI 
49952,Nisula,Michigan ,HOUGHTON,26,061,MI 
49948,Mass City,Michigan ,ONTONAGON,26,131,MI 
49950,Mohawk,Michigan ,KEWEENAW,26,083,MI 
49953,Ontonagon,Michigan ,ONTONAGON,26,131,MI 
49955,Painesdale,Michigan ,HOUGHTON,26,061,MI 
49958,Pelkie,Michigan ,HOUGHTON,26,061,MI 
49959,Ramsay,Michigan ,GOGEBIC,26,053,MI 
49960,Rockland,Michigan ,ONTONAGON,26,131,MI 
49961,Sidnaw,Michigan ,HOUGHTON,26,061,MI 
49962,Skanee,Michigan ,BARAGA,26,013,MI 
49963,South Range,Michigan ,HOUGHTON,26,061,MI 
49964,Stambaugh,Michigan ,IRON,26,071,MI 
49967,Trout Creek,Michigan ,ONTONAGON,26,131,MI 
49965,Toivola,Michigan ,HOUGHTON,26,061,MI 
49968,Wakefield,Michigan ,GOGEBIC,26,053,MI 
49969,Watersmeet,Michigan ,GOGEBIC,26,053,MI 
49971,White Pine,Michigan ,ONTONAGON,26,131,MI 
49970,Watton,Michigan ,BARAGA,26,013,MI 
