10001,New York,New York ,NEW YORK,36,061,NY 
06390,Fishers Island,New York ,SUFFOLK,36,103,NY 
10002,New York,New York ,NEW YORK,36,061,NY 
10003,New York,New York ,NEW YORK,36,061,NY 
10005,New York,New York ,NEW YORK,36,061,NY 
00544,Holtsville,New York ,SUFFOLK,36,103,NY 
10004,New York,New York ,NEW YORK,36,061,NY 
00501,Holtsville,New York ,SUFFOLK,36,103,NY 
10006,New York,New York ,NEW YORK,36,061,NY 
10008,New York,New York ,NEW YORK,36,061,NY 
10009,New York,New York ,NEW YORK,36,061,NY 
10013,New York,New York ,NEW YORK,36,061,NY 
10012,New York,New York ,NEW YORK,36,061,NY 
10007,New York,New York ,NEW YORK,36,061,NY 
10011,New York,New York ,NEW YORK,36,061,NY 
10010,New York,New York ,NEW YORK,36,061,NY 
10014,New York,New York ,NEW YORK,36,061,NY 
10018,New York,New York ,NEW YORK,36,061,NY 
10020,New York,New York ,NEW YORK,36,061,NY 
10017,New York,New York ,NEW YORK,36,061,NY 
10022,New York,New York ,NEW YORK,36,061,NY 
10019,New York,New York ,NEW YORK,36,061,NY 
10021,New York,New York ,NEW YORK,36,061,NY 
10016,New York,New York ,NEW YORK,36,061,NY 
10023,New York,New York ,NEW YORK,36,061,NY 
10026,New York,New York ,NEW YORK,36,061,NY 
10025,New York,New York ,NEW YORK,36,061,NY 
10028,New York,New York ,NEW YORK,36,061,NY 
10024,New York,New York ,NEW YORK,36,061,NY 
10030,New York,New York ,NEW YORK,36,061,NY 
10027,New York,New York ,NEW YORK,36,061,NY 
10029,New York,New York ,NEW YORK,36,061,NY 
10031,New York,New York ,NEW YORK,36,061,NY 
10032,New York,New York ,NEW YORK,36,061,NY 
10038,New York,New York ,NEW YORK,36,061,NY 
10035,New York,New York ,NEW YORK,36,061,NY 
10036,New York,New York ,NEW YORK,36,061,NY 
10033,New York,New York ,NEW YORK,36,061,NY 
10037,New York,New York ,NEW YORK,36,061,NY 
10034,New York,New York ,NEW YORK,36,061,NY 
10039,New York,New York ,NEW YORK,36,061,NY 
10041,New York,New York ,NEW YORK,36,061,NY 
10040,New York,New York ,NEW YORK,36,061,NY 
10060,New York,New York ,NEW YORK,36,061,NY 
10055,New York,New York ,NEW YORK,36,061,NY 
10044,New York,New York ,NEW YORK,36,061,NY 
10043,New York,New York ,NEW YORK,36,061,NY 
10045,New York,New York ,NEW YORK,36,061,NY 
10065,New York,New York ,NEW YORK,36,061,NY 
10069,New York,New York ,NEW YORK,36,061,NY 
10075,New York,New York ,NEW YORK,36,061,NY 
10081,New York,New York ,NEW YORK,36,061,NY 
10090,New York,New York ,NEW YORK,36,061,NY 
10101,New York,New York ,NEW YORK,36,061,NY 
10080,New York,New York ,NEW YORK,36,061,NY 
10087,New York,New York ,NEW YORK,36,061,NY 
10103,New York,New York ,NEW YORK,36,061,NY 
10102,New York,New York ,NEW YORK,36,061,NY 
10104,New York,New York ,NEW YORK,36,061,NY 
10105,New York,New York ,NEW YORK,36,061,NY 
10108,New York,New York ,NEW YORK,36,061,NY 
10109,New York,New York ,NEW YORK,36,061,NY 
10106,New York,New York ,NEW YORK,36,061,NY 
10107,New York,New York ,NEW YORK,36,061,NY 
10110,New York,New York ,NEW YORK,36,061,NY 
10111,New York,New York ,NEW YORK,36,061,NY 
10112,New York,New York ,NEW YORK,36,061,NY 
10113,New York,New York ,NEW YORK,36,061,NY 
10119,New York,New York ,NEW YORK,36,061,NY 
10114,New York,New York ,NEW YORK,36,061,NY 
10116,New York,New York ,NEW YORK,36,061,NY 
10117,New York,New York ,NEW YORK,36,061,NY 
10115,New York,New York ,NEW YORK,36,061,NY 
10118,New York,New York ,NEW YORK,36,061,NY 
10120,New York,New York ,NEW YORK,36,061,NY 
10121,New York,New York ,NEW YORK,36,061,NY 
10124,New York,New York ,NEW YORK,36,061,NY 
10122,New York,New York ,NEW YORK,36,061,NY 
10126,New York,New York ,NEW YORK,36,061,NY 
10128,New York,New York ,NEW YORK,36,061,NY 
10125,New York,New York ,NEW YORK,36,061,NY 
10129,New York,New York ,NEW YORK,36,061,NY 
10123,New York,New York ,NEW YORK,36,061,NY 
10130,New York,New York ,NEW YORK,36,061,NY 
10131,New York,New York ,NEW YORK,36,061,NY 
10132,New York,New York ,NEW YORK,36,061,NY 
10133,New York,New York ,NEW YORK,36,061,NY 
10138,New York,New York ,NEW YORK,36,061,NY 
10152,New York,New York ,NEW YORK,36,061,NY 
10151,New York,New York ,NEW YORK,36,061,NY 
10150,New York,New York ,NEW YORK,36,061,NY 
10153,New York,New York ,NEW YORK,36,061,NY 
10156,New York,New York ,NEW YORK,36,061,NY 
10159,New York,New York ,NEW YORK,36,061,NY 
10158,New York,New York ,NEW YORK,36,061,NY 
10154,New York,New York ,NEW YORK,36,061,NY 
10155,New York,New York ,NEW YORK,36,061,NY 
10157,New York,New York ,NEW YORK,36,061,NY 
10160,New York,New York ,NEW YORK,36,061,NY 
10162,New York,New York ,NEW YORK,36,061,NY 
10166,New York,New York ,NEW YORK,36,061,NY 
10163,New York,New York ,NEW YORK,36,061,NY 
10165,New York,New York ,NEW YORK,36,061,NY 
10164,New York,New York ,NEW YORK,36,061,NY 
10167,New York,New York ,NEW YORK,36,061,NY 
10169,New York,New York ,NEW YORK,36,061,NY 
10170,New York,New York ,NEW YORK,36,061,NY 
10168,New York,New York ,NEW YORK,36,061,NY 
10175,New York,New York ,NEW YORK,36,061,NY 
10174,New York,New York ,NEW YORK,36,061,NY 
10171,New York,New York ,NEW YORK,36,061,NY 
10172,New York,New York ,NEW YORK,36,061,NY 
10173,New York,New York ,NEW YORK,36,061,NY 
10176,New York,New York ,NEW YORK,36,061,NY 
10177,New York,New York ,NEW YORK,36,061,NY 
10178,New York,New York ,NEW YORK,36,061,NY 
10179,New York,New York ,NEW YORK,36,061,NY 
10199,New York,New York ,NEW YORK,36,061,NY 
10212,New York,New York ,NEW YORK,36,061,NY 
10211,New York,New York ,NEW YORK,36,061,NY 
10203,New York,New York ,NEW YORK,36,061,NY 
10185,New York,New York ,NEW YORK,36,061,NY 
10242,New York,New York ,NEW YORK,36,061,NY 
10213,New York,New York ,NEW YORK,36,061,NY 
10261,New York,New York ,NEW YORK,36,061,NY 
10268,New York,New York ,NEW YORK,36,061,NY 
10258,New York,New York ,NEW YORK,36,061,NY 
10265,New York,New York ,NEW YORK,36,061,NY 
10249,New York,New York ,NEW YORK,36,061,NY 
10256,New York,New York ,NEW YORK,36,061,NY 
10260,New York,New York ,NEW YORK,36,061,NY 
10259,New York,New York ,NEW YORK,36,061,NY 
10269,New York,New York ,NEW YORK,36,061,NY 
10272,New York,New York ,NEW YORK,36,061,NY 
10276,New York,New York ,NEW YORK,36,061,NY 
10274,New York,New York ,NEW YORK,36,061,NY 
10271,New York,New York ,NEW YORK,36,061,NY 
10273,New York,New York ,NEW YORK,36,061,NY 
10270,New York,New York ,NEW YORK,36,061,NY 
10275,New York,New York ,NEW YORK,36,061,NY 
10277,New York,New York ,NEW YORK,36,061,NY 
10278,New York,New York ,NEW YORK,36,061,NY 
10279,New York,New York ,NEW YORK,36,061,NY 
10280,New York,New York ,NEW YORK,36,061,NY 
10285,New York,New York ,NEW YORK,36,061,NY 
10286,New York,New York ,NEW YORK,36,061,NY 
10281,New York,New York ,NEW YORK,36,061,NY 
10282,New York,New York ,NEW YORK,36,061,NY 
10301,Staten Island,New York ,RICHMOND,36,085,NY 
10302,Staten Island,New York ,RICHMOND,36,085,NY 
10307,Staten Island,New York ,RICHMOND,36,085,NY 
10303,Staten Island,New York ,RICHMOND,36,085,NY 
10305,Staten Island,New York ,RICHMOND,36,085,NY 
10308,Staten Island,New York ,RICHMOND,36,085,NY 
10304,Staten Island,New York ,RICHMOND,36,085,NY 
10306,Staten Island,New York ,RICHMOND,36,085,NY 
10309,Staten Island,New York ,RICHMOND,36,085,NY 
10310,Staten Island,New York ,RICHMOND,36,085,NY 
10311,Staten Island,New York ,RICHMOND,36,085,NY 
10451,Bronx,New York ,BRONX,36,005,NY 
10312,Staten Island,New York ,RICHMOND,36,085,NY 
10313,Staten Island,New York ,RICHMOND,36,085,NY 
10452,Bronx,New York ,BRONX,36,005,NY 
10314,Staten Island,New York ,RICHMOND,36,085,NY 
10453,Bronx,New York ,BRONX,36,005,NY 
10454,Bronx,New York ,BRONX,36,005,NY 
10456,Bronx,New York ,BRONX,36,005,NY 
10455,Bronx,New York ,BRONX,36,005,NY 
10459,Bronx,New York ,BRONX,36,005,NY 
10458,Bronx,New York ,BRONX,36,005,NY 
10460,Bronx,New York ,BRONX,36,005,NY 
10461,Bronx,New York ,BRONX,36,005,NY 
10457,Bronx,New York ,BRONX,36,005,NY 
10462,Bronx,New York ,BRONX,36,005,NY 
10463,Bronx,New York ,BRONX,36,005,NY 
10464,Bronx,New York ,BRONX,36,005,NY 
10470,Bronx,New York ,BRONX,36,005,NY 
10468,Bronx,New York ,BRONX,36,005,NY 
10467,Bronx,New York ,BRONX,36,005,NY 
10465,Bronx,New York ,BRONX,36,005,NY 
10469,Bronx,New York ,BRONX,36,005,NY 
10466,Bronx,New York ,BRONX,36,005,NY 
10471,Bronx,New York ,BRONX,36,005,NY 
10472,Bronx,New York ,BRONX,36,005,NY 
10503,Ardsley On Hudson,New York ,WESTCHESTER,36,119,NY 
10502,Ardsley,New York ,WESTCHESTER,36,119,NY 
10475,Bronx,New York ,BRONX,36,005,NY 
10501,Amawalk,New York ,WESTCHESTER,36,119,NY 
10504,Armonk,New York ,WESTCHESTER,36,119,NY 
10473,Bronx,New York ,BRONX,36,005,NY 
10474,Bronx,New York ,BRONX,36,005,NY 
10505,Baldwin Place,New York ,WESTCHESTER,36,119,NY 
10506,Bedford,New York ,WESTCHESTER,36,119,NY 
10507,Bedford Hills,New York ,WESTCHESTER,36,119,NY 
10510,Briarcliff Manor,New York ,WESTCHESTER,36,119,NY 
10516,Cold Spring,New York ,PUTNAM,36,079,NY 
10512,Carmel,New York ,PUTNAM,36,079,NY 
10511,Buchanan,New York ,WESTCHESTER,36,119,NY 
10509,Brewster,New York ,PUTNAM,36,079,NY 
10514,Chappaqua,New York ,WESTCHESTER,36,119,NY 
10517,Crompond,New York ,WESTCHESTER,36,119,NY 
10518,Cross River,New York ,WESTCHESTER,36,119,NY 
10524,Garrison,New York ,PUTNAM,36,079,NY 
10519,Croton Falls,New York ,WESTCHESTER,36,119,NY 
10520,Croton On Hudson,New York ,WESTCHESTER,36,119,NY 
10521,Croton On Hudson,New York ,WESTCHESTER,36,119,NY 
10522,Dobbs Ferry,New York ,WESTCHESTER,36,119,NY 
10523,Elmsford,New York ,WESTCHESTER,36,119,NY 
10527,Granite Springs,New York ,WESTCHESTER,36,119,NY 
10526,Goldens Bridge,New York ,WESTCHESTER,36,119,NY 
10528,Harrison,New York ,WESTCHESTER,36,119,NY 
10532,Hawthorne,New York ,WESTCHESTER,36,119,NY 
10530,Hartsdale,New York ,WESTCHESTER,36,119,NY 
10535,Jefferson Valley,New York ,WESTCHESTER,36,119,NY 
10533,Irvington,New York ,WESTCHESTER,36,119,NY 
10537,Lake Peekskill,New York ,PUTNAM,36,079,NY 
10538,Larchmont,New York ,WESTCHESTER,36,119,NY 
10536,Katonah,New York ,WESTCHESTER,36,119,NY 
10540,Lincolndale,New York ,WESTCHESTER,36,119,NY 
10541,Mahopac,New York ,PUTNAM,36,079,NY 
10542,Mahopac Falls,New York ,PUTNAM,36,079,NY 
10545,Maryknoll,New York ,WESTCHESTER,36,119,NY 
10546,Millwood,New York ,WESTCHESTER,36,119,NY 
10543,Mamaroneck,New York ,WESTCHESTER,36,119,NY 
10548,Montrose,New York ,WESTCHESTER,36,119,NY 
10547,Mohegan Lake,New York ,WESTCHESTER,36,119,NY 
10549,Mount Kisco,New York ,WESTCHESTER,36,119,NY 
10550,Mount Vernon,New York ,WESTCHESTER,36,119,NY 
10551,Mount Vernon,New York ,WESTCHESTER,36,119,NY 
10553,Mount Vernon,New York ,WESTCHESTER,36,119,NY 
10566,Peekskill,New York ,WESTCHESTER,36,119,NY 
10552,Mount Vernon,New York ,WESTCHESTER,36,119,NY 
10560,North Salem,New York ,WESTCHESTER,36,119,NY 
10562,Ossining,New York ,WESTCHESTER,36,119,NY 
10567,Cortlandt Manor,New York ,WESTCHESTER,36,119,NY 
10570,Pleasantville,New York ,WESTCHESTER,36,119,NY 
10573,Port Chester,New York ,WESTCHESTER,36,119,NY 
10576,Pound Ridge,New York ,WESTCHESTER,36,119,NY 
10580,Rye,New York ,WESTCHESTER,36,119,NY 
10579,Putnam Valley,New York ,PUTNAM,36,079,NY 
10578,Purdys,New York ,WESTCHESTER,36,119,NY 
10583,Scarsdale,New York ,WESTCHESTER,36,119,NY 
10577,Purchase,New York ,WESTCHESTER,36,119,NY 
10587,Shenorock,New York ,WESTCHESTER,36,119,NY 
10588,Shrub Oak,New York ,WESTCHESTER,36,119,NY 
10589,Somers,New York ,WESTCHESTER,36,119,NY 
10591,Tarrytown,New York ,WESTCHESTER,36,119,NY 
10590,South Salem,New York ,WESTCHESTER,36,119,NY 
10596,Verplanck,New York ,WESTCHESTER,36,119,NY 
10594,Thornwood,New York ,WESTCHESTER,36,119,NY 
10595,Valhalla,New York ,WESTCHESTER,36,119,NY 
10597,Waccabuc,New York ,WESTCHESTER,36,119,NY 
10598,Yorktown Heights,New York ,WESTCHESTER,36,119,NY 
10601,White Plains,New York ,WESTCHESTER,36,119,NY 
10606,White Plains,New York ,WESTCHESTER,36,119,NY 
10604,West Harrison,New York ,WESTCHESTER,36,119,NY 
10602,White Plains,New York ,WESTCHESTER,36,119,NY 
10603,White Plains,New York ,WESTCHESTER,36,119,NY 
10605,White Plains,New York ,WESTCHESTER,36,119,NY 
10607,White Plains,New York ,WESTCHESTER,36,119,NY 
10610,White Plains,New York ,WESTCHESTER,36,119,NY 
10701,Yonkers,New York ,WESTCHESTER,36,119,NY 
10702,Yonkers,New York ,WESTCHESTER,36,119,NY 
10706,Hastings On Hudson,New York ,WESTCHESTER,36,119,NY 
10707,Tuckahoe,New York ,WESTCHESTER,36,119,NY 
10703,Yonkers,New York ,WESTCHESTER,36,119,NY 
10704,Yonkers,New York ,WESTCHESTER,36,119,NY 
10705,Yonkers,New York ,WESTCHESTER,36,119,NY 
10708,Bronxville,New York ,WESTCHESTER,36,119,NY 
10709,Eastchester,New York ,WESTCHESTER,36,119,NY 
10901,Suffern,New York ,ROCKLAND,36,087,NY 
10805,New Rochelle,New York ,WESTCHESTER,36,119,NY 
10804,New Rochelle,New York ,WESTCHESTER,36,119,NY 
10710,Yonkers,New York ,WESTCHESTER,36,119,NY 
10803,Pelham,New York ,WESTCHESTER,36,119,NY 
10802,New Rochelle,New York ,WESTCHESTER,36,119,NY 
10801,New Rochelle,New York ,WESTCHESTER,36,119,NY 
10910,Arden,New York ,ORANGE,36,071,NY 
10914,Blooming Grove,New York ,ORANGE,36,071,NY 
10917,Central Valley,New York ,ORANGE,36,071,NY 
10916,Campbell Hall,New York ,ORANGE,36,071,NY 
10912,Bellvale,New York ,ORANGE,36,071,NY 
10913,Blauvelt,New York ,ROCKLAND,36,087,NY 
10915,Bullville,New York ,ORANGE,36,071,NY 
10911,Bear Mountain,New York ,ROCKLAND,36,087,NY 
10918,Chester,New York ,ORANGE,36,071,NY 
10920,Congers,New York ,ROCKLAND,36,087,NY 
10924,Goshen,New York ,ORANGE,36,071,NY 
10922,Fort Montgomery,New York ,ORANGE,36,071,NY 
10921,Florida,New York ,ORANGE,36,071,NY 
10925,Greenwood Lake,New York ,ORANGE,36,071,NY 
10919,Circleville,New York ,ORANGE,36,071,NY 
10923,Garnerville,New York ,ROCKLAND,36,087,NY 
10926,Harriman,New York ,ORANGE,36,071,NY 
10928,Highland Falls,New York ,ORANGE,36,071,NY 
10932,Howells,New York ,ORANGE,36,071,NY 
10927,Haverstraw,New York ,ROCKLAND,36,087,NY 
10931,Hillburn,New York ,ROCKLAND,36,087,NY 
10940,Middletown,New York ,ORANGE,36,071,NY 
10933,Johnson,New York ,ORANGE,36,071,NY 
10941,Middletown,New York ,ORANGE,36,071,NY 
10930,Highland Mills,New York ,ORANGE,36,071,NY 
10949,Monroe,New York ,ORANGE,36,071,NY 
10953,Mountainville,New York ,ORANGE,36,071,NY 
10959,New Milford,New York ,ORANGE,36,071,NY 
10954,Nanuet,New York ,ROCKLAND,36,087,NY 
10956,New City,New York ,ROCKLAND,36,087,NY 
10958,New Hampton,New York ,ORANGE,36,071,NY 
10952,Monsey,New York ,ROCKLAND,36,087,NY 
10950,Monroe,New York ,ORANGE,36,071,NY 
10960,Nyack,New York ,ROCKLAND,36,087,NY 
10964,Palisades,New York ,ROCKLAND,36,087,NY 
10963,Otisville,New York ,ORANGE,36,071,NY 
10960,Nyack,New York ,ROCKLAND,36,087,NY 
10965,Pearl River,New York ,ROCKLAND,36,087,NY 
10968,Piermont,New York ,ROCKLAND,36,087,NY 
10962,Orangeburg,New York ,ROCKLAND,36,087,NY 
10969,Pine Island,New York ,ORANGE,36,071,NY 
10970,Pomona,New York ,ROCKLAND,36,087,NY 
10973,Slate Hill,New York ,ORANGE,36,071,NY 
10974,Sloatsburg,New York ,ROCKLAND,36,087,NY 
10975,Southfields,New York ,ORANGE,36,071,NY 
10977,Spring Valley,New York ,ROCKLAND,36,087,NY 
10976,Sparkill,New York ,ROCKLAND,36,087,NY 
10980,Stony Point,New York ,ROCKLAND,36,087,NY 
10981,Sugar Loaf,New York ,ORANGE,36,071,NY 
10979,Sterling Forest,New York ,ORANGE,36,071,NY 
10982,Tallman,New York ,ROCKLAND,36,087,NY 
10983,Tappan,New York ,ROCKLAND,36,087,NY 
10985,Thompson Ridge,New York ,ORANGE,36,071,NY 
10984,Thiells,New York ,ROCKLAND,36,087,NY 
10988,Unionville,New York ,ORANGE,36,071,NY 
10986,Tomkins Cove,New York ,ROCKLAND,36,087,NY 
10989,Valley Cottage,New York ,ROCKLAND,36,087,NY 
10987,Tuxedo Park,New York ,ORANGE,36,071,NY 
10990,Warwick,New York ,ORANGE,36,071,NY 
10992,Washingtonville,New York ,ORANGE,36,071,NY 
10993,West Haverstraw,New York ,ROCKLAND,36,087,NY 
10997,West Point,New York ,ORANGE,36,071,NY 
11001,Floral Park,New York ,NASSAU,36,059,NY 
10994,West Nyack,New York ,ROCKLAND,36,087,NY 
10998,Westtown,New York ,ORANGE,36,071,NY 
10996,West Point,New York ,ORANGE,36,071,NY 
11001,Floral Park,New York ,NASSAU,36,059,NY 
11001,Floral Park,New York ,NASSAU,36,059,NY 
11002,Floral Park,New York ,NASSAU,36,059,NY 
11020,Great Neck,New York ,NASSAU,36,059,NY 
11003,Elmont,New York ,NASSAU,36,059,NY 
11004,Glen Oaks,New York ,QUEENS,36,081,NY 
11005,Floral Park,New York ,QUEENS,36,081,NY 
11010,Franklin Square,New York ,NASSAU,36,059,NY 
11021,Great Neck,New York ,NASSAU,36,059,NY 
11023,Great Neck,New York ,NASSAU,36,059,NY 
11022,Great Neck,New York ,NASSAU,36,059,NY 
11024,Great Neck,New York ,NASSAU,36,059,NY 
11027,Great Neck,New York ,NASSAU,36,059,NY 
11030,Manhasset,New York ,NASSAU,36,059,NY 
11026,Great Neck,New York ,NASSAU,36,059,NY 
11040,New Hyde Park,New York ,NASSAU,36,059,NY 
11042,New Hyde Park,New York ,NASSAU,36,059,NY 
11050,Port Washington,New York ,NASSAU,36,059,NY 
11051,Port Washington,New York ,NASSAU,36,059,NY 
11053,Port Washington,New York ,NASSAU,36,059,NY 
11054,Port Washington,New York ,NASSAU,36,059,NY 
11055,Port Washington,New York ,NASSAU,36,059,NY 
11096,Inwood,New York ,NASSAU,36,059,NY 
11052,Port Washington,New York ,NASSAU,36,059,NY 
11103,Astoria,New York ,QUEENS,36,081,NY 
11101,Long Island City,New York ,QUEENS,36,081,NY 
11102,Astoria,New York ,QUEENS,36,081,NY 
11120,Long Island City,New York ,QUEENS,36,081,NY 
11104,Sunnyside,New York ,QUEENS,36,081,NY 
11105,Astoria,New York ,QUEENS,36,081,NY 
11106,Astoria,New York ,QUEENS,36,081,NY 
11109,Long Island City,New York ,QUEENS,36,081,NY 
11201,Brooklyn,New York ,KINGS,36,047,NY 
11202,Brooklyn,New York ,KINGS,36,047,NY 
11203,Brooklyn,New York ,KINGS,36,047,NY 
11204,Brooklyn,New York ,KINGS,36,047,NY 
11205,Brooklyn,New York ,KINGS,36,047,NY 
11206,Brooklyn,New York ,KINGS,36,047,NY 
11208,Brooklyn,New York ,KINGS,36,047,NY 
11207,Brooklyn,New York ,KINGS,36,047,NY 
11210,Brooklyn,New York ,KINGS,36,047,NY 
11211,Brooklyn,New York ,KINGS,36,047,NY 
11209,Brooklyn,New York ,KINGS,36,047,NY 
11212,Brooklyn,New York ,KINGS,36,047,NY 
11213,Brooklyn,New York ,KINGS,36,047,NY 
11215,Brooklyn,New York ,KINGS,36,047,NY 
11214,Brooklyn,New York ,KINGS,36,047,NY 
11218,Brooklyn,New York ,KINGS,36,047,NY 
11219,Brooklyn,New York ,KINGS,36,047,NY 
11216,Brooklyn,New York ,KINGS,36,047,NY 
11217,Brooklyn,New York ,KINGS,36,047,NY 
11220,Brooklyn,New York ,KINGS,36,047,NY 
11222,Brooklyn,New York ,KINGS,36,047,NY 
11221,Brooklyn,New York ,KINGS,36,047,NY 
11226,Brooklyn,New York ,KINGS,36,047,NY 
11224,Brooklyn,New York ,KINGS,36,047,NY 
11228,Brooklyn,New York ,KINGS,36,047,NY 
11223,Brooklyn,New York ,KINGS,36,047,NY 
11229,Brooklyn,New York ,KINGS,36,047,NY 
11225,Brooklyn,New York ,KINGS,36,047,NY 
11231,Brooklyn,New York ,KINGS,36,047,NY 
11230,Brooklyn,New York ,KINGS,36,047,NY 
11232,Brooklyn,New York ,KINGS,36,047,NY 
11236,Brooklyn,New York ,KINGS,36,047,NY 
11233,Brooklyn,New York ,KINGS,36,047,NY 
11235,Brooklyn,New York ,KINGS,36,047,NY 
11234,Brooklyn,New York ,KINGS,36,047,NY 
11237,Brooklyn,New York ,KINGS,36,047,NY 
11239,Brooklyn,New York ,KINGS,36,047,NY 
11238,Brooklyn,New York ,KINGS,36,047,NY 
11245,Brooklyn,New York ,KINGS,36,047,NY 
11241,Brooklyn,New York ,KINGS,36,047,NY 
11247,Brooklyn,New York ,KINGS,36,047,NY 
11242,Brooklyn,New York ,KINGS,36,047,NY 
11249,Brooklyn,New York ,KINGS,36,047,NY 
11243,Brooklyn,New York ,KINGS,36,047,NY 
11251,Brooklyn,New York ,KINGS,36,047,NY 
11252,Brooklyn,New York ,KINGS,36,047,NY 
11256,Brooklyn,New York ,KINGS,36,047,NY 
11351,Flushing,New York ,QUEENS,36,081,NY 
11357,Whitestone,New York ,QUEENS,36,081,NY 
11352,Flushing,New York ,QUEENS,36,081,NY 
11355,Flushing,New York ,QUEENS,36,081,NY 
11356,College Point,New York ,QUEENS,36,081,NY 
11354,Flushing,New York ,QUEENS,36,081,NY 
11358,Flushing,New York ,QUEENS,36,081,NY 
11359,Bayside,New York ,QUEENS,36,081,NY 
11360,Bayside,New York ,QUEENS,36,081,NY 
11364,Oakland Gardens,New York ,QUEENS,36,081,NY 
11363,Little Neck,New York ,QUEENS,36,081,NY 
11361,Bayside,New York ,QUEENS,36,081,NY 
11365,Fresh Meadows,New York ,QUEENS,36,081,NY 
11362,Little Neck,New York ,QUEENS,36,081,NY 
11366,Fresh Meadows,New York ,QUEENS,36,081,NY 
11367,Flushing,New York ,QUEENS,36,081,NY 
11368,Corona,New York ,QUEENS,36,081,NY 
11374,Rego Park,New York ,QUEENS,36,081,NY 
11372,Jackson Heights,New York ,QUEENS,36,081,NY 
11373,Elmhurst,New York ,QUEENS,36,081,NY 
11369,East Elmhurst,New York ,QUEENS,36,081,NY 
11371,Flushing,New York ,QUEENS,36,081,NY 
11370,East Elmhurst,New York ,QUEENS,36,081,NY 
11375,Forest Hills,New York ,QUEENS,36,081,NY 
11377,Woodside,New York ,QUEENS,36,081,NY 
11386,Ridgewood,New York ,QUEENS,36,081,NY 
11379,Middle Village,New York ,QUEENS,36,081,NY 
11380,Elmhurst,New York ,QUEENS,36,081,NY 
11381,Flushing,New York ,QUEENS,36,081,NY 
11378,Maspeth,New York ,QUEENS,36,081,NY 
11385,Ridgewood,New York ,QUEENS,36,081,NY 
11405,Jamaica,New York ,QUEENS,36,081,NY 
11411,Cambria Heights,New York ,QUEENS,36,081,NY 
11414,Howard Beach,New York ,QUEENS,36,081,NY 
11416,Ozone Park,New York ,QUEENS,36,081,NY 
11412,Saint Albans,New York ,QUEENS,36,081,NY 
11417,Ozone Park,New York ,QUEENS,36,081,NY 
11413,Springfield Gardens,New York ,QUEENS,36,081,NY 
11419,South Richmond Hill,New York ,QUEENS,36,081,NY 
11418,Richmond Hill,New York ,QUEENS,36,081,NY 
11415,Kew Gardens,New York ,QUEENS,36,081,NY 
11421,Woodhaven,New York ,QUEENS,36,081,NY 
11423,Hollis,New York ,QUEENS,36,081,NY 
11420,South Ozone Park,New York ,QUEENS,36,081,NY 
11426,Bellerose,New York ,QUEENS,36,081,NY 
11427,Queens Village,New York ,QUEENS,36,081,NY 
11424,Jamaica,New York ,QUEENS,36,081,NY 
11422,Rosedale,New York ,QUEENS,36,081,NY 
11425,Jamaica,New York ,QUEENS,36,081,NY 
11428,Queens Village,New York ,QUEENS,36,081,NY 
11431,Jamaica,New York ,QUEENS,36,081,NY 
11434,Jamaica,New York ,QUEENS,36,081,NY 
11435,Jamaica,New York ,QUEENS,36,081,NY 
11432,Jamaica,New York ,QUEENS,36,081,NY 
11430,Jamaica,New York ,QUEENS,36,081,NY 
11429,Queens Village,New York ,QUEENS,36,081,NY 
11433,Jamaica,New York ,QUEENS,36,081,NY 
11436,Jamaica,New York ,QUEENS,36,081,NY 
11437,Jamaica,New York ,QUEENS,36,081,NY 
11499,Jamaica,New York ,QUEENS,36,081,NY 
11451,Jamaica,New York ,QUEENS,36,081,NY 
11509,Atlantic Beach,New York ,NASSAU,36,059,NY 
11439,Jamaica,New York ,QUEENS,36,081,NY 
11507,Albertson,New York ,NASSAU,36,059,NY 
11501,Mineola,New York ,NASSAU,36,059,NY 
11510,Baldwin,New York ,NASSAU,36,059,NY 
11516,Cedarhurst,New York ,NASSAU,36,059,NY 
11514,Carle Place,New York ,NASSAU,36,059,NY 
11542,Glen Cove,New York ,NASSAU,36,059,NY 
11520,Freeport,New York ,NASSAU,36,059,NY 
11531,Garden City,New York ,NASSAU,36,059,NY 
11530,Garden City,New York ,NASSAU,36,059,NY 
11545,Glen Head,New York ,NASSAU,36,059,NY 
11518,East Rockaway,New York ,NASSAU,36,059,NY 
11548,Greenvale,New York ,NASSAU,36,059,NY 
11547,Glenwood Landing,New York ,NASSAU,36,059,NY 
11549,Hempstead,New York ,NASSAU,36,059,NY 
11551,Hempstead,New York ,NASSAU,36,059,NY 
11554,East Meadow,New York ,NASSAU,36,059,NY 
11553,Uniondale,New York ,NASSAU,36,059,NY 
11550,Hempstead,New York ,NASSAU,36,059,NY 
11552,West Hempstead,New York ,NASSAU,36,059,NY 
11555,Uniondale,New York ,NASSAU,36,059,NY 
11556,Uniondale,New York ,NASSAU,36,059,NY 
11557,Hewlett,New York ,NASSAU,36,059,NY 
11558,Island Park,New York ,NASSAU,36,059,NY 
11560,Locust Valley,New York ,NASSAU,36,059,NY 
11561,Long Beach,New York ,NASSAU,36,059,NY 
11559,Lawrence,New York ,NASSAU,36,059,NY 
11563,Lynbrook,New York ,NASSAU,36,059,NY 
11566,Merrick,New York ,NASSAU,36,059,NY 
11565,Malverne,New York ,NASSAU,36,059,NY 
11568,Old Westbury,New York ,NASSAU,36,059,NY 
11569,Point Lookout,New York ,NASSAU,36,059,NY 
11570,Rockville Centre,New York ,NASSAU,36,059,NY 
11571,Rockville Centre,New York ,NASSAU,36,059,NY 
11575,Roosevelt,New York ,NASSAU,36,059,NY 
11572,Oceanside,New York ,NASSAU,36,059,NY 
11576,Roslyn,New York ,NASSAU,36,059,NY 
11577,Roslyn Heights,New York ,NASSAU,36,059,NY 
11579,Sea Cliff,New York ,NASSAU,36,059,NY 
11580,Valley Stream,New York ,NASSAU,36,059,NY 
11581,Valley Stream,New York ,NASSAU,36,059,NY 
11582,Valley Stream,New York ,NASSAU,36,059,NY 
11590,Westbury,New York ,NASSAU,36,059,NY 
11596,Williston Park,New York ,NASSAU,36,059,NY 
11599,Garden City,New York ,NASSAU,36,059,NY 
11598,Woodmere,New York ,NASSAU,36,059,NY 
11690,Far Rockaway,New York ,QUEENS,36,081,NY 
11691,Far Rockaway,New York ,QUEENS,36,081,NY 
11694,Rockaway Park,New York ,QUEENS,36,081,NY 
11693,Far Rockaway,New York ,QUEENS,36,081,NY 
11692,Arverne,New York ,QUEENS,36,081,NY 
11695,Far Rockaway,New York ,QUEENS,36,081,NY 
11697,Breezy Point,New York ,QUEENS,36,081,NY 
11703,North Babylon,New York ,SUFFOLK,36,103,NY 
11702,Babylon,New York ,SUFFOLK,36,103,NY 
11701,Amityville,New York ,SUFFOLK,36,103,NY 
11704,West Babylon,New York ,SUFFOLK,36,103,NY 
11706,Bay Shore,New York ,SUFFOLK,36,103,NY 
11707,West Babylon,New York ,SUFFOLK,36,103,NY 
11705,Bayport,New York ,SUFFOLK,36,103,NY 
11713,Bellport,New York ,SUFFOLK,36,103,NY 
11714,Bethpage,New York ,NASSAU,36,059,NY 
11710,Bellmore,New York ,NASSAU,36,059,NY 
11709,Bayville,New York ,NASSAU,36,059,NY 
11716,Bohemia,New York ,SUFFOLK,36,103,NY 
11715,Blue Point,New York ,SUFFOLK,36,103,NY 
11718,Brightwaters,New York ,SUFFOLK,36,103,NY 
11717,Brentwood,New York ,SUFFOLK,36,103,NY 
11720,Centereach,New York ,SUFFOLK,36,103,NY 
11722,Central Islip,New York ,SUFFOLK,36,103,NY 
11721,Centerport,New York ,SUFFOLK,36,103,NY 
11719,Brookhaven,New York ,SUFFOLK,36,103,NY 
11724,Cold Spring Harbor,New York ,SUFFOLK,36,103,NY 
11727,Coram,New York ,SUFFOLK,36,103,NY 
11725,Commack,New York ,SUFFOLK,36,103,NY 
11726,Copiague,New York ,SUFFOLK,36,103,NY 
11731,East Northport,New York ,SUFFOLK,36,103,NY 
11729,Deer Park,New York ,SUFFOLK,36,103,NY 
11730,East Islip,New York ,SUFFOLK,36,103,NY 
11733,East Setauket,New York ,SUFFOLK,36,103,NY 
11732,East Norwich,New York ,NASSAU,36,059,NY 
11737,Farmingdale,New York ,NASSAU,36,059,NY 
11738,Farmingville,New York ,SUFFOLK,36,103,NY 
11735,Farmingdale,New York ,NASSAU,36,059,NY 
11739,Great River,New York ,SUFFOLK,36,103,NY 
11740,Greenlawn,New York ,SUFFOLK,36,103,NY 
11741,Holbrook,New York ,SUFFOLK,36,103,NY 
11743,Huntington,New York ,SUFFOLK,36,103,NY 
11742,Holtsville,New York ,SUFFOLK,36,103,NY 
11747,Melville,New York ,SUFFOLK,36,103,NY 
11746,Huntington Station,New York ,SUFFOLK,36,103,NY 
11749,Islandia,New York ,SUFFOLK,36,103,NY 
11752,Islip Terrace,New York ,SUFFOLK,36,103,NY 
11751,Islip,New York ,SUFFOLK,36,103,NY 
11756,Levittown,New York ,NASSAU,36,059,NY 
11754,Kings Park,New York ,SUFFOLK,36,103,NY 
11757,Lindenhurst,New York ,SUFFOLK,36,103,NY 
11753,Jericho,New York ,NASSAU,36,059,NY 
11755,Lake Grove,New York ,SUFFOLK,36,103,NY 
11758,Massapequa,New York ,NASSAU,36,059,NY 
11767,Nesconset,New York ,SUFFOLK,36,103,NY 
11760,Melville,New York ,SUFFOLK,36,103,NY 
11764,Miller Place,New York ,SUFFOLK,36,103,NY 
11762,Massapequa Park,New York ,NASSAU,36,059,NY 
11765,Mill Neck,New York ,NASSAU,36,059,NY 
11766,Mount Sinai,New York ,SUFFOLK,36,103,NY 
11768,Northport,New York ,SUFFOLK,36,103,NY 
11763,Medford,New York ,SUFFOLK,36,103,NY 
11776,Port Jefferson Station,New York ,SUFFOLK,36,103,NY 
11772,Patchogue,New York ,SUFFOLK,36,103,NY 
11775,Melville,New York ,SUFFOLK,36,103,NY 
11771,Oyster Bay,New York ,NASSAU,36,059,NY 
11769,Oakdale,New York ,SUFFOLK,36,103,NY 
11773,Melville,New York ,SUFFOLK,36,103,NY 
11777,Port Jefferson,New York ,SUFFOLK,36,103,NY 
11770,Ocean Beach,New York ,SUFFOLK,36,103,NY 
11778,Rocky Point,New York ,SUFFOLK,36,103,NY 
11783,Seaford,New York ,NASSAU,36,059,NY 
11784,Selden,New York ,SUFFOLK,36,103,NY 
11782,Sayville,New York ,SUFFOLK,36,103,NY 
11779,Ronkonkoma,New York ,SUFFOLK,36,103,NY 
11780,Saint James,New York ,SUFFOLK,36,103,NY 
11787,Smithtown,New York ,SUFFOLK,36,103,NY 
11786,Shoreham,New York ,SUFFOLK,36,103,NY 
11788,Hauppauge,New York ,SUFFOLK,36,103,NY 
11794,Stony Brook,New York ,SUFFOLK,36,103,NY 
11789,Sound Beach,New York ,SUFFOLK,36,103,NY 
11792,Wading River,New York ,SUFFOLK,36,103,NY 
11791,Syosset,New York ,NASSAU,36,059,NY 
11790,Stony Brook,New York ,SUFFOLK,36,103,NY 
11795,West Islip,New York ,SUFFOLK,36,103,NY 
11793,Wantagh,New York ,NASSAU,36,059,NY 
11796,West Sayville,New York ,SUFFOLK,36,103,NY 
11797,Woodbury,New York ,NASSAU,36,059,NY 
11803,Plainview,New York ,NASSAU,36,059,NY 
11798,Wyandanch,New York ,SUFFOLK,36,103,NY 
11801,Hicksville,New York ,NASSAU,36,059,NY 
11815,Hicksville,New York ,NASSAU,36,059,NY 
11802,Hicksville,New York ,NASSAU,36,059,NY 
11853,Jericho,New York ,NASSAU,36,059,NY 
11804,Old Bethpage,New York ,NASSAU,36,059,NY 
11901,Riverhead,New York ,SUFFOLK,36,103,NY 
11937,East Hampton,New York ,SUFFOLK,36,103,NY 
11930,Amagansett,New York ,SUFFOLK,36,103,NY 
11933,Calverton,New York ,SUFFOLK,36,103,NY 
11931,Aquebogue,New York ,SUFFOLK,36,103,NY 
11932,Bridgehampton,New York ,SUFFOLK,36,103,NY 
11934,Center Moriches,New York ,SUFFOLK,36,103,NY 
11935,Cutchogue,New York ,SUFFOLK,36,103,NY 
11940,East Moriches,New York ,SUFFOLK,36,103,NY 
11941,Eastport,New York ,SUFFOLK,36,103,NY 
11939,East Marion,New York ,SUFFOLK,36,103,NY 
11947,Jamesport,New York ,SUFFOLK,36,103,NY 
11946,Hampton Bays,New York ,SUFFOLK,36,103,NY 
11948,Laurel,New York ,SUFFOLK,36,103,NY 
11942,East Quogue,New York ,SUFFOLK,36,103,NY 
11944,Greenport,New York ,SUFFOLK,36,103,NY 
11949,Manorville,New York ,SUFFOLK,36,103,NY 
11950,Mastic,New York ,SUFFOLK,36,103,NY 
11953,Middle Island,New York ,SUFFOLK,36,103,NY 
11954,Montauk,New York ,SUFFOLK,36,103,NY 
11956,New Suffolk,New York ,SUFFOLK,36,103,NY 
11952,Mattituck,New York ,SUFFOLK,36,103,NY 
11955,Moriches,New York ,SUFFOLK,36,103,NY 
11951,Mastic Beach,New York ,SUFFOLK,36,103,NY 
11958,Peconic,New York ,SUFFOLK,36,103,NY 
11957,Orient,New York ,SUFFOLK,36,103,NY 
11959,Quogue,New York ,SUFFOLK,36,103,NY 
11961,Ridge,New York ,SUFFOLK,36,103,NY 
11962,Sagaponack,New York ,SUFFOLK,36,103,NY 
11960,Remsenburg,New York ,SUFFOLK,36,103,NY 
11964,Shelter Island,New York ,SUFFOLK,36,103,NY 
11963,Sag Harbor,New York ,SUFFOLK,36,103,NY 
11965,Shelter Island Heights,New York ,SUFFOLK,36,103,NY 
11967,Shirley,New York ,SUFFOLK,36,103,NY 
11970,South Jamesport,New York ,SUFFOLK,36,103,NY 
11968,Southampton,New York ,SUFFOLK,36,103,NY 
11971,Southold,New York ,SUFFOLK,36,103,NY 
11969,Southampton,New York ,SUFFOLK,36,103,NY 
11972,Speonk,New York ,SUFFOLK,36,103,NY 
11973,Upton,New York ,SUFFOLK,36,103,NY 
11975,Wainscott,New York ,SUFFOLK,36,103,NY 
11976,Water Mill,New York ,SUFFOLK,36,103,NY 
12007,Alcove,New York ,ALBANY,36,001,NY 
11977,Westhampton,New York ,SUFFOLK,36,103,NY 
11980,Yaphank,New York ,SUFFOLK,36,103,NY 
12009,Altamont,New York ,ALBANY,36,001,NY 
11978,Westhampton Beach,New York ,SUFFOLK,36,103,NY 
12008,Alplaus,New York ,SCHENECTADY,36,093,NY 
12010,Amsterdam,New York ,MONTGOMERY,36,057,NY 
12015,Athens,New York ,GREENE,36,039,NY 
12016,Auriesville,New York ,MONTGOMERY,36,057,NY 
12020,Ballston Spa,New York ,SARATOGA,36,091,NY 
12022,Berlin,New York ,RENSSELAER,36,083,NY 
12018,Averill Park,New York ,RENSSELAER,36,083,NY 
12017,Austerlitz,New York ,COLUMBIA,36,021,NY 
12019,Ballston Lake,New York ,SARATOGA,36,091,NY 
12023,Berne,New York ,ALBANY,36,001,NY 
12024,Brainard,New York ,RENSSELAER,36,083,NY 
12025,Broadalbin,New York ,FULTON,36,035,NY 
12028,Buskirk,New York ,WASHINGTON,36,115,NY 
12029,Canaan,New York ,COLUMBIA,36,021,NY 
12032,Caroga Lake,New York ,FULTON,36,035,NY 
12027,Burnt Hills,New York ,SARATOGA,36,091,NY 
12033,Castleton On Hudson,New York ,RENSSELAER,36,083,NY 
12031,Carlisle,New York ,SCHOHARIE,36,095,NY 
12035,Central Bridge,New York ,SCHOHARIE,36,095,NY 
12036,Charlotteville,New York ,SCHOHARIE,36,095,NY 
12037,Chatham,New York ,COLUMBIA,36,021,NY 
12040,Cherry Plain,New York ,RENSSELAER,36,083,NY 
12045,Coeymans,New York ,ALBANY,36,001,NY 
12043,Cobleskill,New York ,SCHOHARIE,36,095,NY 
12042,Climax,New York ,GREENE,36,039,NY 
12046,Coeymans Hollow,New York ,ALBANY,36,001,NY 
12041,Clarksville,New York ,ALBANY,36,001,NY 
12047,Cohoes,New York ,ALBANY,36,001,NY 
12050,Columbiaville,New York ,COLUMBIA,36,021,NY 
12056,Duanesburg,New York ,SCHENECTADY,36,093,NY 
12051,Coxsackie,New York ,GREENE,36,039,NY 
12055,Dormansville,New York ,ALBANY,36,001,NY 
12053,Delanson,New York ,SCHENECTADY,36,093,NY 
12052,Cropseyville,New York ,RENSSELAER,36,083,NY 
12054,Delmar,New York ,ALBANY,36,001,NY 
12057,Eagle Bridge,New York ,RENSSELAER,36,083,NY 
12060,East Chatham,New York ,COLUMBIA,36,021,NY 
12058,Earlton,New York ,GREENE,36,039,NY 
12062,East Nassau,New York ,RENSSELAER,36,083,NY 
12059,East Berne,New York ,ALBANY,36,001,NY 
12061,East Greenbush,New York ,RENSSELAER,36,083,NY 
12063,East Schodack,New York ,RENSSELAER,36,083,NY 
12064,East Worcester,New York ,OTSEGO,36,077,NY 
12065,Clifton Park,New York ,SARATOGA,36,091,NY 
12066,Esperance,New York ,MONTGOMERY,36,057,NY 
12069,Fort Hunter,New York ,MONTGOMERY,36,057,NY 
12068,Fonda,New York ,MONTGOMERY,36,057,NY 
12067,Feura Bush,New York ,ALBANY,36,001,NY 
12071,Fultonham,New York ,SCHOHARIE,36,095,NY 
12073,Gallupville,New York ,SCHOHARIE,36,095,NY 
12070,Fort Johnson,New York ,MONTGOMERY,36,057,NY 
12072,Fultonville,New York ,MONTGOMERY,36,057,NY 
12074,Galway,New York ,SARATOGA,36,091,NY 
12077,Glenmont,New York ,ALBANY,36,001,NY 
12076,Gilboa,New York ,SCHOHARIE,36,095,NY 
12075,Ghent,New York ,COLUMBIA,36,021,NY 
12083,Greenville,New York ,GREENE,36,039,NY 
12082,Grafton,New York ,RENSSELAER,36,083,NY 
12084,Guilderland,New York ,ALBANY,36,001,NY 
12078,Gloversville,New York ,FULTON,36,035,NY 
12087,Hannacroix,New York ,GREENE,36,039,NY 
12089,Hoosick,New York ,RENSSELAER,36,083,NY 
12086,Hagaman,New York ,MONTGOMERY,36,057,NY 
12090,Hoosick Falls,New York ,RENSSELAER,36,083,NY 
12094,Johnsonville,New York ,RENSSELAER,36,083,NY 
12092,Howes Cave,New York ,SCHOHARIE,36,095,NY 
12093,Jefferson,New York ,SCHOHARIE,36,095,NY 
12085,Guilderland Center,New York ,ALBANY,36,001,NY 
12110,Latham,New York ,ALBANY,36,001,NY 
12107,Knox,New York ,ALBANY,36,001,NY 
12116,Maryland,New York ,OTSEGO,36,077,NY 
12117,Mayfield,New York ,FULTON,36,035,NY 
12115,Malden Bridge,New York ,COLUMBIA,36,021,NY 
12106,Kinderhook,New York ,COLUMBIA,36,021,NY 
12108,Lake Pleasant,New York ,HAMILTON,36,041,NY 
12095,Johnstown,New York ,FULTON,36,035,NY 
12118,Mechanicville,New York ,SARATOGA,36,091,NY 
12120,Medusa,New York ,ALBANY,36,001,NY 
12122,Middleburgh,New York ,SCHOHARIE,36,095,NY 
12123,Nassau,New York ,RENSSELAER,36,083,NY 
12124,New Baltimore,New York ,GREENE,36,039,NY 
12121,Melrose,New York ,RENSSELAER,36,083,NY 
12125,New Lebanon,New York ,COLUMBIA,36,021,NY 
12128,Newtonville,New York ,ALBANY,36,001,NY 
12130,Niverville,New York ,COLUMBIA,36,021,NY 
12132,North Chatham,New York ,COLUMBIA,36,021,NY 
12133,North Hoosick,New York ,RENSSELAER,36,083,NY 
12138,Petersburg,New York ,RENSSELAER,36,083,NY 
12136,Old Chatham,New York ,COLUMBIA,36,021,NY 
12137,Pattersonville,New York ,SCHENECTADY,36,093,NY 
12134,Northville,New York ,FULTON,36,035,NY 
12131,North Blenheim,New York ,SCHOHARIE,36,095,NY 
12139,Piseco,New York ,HAMILTON,36,041,NY 
12140,Poestenkill,New York ,RENSSELAER,36,083,NY 
12141,Quaker Street,New York ,SCHENECTADY,36,093,NY 
12149,Richmondville,New York ,SCHOHARIE,36,095,NY 
12144,Rensselaer,New York ,RENSSELAER,36,083,NY 
12143,Ravena,New York ,ALBANY,36,001,NY 
12147,Rensselaerville,New York ,ALBANY,36,001,NY 
12148,Rexford,New York ,SARATOGA,36,091,NY 
12150,Rotterdam Junction,New York ,SCHENECTADY,36,093,NY 
12151,Round Lake,New York ,SARATOGA,36,091,NY 
12155,Schenevus,New York ,OTSEGO,36,077,NY 
12153,Sand Lake,New York ,RENSSELAER,36,083,NY 
12154,Schaghticoke,New York ,RENSSELAER,36,083,NY 
12159,Slingerlands,New York ,ALBANY,36,001,NY 
12157,Schoharie,New York ,SCHOHARIE,36,095,NY 
12160,Sloansville,New York ,SCHOHARIE,36,095,NY 
12158,Selkirk,New York ,ALBANY,36,001,NY 
12156,Schodack Landing,New York ,RENSSELAER,36,083,NY 
12167,Stamford,New York ,DELAWARE,36,025,NY 
12165,Spencertown,New York ,COLUMBIA,36,021,NY 
12170,Stillwater,New York ,SARATOGA,36,091,NY 
12164,Speculator,New York ,HAMILTON,36,041,NY 
12161,South Bethlehem,New York ,ALBANY,36,001,NY 
12169,Stephentown,New York ,RENSSELAER,36,083,NY 
12166,Sprakers,New York ,MONTGOMERY,36,057,NY 
12168,Stephentown,New York ,RENSSELAER,36,083,NY 
12172,Stottville,New York ,COLUMBIA,36,021,NY 
12177,Tribes Hill,New York ,MONTGOMERY,36,057,NY 
12174,Stuyvesant Falls,New York ,COLUMBIA,36,021,NY 
12181,Troy,New York ,RENSSELAER,36,083,NY 
12173,Stuyvesant,New York ,COLUMBIA,36,021,NY 
12176,Surprise,New York ,GREENE,36,039,NY 
12180,Troy,New York ,RENSSELAER,36,083,NY 
12175,Summit,New York ,SCHOHARIE,36,095,NY 
12182,Troy,New York ,RENSSELAER,36,083,NY 
12183,Troy,New York ,ALBANY,36,001,NY 
12186,Voorheesville,New York ,ALBANY,36,001,NY 
12188,Waterford,New York ,SARATOGA,36,091,NY 
12187,Warnerville,New York ,SCHOHARIE,36,095,NY 
12185,Valley Falls,New York ,RENSSELAER,36,083,NY 
12189,Watervliet,New York ,ALBANY,36,001,NY 
12184,Valatie,New York ,COLUMBIA,36,021,NY 
12192,West Coxsackie,New York ,GREENE,36,039,NY 
12193,Westerlo,New York ,ALBANY,36,001,NY 
12194,West Fulton,New York ,SCHOHARIE,36,095,NY 
12190,Wells,New York ,HAMILTON,36,041,NY 
12196,West Sand Lake,New York ,RENSSELAER,36,083,NY 
12197,Worcester,New York ,OTSEGO,36,077,NY 
12198,Wynantskill,New York ,RENSSELAER,36,083,NY 
12195,West Lebanon,New York ,COLUMBIA,36,021,NY 
12202,Albany,New York ,ALBANY,36,001,NY 
12201,Albany,New York ,ALBANY,36,001,NY 
12206,Albany,New York ,ALBANY,36,001,NY 
12203,Albany,New York ,ALBANY,36,001,NY 
12204,Albany,New York ,ALBANY,36,001,NY 
12207,Albany,New York ,ALBANY,36,001,NY 
12205,Albany,New York ,ALBANY,36,001,NY 
12208,Albany,New York ,ALBANY,36,001,NY 
12222,Albany,New York ,ALBANY,36,001,NY 
12220,Albany,New York ,ALBANY,36,001,NY 
12212,Albany,New York ,ALBANY,36,001,NY 
12211,Albany,New York ,ALBANY,36,001,NY 
12214,Albany,New York ,ALBANY,36,001,NY 
12223,Albany,New York ,ALBANY,36,001,NY 
12209,Albany,New York ,ALBANY,36,001,NY 
12210,Albany,New York ,ALBANY,36,001,NY 
12231,Albany,New York ,ALBANY,36,001,NY 
12228,Albany,New York ,ALBANY,36,001,NY 
12226,Albany,New York ,ALBANY,36,001,NY 
12224,Albany,New York ,ALBANY,36,001,NY 
12225,Albany,New York ,ALBANY,36,001,NY 
12230,Albany,New York ,ALBANY,36,001,NY 
12229,Albany,New York ,ALBANY,36,001,NY 
12227,Albany,New York ,ALBANY,36,001,NY 
12232,Albany,New York ,ALBANY,36,001,NY 
12237,Albany,New York ,ALBANY,36,001,NY 
12234,Albany,New York ,ALBANY,36,001,NY 
12236,Albany,New York ,ALBANY,36,001,NY 
12235,Albany,New York ,ALBANY,36,001,NY 
12239,Albany,New York ,ALBANY,36,001,NY 
12233,Albany,New York ,ALBANY,36,001,NY 
12238,Albany,New York ,ALBANY,36,001,NY 
12240,Albany,New York ,ALBANY,36,001,NY 
12241,Albany,New York ,ALBANY,36,001,NY 
12242,Albany,New York ,ALBANY,36,001,NY 
12243,Albany,New York ,ALBANY,36,001,NY 
12247,Albany,New York ,ALBANY,36,001,NY 
12246,Albany,New York ,ALBANY,36,001,NY 
12244,Albany,New York ,ALBANY,36,001,NY 
12245,Albany,New York ,ALBANY,36,001,NY 
12248,Albany,New York ,ALBANY,36,001,NY 
12249,Albany,New York ,ALBANY,36,001,NY 
12257,Albany,New York ,ALBANY,36,001,NY 
12260,Albany,New York ,ALBANY,36,001,NY 
12250,Albany,New York ,ALBANY,36,001,NY 
12255,Albany,New York ,ALBANY,36,001,NY 
12288,Albany,New York ,ALBANY,36,001,NY 
12261,Albany,New York ,ALBANY,36,001,NY 
12302,Schenectady,New York ,SCHENECTADY,36,093,NY 
12301,Schenectady,New York ,SCHENECTADY,36,093,NY 
12303,Schenectady,New York ,SCHENECTADY,36,093,NY 
12304,Schenectady,New York ,SCHENECTADY,36,093,NY 
12308,Schenectady,New York ,SCHENECTADY,36,093,NY 
12309,Schenectady,New York ,SCHENECTADY,36,093,NY 
12306,Schenectady,New York ,SCHENECTADY,36,093,NY 
12325,Schenectady,New York ,SCHENECTADY,36,093,NY 
12307,Schenectady,New York ,SCHENECTADY,36,093,NY 
12305,Schenectady,New York ,SCHENECTADY,36,093,NY 
12345,Schenectady,New York ,SCHENECTADY,36,093,NY 
12405,Acra,New York ,GREENE,36,039,NY 
12401,Kingston,New York ,ULSTER,36,111,NY 
12407,Ashland,New York ,GREENE,36,039,NY 
12402,Kingston,New York ,ULSTER,36,111,NY 
12409,Bearsville,New York ,ULSTER,36,111,NY 
12406,Arkville,New York ,DELAWARE,36,025,NY 
12404,Accord,New York ,ULSTER,36,111,NY 
12410,Big Indian,New York ,ULSTER,36,111,NY 
12411,Bloomington,New York ,ULSTER,36,111,NY 
12416,Chichester,New York ,ULSTER,36,111,NY 
12417,Connelly,New York ,ULSTER,36,111,NY 
12414,Catskill,New York ,GREENE,36,039,NY 
12418,Cornwallville,New York ,GREENE,36,039,NY 
12413,Cairo,New York ,GREENE,36,039,NY 
12412,Boiceville,New York ,ULSTER,36,111,NY 
12419,Cottekill,New York ,ULSTER,36,111,NY 
12420,Cragsmoor,New York ,ULSTER,36,111,NY 
12427,Elka Park,New York ,GREENE,36,039,NY 
12421,Denver,New York ,DELAWARE,36,025,NY 
12424,East Jewett,New York ,GREENE,36,039,NY 
12423,East Durham,New York ,GREENE,36,039,NY 
12422,Durham,New York ,GREENE,36,039,NY 
12428,Ellenville,New York ,ULSTER,36,111,NY 
12429,Esopus,New York ,ULSTER,36,111,NY 
12430,Fleischmanns,New York ,DELAWARE,36,025,NY 
12436,Haines Falls,New York ,GREENE,36,039,NY 
12438,Halcottsville,New York ,DELAWARE,36,025,NY 
12431,Freehold,New York ,GREENE,36,039,NY 
12433,Glenford,New York ,ULSTER,36,111,NY 
12435,Greenfield Park,New York ,ULSTER,36,111,NY 
12434,Grand Gorge,New York ,DELAWARE,36,025,NY 
12432,Glasco,New York ,ULSTER,36,111,NY 
12439,Hensonville,New York ,GREENE,36,039,NY 
12440,High Falls,New York ,ULSTER,36,111,NY 
12444,Jewett,New York ,GREENE,36,039,NY 
12442,Hunter,New York ,GREENE,36,039,NY 
12448,Lake Hill,New York ,ULSTER,36,111,NY 
12446,Kerhonkson,New York ,ULSTER,36,111,NY 
12441,Highmount,New York ,ULSTER,36,111,NY 
12443,Hurley,New York ,ULSTER,36,111,NY 
12449,Lake Katrine,New York ,ULSTER,36,111,NY 
12450,Lanesville,New York ,GREENE,36,039,NY 
12452,Lexington,New York ,GREENE,36,039,NY 
12457,Mount Tremper,New York ,ULSTER,36,111,NY 
12451,Leeds,New York ,GREENE,36,039,NY 
12454,Maplecrest,New York ,GREENE,36,039,NY 
12453,Malden On Hudson,New York ,ULSTER,36,111,NY 
12456,Mount Marion,New York ,ULSTER,36,111,NY 
12455,Margaretville,New York ,DELAWARE,36,025,NY 
12458,Napanoch,New York ,ULSTER,36,111,NY 
12460,Oak Hill,New York ,GREENE,36,039,NY 
12463,Palenville,New York ,GREENE,36,039,NY 
12466,Port Ewen,New York ,ULSTER,36,111,NY 
12461,Olivebridge,New York ,ULSTER,36,111,NY 
12459,New Kingston,New York ,DELAWARE,36,025,NY 
12464,Phoenicia,New York ,ULSTER,36,111,NY 
12465,Pine Hill,New York ,ULSTER,36,111,NY 
12468,Prattsville,New York ,GREENE,36,039,NY 
12469,Preston Hollow,New York ,ALBANY,36,001,NY 
12473,Round Top,New York ,GREENE,36,039,NY 
12470,Purling,New York ,GREENE,36,039,NY 
12474,Roxbury,New York ,DELAWARE,36,025,NY 
12471,Rifton,New York ,ULSTER,36,111,NY 
12472,Rosendale,New York ,ULSTER,36,111,NY 
12475,Ruby,New York ,ULSTER,36,111,NY 
12477,Saugerties,New York ,ULSTER,36,111,NY 
12483,Spring Glen,New York ,ULSTER,36,111,NY 
12486,Tillson,New York ,ULSTER,36,111,NY 
12480,Shandaken,New York ,ULSTER,36,111,NY 
12485,Tannersville,New York ,GREENE,36,039,NY 
12487,Ulster Park,New York ,ULSTER,36,111,NY 
12481,Shokan,New York ,ULSTER,36,111,NY 
12484,Stone Ridge,New York ,ULSTER,36,111,NY 
12482,South Cairo,New York ,GREENE,36,039,NY 
12489,Wawarsing,New York ,ULSTER,36,111,NY 
12490,West Camp,New York ,ULSTER,36,111,NY 
12494,West Shokan,New York ,ULSTER,36,111,NY 
12491,West Hurley,New York ,ULSTER,36,111,NY 
12495,Willow,New York ,ULSTER,36,111,NY 
12492,West Kill,New York ,GREENE,36,039,NY 
12496,Windham,New York ,GREENE,36,039,NY 
12493,West Park,New York ,ULSTER,36,111,NY 
12498,Woodstock,New York ,ULSTER,36,111,NY 
12504,Annandale On Hudson,New York ,DUTCHESS,36,027,NY 
12502,Ancram,New York ,COLUMBIA,36,021,NY 
12506,Bangall,New York ,DUTCHESS,36,027,NY 
12507,Barrytown,New York ,DUTCHESS,36,027,NY 
12501,Amenia,New York ,DUTCHESS,36,027,NY 
12508,Beacon,New York ,DUTCHESS,36,027,NY 
12503,Ancramdale,New York ,COLUMBIA,36,021,NY 
12510,Billings,New York ,DUTCHESS,36,027,NY 
12511,Castle Point,New York ,DUTCHESS,36,027,NY 
12515,Clintondale,New York ,ULSTER,36,111,NY 
12512,Chelsea,New York ,DUTCHESS,36,027,NY 
12513,Claverack,New York ,COLUMBIA,36,021,NY 
12517,Copake Falls,New York ,COLUMBIA,36,021,NY 
12516,Copake,New York ,COLUMBIA,36,021,NY 
12514,Clinton Corners,New York ,DUTCHESS,36,027,NY 
12518,Cornwall,New York ,ORANGE,36,071,NY 
12520,Cornwall On Hudson,New York ,ORANGE,36,071,NY 
12522,Dover Plains,New York ,DUTCHESS,36,027,NY 
12521,Craryville,New York ,COLUMBIA,36,021,NY 
12526,Germantown,New York ,COLUMBIA,36,021,NY 
12524,Fishkill,New York ,DUTCHESS,36,027,NY 
12527,Glenham,New York ,DUTCHESS,36,027,NY 
12523,Elizaville,New York ,COLUMBIA,36,021,NY 
12525,Gardiner,New York ,ULSTER,36,111,NY 
12528,Highland,New York ,ULSTER,36,111,NY 
12529,Hillsdale,New York ,COLUMBIA,36,021,NY 
12533,Hopewell Junction,New York ,DUTCHESS,36,027,NY 
12534,Hudson,New York ,COLUMBIA,36,021,NY 
12531,Holmes,New York ,DUTCHESS,36,027,NY 
12537,Hughsonville,New York ,DUTCHESS,36,027,NY 
12538,Hyde Park,New York ,DUTCHESS,36,027,NY 
12530,Hollowville,New York ,COLUMBIA,36,021,NY 
12540,Lagrangeville,New York ,DUTCHESS,36,027,NY 
12546,Millerton,New York ,DUTCHESS,36,027,NY 
12544,Mellenville,New York ,COLUMBIA,36,021,NY 
12547,Milton,New York ,ULSTER,36,111,NY 
12541,Livingston,New York ,COLUMBIA,36,021,NY 
12542,Marlboro,New York ,ULSTER,36,111,NY 
12545,Millbrook,New York ,DUTCHESS,36,027,NY 
12543,Maybrook,New York ,ORANGE,36,071,NY 
12548,Modena,New York ,ULSTER,36,111,NY 
12550,Newburgh,New York ,ORANGE,36,071,NY 
12553,New Windsor,New York ,ORANGE,36,071,NY 
12551,Newburgh,New York ,ORANGE,36,071,NY 
12549,Montgomery,New York ,ORANGE,36,071,NY 
12561,New Paltz,New York ,ULSTER,36,111,NY 
12555,Newburgh,New York ,ORANGE,36,071,NY 
12552,Newburgh,New York ,ORANGE,36,071,NY 
12563,Patterson,New York ,PUTNAM,36,079,NY 
12564,Pawling,New York ,DUTCHESS,36,027,NY 
12568,Plattekill,New York ,ULSTER,36,111,NY 
12569,Pleasant Valley,New York ,DUTCHESS,36,027,NY 
12565,Philmont,New York ,COLUMBIA,36,021,NY 
12567,Pine Plains,New York ,DUTCHESS,36,027,NY 
12570,Poughquag,New York ,DUTCHESS,36,027,NY 
12566,Pine Bush,New York ,ORANGE,36,071,NY 
12572,Rhinebeck,New York ,DUTCHESS,36,027,NY 
12571,Red Hook,New York ,DUTCHESS,36,027,NY 
12575,Rock Tavern,New York ,ORANGE,36,071,NY 
12580,Staatsburg,New York ,DUTCHESS,36,027,NY 
12578,Salt Point,New York ,DUTCHESS,36,027,NY 
12577,Salisbury Mills,New York ,ORANGE,36,071,NY 
12581,Stanfordville,New York ,DUTCHESS,36,027,NY 
12574,Rhinecliff,New York ,DUTCHESS,36,027,NY 
12582,Stormville,New York ,DUTCHESS,36,027,NY 
12583,Tivoli,New York ,DUTCHESS,36,027,NY 
12588,Walker Valley,New York ,ULSTER,36,111,NY 
12584,Vails Gate,New York ,ORANGE,36,071,NY 
12590,Wappingers Falls,New York ,DUTCHESS,36,027,NY 
12586,Walden,New York ,ORANGE,36,071,NY 
12589,Wallkill,New York ,ULSTER,36,111,NY 
12585,Verbank,New York ,DUTCHESS,36,027,NY 
12592,Wassaic,New York ,DUTCHESS,36,027,NY 
12594,Wingdale,New York ,DUTCHESS,36,027,NY 
12601,Poughkeepsie,New York ,DUTCHESS,36,027,NY 
12719,Barryville,New York ,SULLIVAN,36,105,NY 
12602,Poughkeepsie,New York ,DUTCHESS,36,027,NY 
12701,Monticello,New York ,SULLIVAN,36,105,NY 
12603,Poughkeepsie,New York ,DUTCHESS,36,027,NY 
12604,Poughkeepsie,New York ,DUTCHESS,36,027,NY 
12720,Bethel,New York ,SULLIVAN,36,105,NY 
12721,Bloomingburg,New York ,SULLIVAN,36,105,NY 
12722,Burlingham,New York ,SULLIVAN,36,105,NY 
12729,Cuddebackville,New York ,ORANGE,36,071,NY 
12724,Callicoon Center,New York ,SULLIVAN,36,105,NY 
12723,Callicoon,New York ,SULLIVAN,36,105,NY 
12725,Claryville,New York ,SULLIVAN,36,105,NY 
12727,Cochecton,New York ,SULLIVAN,36,105,NY 
12726,Cochecton,New York ,SULLIVAN,36,105,NY 
12732,Eldred,New York ,SULLIVAN,36,105,NY 
12733,Fallsburg,New York ,SULLIVAN,36,105,NY 
12736,Fremont Center,New York ,SULLIVAN,36,105,NY 
12734,Ferndale,New York ,SULLIVAN,36,105,NY 
12740,Grahamsville,New York ,SULLIVAN,36,105,NY 
12737,Glen Spey,New York ,SULLIVAN,36,105,NY 
12738,Glen Wild,New York ,SULLIVAN,36,105,NY 
12741,Hankins,New York ,SULLIVAN,36,105,NY 
12742,Harris,New York ,SULLIVAN,36,105,NY 
12743,Highland Lake,New York ,SULLIVAN,36,105,NY 
12749,Kauneonga Lake,New York ,SULLIVAN,36,105,NY 
12748,Jeffersonville,New York ,SULLIVAN,36,105,NY 
12746,Huguenot,New York ,ORANGE,36,071,NY 
12747,Hurleyville,New York ,SULLIVAN,36,105,NY 
12745,Hortonville,New York ,SULLIVAN,36,105,NY 
12750,Kenoza Lake,New York ,SULLIVAN,36,105,NY 
12751,Kiamesha Lake,New York ,SULLIVAN,36,105,NY 
12752,Lake Huntington,New York ,SULLIVAN,36,105,NY 
12754,Liberty,New York ,SULLIVAN,36,105,NY 
12758,Livingston Manor,New York ,SULLIVAN,36,105,NY 
12760,Long Eddy,New York ,SULLIVAN,36,105,NY 
12763,Mountain Dale,New York ,SULLIVAN,36,105,NY 
12762,Mongaup Valley,New York ,SULLIVAN,36,105,NY 
12759,Loch Sheldrake,New York ,SULLIVAN,36,105,NY 
12764,Narrowsburg,New York ,SULLIVAN,36,105,NY 
12765,Neversink,New York ,SULLIVAN,36,105,NY 
12766,North Branch,New York ,SULLIVAN,36,105,NY 
12768,Parksville,New York ,SULLIVAN,36,105,NY 
12767,Obernburg,New York ,SULLIVAN,36,105,NY 
12775,Rock Hill,New York ,SULLIVAN,36,105,NY 
12769,Phillipsport,New York ,SULLIVAN,36,105,NY 
12770,Pond Eddy,New York ,SULLIVAN,36,105,NY 
12771,Port Jervis,New York ,ORANGE,36,071,NY 
12776,Roscoe,New York ,SULLIVAN,36,105,NY 
12777,Forestburgh,New York ,SULLIVAN,36,105,NY 
12779,South Fallsburg,New York ,SULLIVAN,36,105,NY 
12778,Smallwood,New York ,SULLIVAN,36,105,NY 
12780,Sparrow Bush,New York ,ORANGE,36,071,NY 
12781,Summitville,New York ,SULLIVAN,36,105,NY 
12785,Westbrookville,New York ,SULLIVAN,36,105,NY 
12784,Thompsonville,New York ,SULLIVAN,36,105,NY 
12783,Swan Lake,New York ,SULLIVAN,36,105,NY 
12786,White Lake,New York ,SULLIVAN,36,105,NY 
12787,White Sulphur Springs,New York ,SULLIVAN,36,105,NY 
12788,Woodbourne,New York ,SULLIVAN,36,105,NY 
12789,Woodridge,New York ,SULLIVAN,36,105,NY 
12790,Wurtsboro,New York ,SULLIVAN,36,105,NY 
12791,Youngsville,New York ,SULLIVAN,36,105,NY 
12792,Yulan,New York ,SULLIVAN,36,105,NY 
12801,Glens Falls,New York ,WARREN,36,113,NY 
12803,South Glens Falls,New York ,SARATOGA,36,091,NY 
12808,Adirondack,New York ,WARREN,36,113,NY 
12810,Athol,New York ,WARREN,36,113,NY 
12804,Queensbury,New York ,WARREN,36,113,NY 
12809,Argyle,New York ,WASHINGTON,36,115,NY 
12812,Blue Mountain Lake,New York ,HAMILTON,36,041,NY 
12811,Bakers Mills,New York ,WARREN,36,113,NY 
12814,Bolton Landing,New York ,WARREN,36,113,NY 
12815,Brant Lake,New York ,WARREN,36,113,NY 
12817,Chestertown,New York ,WARREN,36,113,NY 
12820,Cleverdale,New York ,WARREN,36,113,NY 
12819,Clemons,New York ,WASHINGTON,36,115,NY 
12822,Corinth,New York ,SARATOGA,36,091,NY 
12816,Cambridge,New York ,WASHINGTON,36,115,NY 
12821,Comstock,New York ,WASHINGTON,36,115,NY 
12823,Cossayuna,New York ,WASHINGTON,36,115,NY 
12824,Diamond Point,New York ,WARREN,36,113,NY 
12827,Fort Ann,New York ,WASHINGTON,36,115,NY 
12828,Fort Edward,New York ,WASHINGTON,36,115,NY 
12831,Gansevoort,New York ,SARATOGA,36,091,NY 
12833,Greenfield Center,New York ,SARATOGA,36,091,NY 
12832,Granville,New York ,WASHINGTON,36,115,NY 
12835,Hadley,New York ,SARATOGA,36,091,NY 
12834,Greenwich,New York ,WASHINGTON,36,115,NY 
12836,Hague,New York ,WARREN,36,113,NY 
12837,Hampton,New York ,WASHINGTON,36,115,NY 
12841,Huletts Landing,New York ,WASHINGTON,36,115,NY 
12839,Hudson Falls,New York ,WASHINGTON,36,115,NY 
12845,Lake George,New York ,WARREN,36,113,NY 
12842,Indian Lake,New York ,HAMILTON,36,041,NY 
12843,Johnsburg,New York ,WARREN,36,113,NY 
12844,Kattskill Bay,New York ,WARREN,36,113,NY 
12838,Hartford,New York ,WASHINGTON,36,115,NY 
12846,Lake Luzerne,New York ,WARREN,36,113,NY 
12850,Middle Grove,New York ,SARATOGA,36,091,NY 
12852,Newcomb,New York ,ESSEX,36,031,NY 
12851,Minerva,New York ,ESSEX,36,031,NY 
12849,Middle Granville,New York ,WASHINGTON,36,115,NY 
12847,Long Lake,New York ,HAMILTON,36,041,NY 
12848,Middle Falls,New York ,WASHINGTON,36,115,NY 
12853,North Creek,New York ,WARREN,36,113,NY 
12854,North Granville,New York ,WASHINGTON,36,115,NY 
12856,North River,New York ,WARREN,36,113,NY 
12855,North Hudson,New York ,ESSEX,36,031,NY 
12857,Olmstedville,New York ,ESSEX,36,031,NY 
12859,Porter Corners,New York ,SARATOGA,36,091,NY 
12858,Paradox,New York ,ESSEX,36,031,NY 
12860,Pottersville,New York ,WARREN,36,113,NY 
12861,Putnam Station,New York ,WASHINGTON,36,115,NY 
12862,Riparius,New York ,WARREN,36,113,NY 
12866,Saratoga Springs,New York ,SARATOGA,36,091,NY 
12871,Schuylerville,New York ,SARATOGA,36,091,NY 
12864,Sabael,New York ,HAMILTON,36,041,NY 
12872,Severance,New York ,ESSEX,36,031,NY 
12863,Rock City Falls,New York ,SARATOGA,36,091,NY 
12865,Salem,New York ,WASHINGTON,36,115,NY 
12870,Schroon Lake,New York ,ESSEX,36,031,NY 
12873,Shushan,New York ,WASHINGTON,36,115,NY 
12874,Silver Bay,New York ,WARREN,36,113,NY 
12878,Stony Creek,New York ,WARREN,36,113,NY 
12886,Wevertown,New York ,WARREN,36,113,NY 
12887,Whitehall,New York ,WASHINGTON,36,115,NY 
12879,Newcomb,New York ,ESSEX,36,031,NY 
12884,Victory Mills,New York ,SARATOGA,36,091,NY 
12883,Ticonderoga,New York ,ESSEX,36,031,NY 
12885,Warrensburg,New York ,WARREN,36,113,NY 
12901,Plattsburgh,New York ,CLINTON,36,019,NY 
12911,Keeseville,New York ,CLINTON,36,019,NY 
12915,Brainardsville,New York ,FRANKLIN,36,033,NY 
12910,Altona,New York ,CLINTON,36,019,NY 
12912,Au Sable Forks,New York ,CLINTON,36,019,NY 
12913,Bloomingdale,New York ,ESSEX,36,031,NY 
12903,Plattsburgh,New York ,CLINTON,36,019,NY 
12914,Bombay,New York ,FRANKLIN,36,033,NY 
12916,Brushton,New York ,FRANKLIN,36,033,NY 
12919,Champlain,New York ,CLINTON,36,019,NY 
12922,Childwold,New York ,SAINT LAWRENCE,36,089,NY 
12920,Chateaugay,New York ,FRANKLIN,36,033,NY 
12921,Chazy,New York ,CLINTON,36,019,NY 
12918,Cadyville,New York ,CLINTON,36,019,NY 
12917,Burke,New York ,FRANKLIN,36,033,NY 
12924,Keeseville,New York ,CLINTON,36,019,NY 
12923,Churubusco,New York ,CLINTON,36,019,NY 
12926,Constable,New York ,FRANKLIN,36,033,NY 
12928,Crown Point,New York ,ESSEX,36,031,NY 
12933,Ellenburg,New York ,CLINTON,36,019,NY 
12927,Cranberry Lake,New York ,SAINT LAWRENCE,36,089,NY 
12932,Elizabethtown,New York ,ESSEX,36,031,NY 
12929,Dannemora,New York ,CLINTON,36,019,NY 
12934,Ellenburg Center,New York ,CLINTON,36,019,NY 
12930,Dickinson Center,New York ,FRANKLIN,36,033,NY 
12935,Ellenburg Depot,New York ,CLINTON,36,019,NY 
12942,Keene,New York ,ESSEX,36,031,NY 
12936,Essex,New York ,ESSEX,36,031,NY 
12939,Gabriels,New York ,FRANKLIN,36,033,NY 
12937,Fort Covington,New York ,FRANKLIN,36,033,NY 
12943,Keene Valley,New York ,ESSEX,36,031,NY 
12941,Jay,New York ,ESSEX,36,031,NY 
12944,Keeseville,New York ,CLINTON,36,019,NY 
12945,Lake Clear,New York ,FRANKLIN,36,033,NY 
12946,Lake Placid,New York ,ESSEX,36,031,NY 
12952,Lyon Mountain,New York ,CLINTON,36,019,NY 
12950,Lewis,New York ,ESSEX,36,031,NY 
12957,Moira,New York ,FRANKLIN,36,033,NY 
12949,Lawrenceville,New York ,SAINT LAWRENCE,36,089,NY 
12955,Lyon Mountain,New York ,CLINTON,36,019,NY 
12953,Malone,New York ,FRANKLIN,36,033,NY 
12956,Mineville,New York ,ESSEX,36,031,NY 
12958,Mooers,New York ,CLINTON,36,019,NY 
12959,Mooers Forks,New York ,CLINTON,36,019,NY 
12961,Moriah Center,New York ,ESSEX,36,031,NY 
12964,New Russia,New York ,ESSEX,36,031,NY 
12966,North Bangor,New York ,FRANKLIN,36,033,NY 
12960,Moriah,New York ,ESSEX,36,031,NY 
12965,Nicholville,New York ,SAINT LAWRENCE,36,089,NY 
12962,Morrisonville,New York ,CLINTON,36,019,NY 
12967,North Lawrence,New York ,SAINT LAWRENCE,36,089,NY 
12975,Port Kent,New York ,ESSEX,36,031,NY 
12970,Paul Smiths,New York ,FRANKLIN,36,033,NY 
12972,Peru,New York ,CLINTON,36,019,NY 
12973,Piercefield,New York ,SAINT LAWRENCE,36,089,NY 
12969,Owls Head,New York ,FRANKLIN,36,033,NY 
12976,Rainbow Lake,New York ,FRANKLIN,36,033,NY 
12974,Port Henry,New York ,ESSEX,36,031,NY 
12977,Ray Brook,New York ,ESSEX,36,031,NY 
12978,Redford,New York ,CLINTON,36,019,NY 
12979,Rouses Point,New York ,CLINTON,36,019,NY 
12985,Schuyler Falls,New York ,CLINTON,36,019,NY 
12987,Upper Jay,New York ,ESSEX,36,031,NY 
12983,Saranac Lake,New York ,FRANKLIN,36,033,NY 
12986,Tupper Lake,New York ,FRANKLIN,36,033,NY 
12980,Saint Regis Falls,New York ,FRANKLIN,36,033,NY 
12981,Saranac,New York ,CLINTON,36,019,NY 
12989,Vermontville,New York ,FRANKLIN,36,033,NY 
12995,Whippleville,New York ,FRANKLIN,36,033,NY 
12997,Wilmington,New York ,ESSEX,36,031,NY 
12996,Willsboro,New York ,ESSEX,36,031,NY 
13020,Apulia Station,New York ,ONONDAGA,36,067,NY 
12998,Witherbee,New York ,ESSEX,36,031,NY 
12992,West Chazy,New York ,CLINTON,36,019,NY 
12993,Westport,New York ,ESSEX,36,031,NY 
13021,Auburn,New York ,CAYUGA,36,011,NY 
13022,Auburn,New York ,CAYUGA,36,011,NY 
13029,Brewerton,New York ,ONONDAGA,36,067,NY 
13030,Bridgeport,New York ,ONONDAGA,36,067,NY 
13024,Auburn,New York ,CAYUGA,36,011,NY 
13028,Bernhards Bay,New York ,OSWEGO,36,075,NY 
13027,Baldwinsville,New York ,ONONDAGA,36,067,NY 
13031,Camillus,New York ,ONONDAGA,36,067,NY 
13026,Aurora,New York ,CAYUGA,36,011,NY 
13032,Canastota,New York ,MADISON,36,053,NY 
13033,Cato,New York ,CAYUGA,36,011,NY 
13035,Cazenovia,New York ,MADISON,36,053,NY 
13036,Central Square,New York ,OSWEGO,36,075,NY 
13040,Cincinnatus,New York ,CORTLAND,36,023,NY 
13039,Cicero,New York ,ONONDAGA,36,067,NY 
13034,Cayuga,New York ,CAYUGA,36,011,NY 
13037,Chittenango,New York ,MADISON,36,053,NY 
13041,Clay,New York ,ONONDAGA,36,067,NY 
13043,Clockville,New York ,MADISON,36,053,NY 
13044,Constantia,New York ,OSWEGO,36,075,NY 
13045,Cortland,New York ,CORTLAND,36,023,NY 
13042,Cleveland,New York ,OSWEGO,36,075,NY 
13052,De Ruyter,New York ,MADISON,36,053,NY 
13051,Delphi Falls,New York ,ONONDAGA,36,067,NY 
13053,Dryden,New York ,TOMPKINS,36,109,NY 
13054,Durhamville,New York ,ONEIDA,36,065,NY 
13056,East Homer,New York ,CORTLAND,36,023,NY 
13057,East Syracuse,New York ,ONONDAGA,36,067,NY 
13060,Elbridge,New York ,ONONDAGA,36,067,NY 
13064,Fair Haven,New York ,CAYUGA,36,011,NY 
13061,Erieville,New York ,MADISON,36,053,NY 
13063,Fabius,New York ,ONONDAGA,36,067,NY 
13062,Etna,New York ,TOMPKINS,36,109,NY 
13066,Fayetteville,New York ,ONONDAGA,36,067,NY 
13065,Fayette,New York ,SENECA,36,099,NY 
13068,Freeville,New York ,TOMPKINS,36,109,NY 
13072,Georgetown,New York ,MADISON,36,053,NY 
13073,Groton,New York ,TOMPKINS,36,109,NY 
13069,Fulton,New York ,OSWEGO,36,075,NY 
13074,Hannibal,New York ,OSWEGO,36,075,NY 
13071,Genoa,New York ,CAYUGA,36,011,NY 
13077,Homer,New York ,CORTLAND,36,023,NY 
13076,Hastings,New York ,OSWEGO,36,075,NY 
13078,Jamesville,New York ,ONONDAGA,36,067,NY 
13080,Jordan,New York ,ONONDAGA,36,067,NY 
13081,King Ferry,New York ,CAYUGA,36,011,NY 
13083,Lacona,New York ,OSWEGO,36,075,NY 
13082,Kirkville,New York ,ONONDAGA,36,067,NY 
13087,Little York,New York ,CORTLAND,36,023,NY 
13084,La Fayette,New York ,ONONDAGA,36,067,NY 
13088,Liverpool,New York ,ONONDAGA,36,067,NY 
13089,Liverpool,New York ,ONONDAGA,36,067,NY 
13104,Manlius,New York ,ONONDAGA,36,067,NY 
13090,Liverpool,New York ,ONONDAGA,36,067,NY 
13092,Locke,New York ,CAYUGA,36,011,NY 
13102,Mc Lean,New York ,TOMPKINS,36,109,NY 
13103,Mallory,New York ,OSWEGO,36,075,NY 
13093,Lycoming,New York ,OSWEGO,36,075,NY 
13101,Mc Graw,New York ,CORTLAND,36,023,NY 
13107,Maple View,New York ,OSWEGO,36,075,NY 
13110,Marietta,New York ,ONONDAGA,36,067,NY 
13112,Memphis,New York ,ONONDAGA,36,067,NY 
13113,Meridian,New York ,CAYUGA,36,011,NY 
13108,Marcellus,New York ,ONONDAGA,36,067,NY 
13115,Minetto,New York ,OSWEGO,36,075,NY 
13114,Mexico,New York ,OSWEGO,36,075,NY 
13111,Martville,New York ,CAYUGA,36,011,NY 
13116,Minoa,New York ,ONONDAGA,36,067,NY 
13117,Montezuma,New York ,CAYUGA,36,011,NY 
13118,Moravia,New York ,CAYUGA,36,011,NY 
13120,Nedrow,New York ,ONONDAGA,36,067,NY 
13123,North Bay,New York ,ONEIDA,36,065,NY 
13122,New Woodstock,New York ,MADISON,36,053,NY 
13119,Mottville,New York ,ONONDAGA,36,067,NY 
13121,New Haven,New York ,OSWEGO,36,075,NY 
13137,Plainville,New York ,ONONDAGA,36,067,NY 
13131,Parish,New York ,OSWEGO,36,075,NY 
13124,North Pitcher,New York ,CHENANGO,36,017,NY 
13132,Pennellville,New York ,OSWEGO,36,075,NY 
13126,Oswego,New York ,OSWEGO,36,075,NY 
13136,Pitcher,New York ,CHENANGO,36,017,NY 
13135,Phoenix,New York ,OSWEGO,36,075,NY 
13134,Peterboro,New York ,MADISON,36,053,NY 
13139,Poplar Ridge,New York ,CAYUGA,36,011,NY 
13138,Pompey,New York ,ONONDAGA,36,067,NY 
13145,Sandy Creek,New York ,OSWEGO,36,075,NY 
13142,Pulaski,New York ,OSWEGO,36,075,NY 
13140,Port Byron,New York ,CAYUGA,36,011,NY 
13144,Richland,New York ,OSWEGO,36,075,NY 
13143,Red Creek,New York ,WAYNE,36,117,NY 
13141,Preble,New York ,CORTLAND,36,023,NY 
13148,Seneca Falls,New York ,SENECA,36,099,NY 
13154,South Butler,New York ,WAYNE,36,117,NY 
13147,Scipio Center,New York ,CAYUGA,36,011,NY 
13152,Skaneateles,New York ,ONONDAGA,36,067,NY 
13153,Skaneateles Falls,New York ,ONONDAGA,36,067,NY 
13156,Sterling,New York ,CAYUGA,36,011,NY 
13146,Savannah,New York ,WAYNE,36,117,NY 
13155,South Otselic,New York ,CHENANGO,36,017,NY 
13157,Sylvan Beach,New York ,ONEIDA,36,065,NY 
13163,Wampsville,New York ,MADISON,36,053,NY 
13158,Truxton,New York ,CORTLAND,36,023,NY 
13162,Verona Beach,New York ,ONEIDA,36,065,NY 
13165,Waterloo,New York ,SENECA,36,099,NY 
13160,Union Springs,New York ,CAYUGA,36,011,NY 
13159,Tully,New York ,ONONDAGA,36,067,NY 
13164,Warners,New York ,ONONDAGA,36,067,NY 
13166,Weedsport,New York ,CAYUGA,36,011,NY 
13202,Syracuse,New York ,ONONDAGA,36,067,NY 
13203,Syracuse,New York ,ONONDAGA,36,067,NY 
13204,Syracuse,New York ,ONONDAGA,36,067,NY 
13201,Syracuse,New York ,ONONDAGA,36,067,NY 
13205,Syracuse,New York ,ONONDAGA,36,067,NY 
13206,Syracuse,New York ,ONONDAGA,36,067,NY 
13167,West Monroe,New York ,OSWEGO,36,075,NY 
13207,Syracuse,New York ,ONONDAGA,36,067,NY 
13208,Syracuse,New York ,ONONDAGA,36,067,NY 
13209,Syracuse,New York ,ONONDAGA,36,067,NY 
13210,Syracuse,New York ,ONONDAGA,36,067,NY 
13212,Syracuse,New York ,ONONDAGA,36,067,NY 
13211,Syracuse,New York ,ONONDAGA,36,067,NY 
13217,Syracuse,New York ,ONONDAGA,36,067,NY 
13215,Syracuse,New York ,ONONDAGA,36,067,NY 
13214,Syracuse,New York ,ONONDAGA,36,067,NY 
13221,Syracuse,New York ,ONONDAGA,36,067,NY 
13235,Syracuse,New York ,ONONDAGA,36,067,NY 
13220,Syracuse,New York ,ONONDAGA,36,067,NY 
13218,Syracuse,New York ,ONONDAGA,36,067,NY 
13225,Syracuse,New York ,ONONDAGA,36,067,NY 
13219,Syracuse,New York ,ONONDAGA,36,067,NY 
13224,Syracuse,New York ,ONONDAGA,36,067,NY 
13244,Syracuse,New York ,ONONDAGA,36,067,NY 
13250,Syracuse,New York ,ONONDAGA,36,067,NY 
13252,Syracuse,New York ,ONONDAGA,36,067,NY 
13251,Syracuse,New York ,ONONDAGA,36,067,NY 
13261,Syracuse,New York ,ONONDAGA,36,067,NY 
13302,Altmar,New York ,OSWEGO,36,075,NY 
13290,Syracuse,New York ,ONONDAGA,36,067,NY 
13301,Alder Creek,New York ,ONEIDA,36,065,NY 
13303,Ava,New York ,ONEIDA,36,065,NY 
13304,Barneveld,New York ,ONEIDA,36,065,NY 
13308,Blossvale,New York ,ONEIDA,36,065,NY 
13313,Bridgewater,New York ,ONEIDA,36,065,NY 
13305,Beaver Falls,New York ,LEWIS,36,049,NY 
13314,Brookfield,New York ,MADISON,36,053,NY 
13312,Brantingham,New York ,LEWIS,36,049,NY 
13310,Bouckville,New York ,MADISON,36,053,NY 
13309,Boonville,New York ,ONEIDA,36,065,NY 
13315,Burlington Flats,New York ,OTSEGO,36,077,NY 
13317,Canajoharie,New York ,MONTGOMERY,36,057,NY 
13318,Cassville,New York ,ONEIDA,36,065,NY 
13316,Camden,New York ,ONEIDA,36,065,NY 
13319,Chadwicks,New York ,ONEIDA,36,065,NY 
13322,Clayville,New York ,ONEIDA,36,065,NY 
13321,Clark Mills,New York ,ONEIDA,36,065,NY 
13320,Cherry Valley,New York ,OTSEGO,36,077,NY 
13325,Constableville,New York ,LEWIS,36,049,NY 
13324,Cold Brook,New York ,HERKIMER,36,043,NY 
13326,Cooperstown,New York ,OTSEGO,36,077,NY 
13328,Deansboro,New York ,ONEIDA,36,065,NY 
13323,Clinton,New York ,ONEIDA,36,065,NY 
13327,Croghan,New York ,LEWIS,36,049,NY 
13329,Dolgeville,New York ,HERKIMER,36,043,NY 
13331,Eagle Bay,New York ,HERKIMER,36,043,NY 
13332,Earlville,New York ,CHENANGO,36,017,NY 
13335,Edmeston,New York ,OTSEGO,36,077,NY 
13334,Eaton,New York ,MADISON,36,053,NY 
13338,Forestport,New York ,ONEIDA,36,065,NY 
13337,Fly Creek,New York ,OTSEGO,36,077,NY 
13333,East Springfield,New York ,OTSEGO,36,077,NY 
13339,Fort Plain,New York ,MONTGOMERY,36,057,NY 
13340,Frankfort,New York ,HERKIMER,36,043,NY 
13341,Franklin Springs,New York ,ONEIDA,36,065,NY 
13346,Hamilton,New York ,MADISON,36,053,NY 
13343,Glenfield,New York ,LEWIS,36,049,NY 
13345,Greig,New York ,LEWIS,36,049,NY 
13348,Hartwick,New York ,OTSEGO,36,077,NY 
13342,Garrattsville,New York ,OTSEGO,36,077,NY 
13352,Hinckley,New York ,ONEIDA,36,065,NY 
13350,Herkimer,New York ,HERKIMER,36,043,NY 
13353,Hoffmeister,New York ,HAMILTON,36,041,NY 
13357,Ilion,New York ,HERKIMER,36,043,NY 
13354,Holland Patent,New York ,ONEIDA,36,065,NY 
13355,Hubbardsville,New York ,MADISON,36,053,NY 
13361,Jordanville,New York ,HERKIMER,36,043,NY 
13360,Inlet,New York ,HAMILTON,36,041,NY 
13362,Knoxboro,New York ,ONEIDA,36,065,NY 
13363,Lee Center,New York ,ONEIDA,36,065,NY 
13364,Leonardsville,New York ,MADISON,36,053,NY 
13365,Little Falls,New York ,HERKIMER,36,043,NY 
13367,Lowville,New York ,LEWIS,36,049,NY 
13401,Mc Connellsville,New York ,ONEIDA,36,065,NY 
13402,Madison,New York ,MADISON,36,053,NY 
13368,Lyons Falls,New York ,LEWIS,36,049,NY 
13404,Martinsburg,New York ,LEWIS,36,049,NY 
13406,Middleville,New York ,HERKIMER,36,043,NY 
13403,Marcy,New York ,ONEIDA,36,065,NY 
13407,Mohawk,New York ,HERKIMER,36,043,NY 
13408,Morrisville,New York ,MADISON,36,053,NY 
13411,New Berlin,New York ,CHENANGO,36,017,NY 
13409,Munnsville,New York ,MADISON,36,053,NY 
13410,Nelliston,New York ,MONTGOMERY,36,057,NY 
13413,New Hartford,New York ,ONEIDA,36,065,NY 
13415,New Lisbon,New York ,OTSEGO,36,077,NY 
13416,Newport,New York ,HERKIMER,36,043,NY 
13417,New York Mills,New York ,ONEIDA,36,065,NY 
13418,North Brookfield,New York ,MADISON,36,053,NY 
13421,Oneida,New York ,MADISON,36,053,NY 
13424,Oriskany,New York ,ONEIDA,36,065,NY 
13420,Old Forge,New York ,HERKIMER,36,043,NY 
13428,Palatine Bridge,New York ,MONTGOMERY,36,057,NY 
13426,Orwell,New York ,OSWEGO,36,075,NY 
13425,Oriskany Falls,New York ,ONEIDA,36,065,NY 
13431,Poland,New York ,HERKIMER,36,043,NY 
13433,Port Leyden,New York ,LEWIS,36,049,NY 
13437,Redfield,New York ,OSWEGO,36,075,NY 
13436,Raquette Lake,New York ,HAMILTON,36,041,NY 
13435,Prospect,New York ,ONEIDA,36,065,NY 
13439,Richfield Springs,New York ,OTSEGO,36,077,NY 
13438,Remsen,New York ,ONEIDA,36,065,NY 
13440,Rome,New York ,ONEIDA,36,065,NY 
13441,Rome,New York ,ONEIDA,36,065,NY 
13442,Rome,New York ,ONEIDA,36,065,NY 
13449,Rome,New York ,ONEIDA,36,065,NY 
13452,Saint Johnsville,New York ,MONTGOMERY,36,057,NY 
13450,Roseboom,New York ,OTSEGO,36,077,NY 
13455,Sangerfield,New York ,ONEIDA,36,065,NY 
13454,Salisbury Center,New York ,HERKIMER,36,043,NY 
13456,Sauquoit,New York ,ONEIDA,36,065,NY 
13459,Sharon Springs,New York ,SCHOHARIE,36,095,NY 
13457,Schuyler Lake,New York ,OTSEGO,36,077,NY 
13460,Sherburne,New York ,CHENANGO,36,017,NY 
13461,Sherrill,New York ,ONEIDA,36,065,NY 
13464,Smyrna,New York ,CHENANGO,36,017,NY 
13468,Springfield Center,New York ,OTSEGO,36,077,NY 
13465,Solsville,New York ,MADISON,36,053,NY 
13469,Stittville,New York ,ONEIDA,36,065,NY 
13471,Taberg,New York ,ONEIDA,36,065,NY 
13470,Stratford,New York ,FULTON,36,035,NY 
13472,Thendara,New York ,HERKIMER,36,043,NY 
13473,Turin,New York ,LEWIS,36,049,NY 
13477,Vernon Center,New York ,ONEIDA,36,065,NY 
13476,Vernon,New York ,ONEIDA,36,065,NY 
13475,Van Hornesville,New York ,HERKIMER,36,043,NY 
13478,Verona,New York ,ONEIDA,36,065,NY 
13479,Washington Mills,New York ,ONEIDA,36,065,NY 
13482,West Burlington,New York ,OTSEGO,36,077,NY 
13480,Waterville,New York ,ONEIDA,36,065,NY 
13484,West Eaton,New York ,MADISON,36,053,NY 
13483,Westdale,New York ,ONEIDA,36,065,NY 
13485,West Edmeston,New York ,MADISON,36,053,NY 
13488,Westford,New York ,OTSEGO,36,077,NY 
13486,Westernville,New York ,ONEIDA,36,065,NY 
13490,Westmoreland,New York ,ONEIDA,36,065,NY 
13489,West Leyden,New York ,LEWIS,36,049,NY 
13491,West Winfield,New York ,HERKIMER,36,043,NY 
13493,Williamstown,New York ,OSWEGO,36,075,NY 
13492,Whitesboro,New York ,ONEIDA,36,065,NY 
13501,Utica,New York ,ONEIDA,36,065,NY 
13494,Woodgate,New York ,ONEIDA,36,065,NY 
13495,Yorkville,New York ,ONEIDA,36,065,NY 
13502,Utica,New York ,ONEIDA,36,065,NY 
13504,Utica,New York ,ONEIDA,36,065,NY 
13503,Utica,New York ,ONEIDA,36,065,NY 
13505,Utica,New York ,ONEIDA,36,065,NY 
13599,Utica,New York ,ONEIDA,36,065,NY 
13601,Watertown,New York ,JEFFERSON,36,045,NY 
13603,Watertown,New York ,JEFFERSON,36,045,NY 
13602,Fort Drum,New York ,JEFFERSON,36,045,NY 
13605,Adams,New York ,JEFFERSON,36,045,NY 
13606,Adams Center,New York ,JEFFERSON,36,045,NY 
13611,Belleville,New York ,JEFFERSON,36,045,NY 
13607,Alexandria Bay,New York ,JEFFERSON,36,045,NY 
13612,Black River,New York ,JEFFERSON,36,045,NY 
13608,Antwerp,New York ,JEFFERSON,36,045,NY 
13613,Brasher Falls,New York ,SAINT LAWRENCE,36,089,NY 
13615,Brownville,New York ,JEFFERSON,36,045,NY 
13614,Brier Hill,New York ,SAINT LAWRENCE,36,089,NY 
13616,Calcium,New York ,JEFFERSON,36,045,NY 
13617,Canton,New York ,SAINT LAWRENCE,36,089,NY 
13618,Cape Vincent,New York ,JEFFERSON,36,045,NY 
13620,Castorland,New York ,LEWIS,36,049,NY 
13619,Carthage,New York ,JEFFERSON,36,045,NY 
13621,Chase Mills,New York ,SAINT LAWRENCE,36,089,NY 
13623,Chippewa Bay,New York ,SAINT LAWRENCE,36,089,NY 
13622,Chaumont,New York ,JEFFERSON,36,045,NY 
13624,Clayton,New York ,JEFFERSON,36,045,NY 
13625,Colton,New York ,SAINT LAWRENCE,36,089,NY 
13627,Deer River,New York ,LEWIS,36,049,NY 
13626,Copenhagen,New York ,LEWIS,36,049,NY 
13628,Deferiet,New York ,JEFFERSON,36,045,NY 
13630,De Kalb Junction,New York ,SAINT LAWRENCE,36,089,NY 
13631,Denmark,New York ,LEWIS,36,049,NY 
13632,Depauville,New York ,JEFFERSON,36,045,NY 
13633,De Peyster,New York ,SAINT LAWRENCE,36,089,NY 
13635,Edwards,New York ,SAINT LAWRENCE,36,089,NY 
13634,Dexter,New York ,JEFFERSON,36,045,NY 
13636,Ellisburg,New York ,JEFFERSON,36,045,NY 
13637,Evans Mills,New York ,JEFFERSON,36,045,NY 
13639,Fine,New York ,SAINT LAWRENCE,36,089,NY 
13638,Felts Mills,New York ,JEFFERSON,36,045,NY 
13640,Wellesley Island,New York ,JEFFERSON,36,045,NY 
13641,Fishers Landing,New York ,JEFFERSON,36,045,NY 
13643,Great Bend,New York ,JEFFERSON,36,045,NY 
13642,Gouverneur,New York ,SAINT LAWRENCE,36,089,NY 
13645,Hailesboro,New York ,SAINT LAWRENCE,36,089,NY 
13648,Harrisville,New York ,LEWIS,36,049,NY 
13647,Hannawa Falls,New York ,SAINT LAWRENCE,36,089,NY 
13650,Henderson,New York ,JEFFERSON,36,045,NY 
13649,Helena,New York ,SAINT LAWRENCE,36,089,NY 
13646,Hammond,New York ,SAINT LAWRENCE,36,089,NY 
13652,Hermon,New York ,SAINT LAWRENCE,36,089,NY 
13651,Henderson Harbor,New York ,JEFFERSON,36,045,NY 
13654,Heuvelton,New York ,SAINT LAWRENCE,36,089,NY 
13658,Lisbon,New York ,SAINT LAWRENCE,36,089,NY 
13655,Hogansburg,New York ,FRANKLIN,36,033,NY 
13656,La Fargeville,New York ,JEFFERSON,36,045,NY 
13657,Limerick,New York ,JEFFERSON,36,045,NY 
13659,Lorraine,New York ,JEFFERSON,36,045,NY 
13660,Madrid,New York ,SAINT LAWRENCE,36,089,NY 
13662,Massena,New York ,SAINT LAWRENCE,36,089,NY 
13661,Mannsville,New York ,JEFFERSON,36,045,NY 
13664,Morristown,New York ,SAINT LAWRENCE,36,089,NY 
13666,Newton Falls,New York ,SAINT LAWRENCE,36,089,NY 
13665,Natural Bridge,New York ,JEFFERSON,36,045,NY 
13668,Norwood,New York ,SAINT LAWRENCE,36,089,NY 
13667,Norfolk,New York ,SAINT LAWRENCE,36,089,NY 
13669,Ogdensburg,New York ,SAINT LAWRENCE,36,089,NY 
13671,Antwerp,New York ,JEFFERSON,36,045,NY 
13670,Oswegatchie,New York ,SAINT LAWRENCE,36,089,NY 
13672,Parishville,New York ,SAINT LAWRENCE,36,089,NY 
13673,Philadelphia,New York ,JEFFERSON,36,045,NY 
13677,Pyrites,New York ,SAINT LAWRENCE,36,089,NY 
13676,Potsdam,New York ,SAINT LAWRENCE,36,089,NY 
13674,Pierrepont Manor,New York ,JEFFERSON,36,045,NY 
13675,Plessis,New York ,JEFFERSON,36,045,NY 
13678,Raymondville,New York ,SAINT LAWRENCE,36,089,NY 
13679,Redwood,New York ,JEFFERSON,36,045,NY 
13685,Sackets Harbor,New York ,JEFFERSON,36,045,NY 
13683,Rooseveltown,New York ,SAINT LAWRENCE,36,089,NY 
13680,Rensselaer Falls,New York ,SAINT LAWRENCE,36,089,NY 
13684,Russell,New York ,SAINT LAWRENCE,36,089,NY 
13681,Richville,New York ,SAINT LAWRENCE,36,089,NY 
13682,Rodman,New York ,JEFFERSON,36,045,NY 
13687,South Colton,New York ,SAINT LAWRENCE,36,089,NY 
13690,Star Lake,New York ,SAINT LAWRENCE,36,089,NY 
13693,Three Mile Bay,New York ,JEFFERSON,36,045,NY 
13696,West Stockholm,New York ,SAINT LAWRENCE,36,089,NY 
13692,Thousand Island Park,New York ,JEFFERSON,36,045,NY 
13691,Theresa,New York ,JEFFERSON,36,045,NY 
13695,Wanakena,New York ,SAINT LAWRENCE,36,089,NY 
13694,Waddington,New York ,SAINT LAWRENCE,36,089,NY 
13697,Winthrop,New York ,SAINT LAWRENCE,36,089,NY 
13699,Potsdam,New York ,SAINT LAWRENCE,36,089,NY 
13733,Bainbridge,New York ,CHENANGO,36,017,NY 
13732,Apalachin,New York ,TIOGA,36,107,NY 
13730,Afton,New York ,CHENANGO,36,017,NY 
13731,Andes,New York ,DELAWARE,36,025,NY 
13734,Barton,New York ,TIOGA,36,107,NY 
13736,Berkshire,New York ,TIOGA,36,107,NY 
13737,Bible School Park,New York ,BROOME,36,007,NY 
13738,Blodgett Mills,New York ,CORTLAND,36,023,NY 
13745,Chenango Bridge,New York ,BROOME,36,007,NY 
13740,Bovina Center,New York ,DELAWARE,36,025,NY 
13746,Chenango Forks,New York ,BROOME,36,007,NY 
13743,Candor,New York ,TIOGA,36,107,NY 
13739,Bloomville,New York ,DELAWARE,36,025,NY 
13744,Castle Creek,New York ,BROOME,36,007,NY 
13747,Colliersville,New York ,OTSEGO,36,077,NY 
13748,Conklin,New York ,BROOME,36,007,NY 
13749,Corbettsville,New York ,BROOME,36,007,NY 
13750,Davenport,New York ,DELAWARE,36,025,NY 
13754,Deposit,New York ,BROOME,36,007,NY 
13751,Davenport Center,New York ,DELAWARE,36,025,NY 
13756,East Branch,New York ,DELAWARE,36,025,NY 
13752,Delancey,New York ,DELAWARE,36,025,NY 
13753,Delhi,New York ,DELAWARE,36,025,NY 
13755,Downsville,New York ,DELAWARE,36,025,NY 
13757,East Meredith,New York ,DELAWARE,36,025,NY 
13758,East Pharsalia,New York ,CHENANGO,36,017,NY 
13761,Endicott,New York ,BROOME,36,007,NY 
13762,Endwell,New York ,BROOME,36,007,NY 
13760,Endicott,New York ,BROOME,36,007,NY 
13775,Franklin,New York ,DELAWARE,36,025,NY 
13763,Endicott,New York ,BROOME,36,007,NY 
13774,Fishs Eddy,New York ,DELAWARE,36,025,NY 
13776,Gilbertsville,New York ,OTSEGO,36,077,NY 
13784,Harford,New York ,CORTLAND,36,023,NY 
13786,Harpersfield,New York ,DELAWARE,36,025,NY 
13777,Glen Aubrey,New York ,BROOME,36,007,NY 
13783,Hancock,New York ,DELAWARE,36,025,NY 
13778,Greene,New York ,CHENANGO,36,017,NY 
13780,Guilford,New York ,CHENANGO,36,017,NY 
13782,Hamden,New York ,DELAWARE,36,025,NY 
13787,Harpursville,New York ,BROOME,36,007,NY 
13790,Johnson City,New York ,BROOME,36,007,NY 
13788,Hobart,New York ,DELAWARE,36,025,NY 
13797,Lisle,New York ,BROOME,36,007,NY 
13801,Mc Donough,New York ,CHENANGO,36,017,NY 
13794,Killawog,New York ,BROOME,36,007,NY 
13796,Laurens,New York ,OTSEGO,36,077,NY 
13795,Kirkwood,New York ,BROOME,36,007,NY 
13802,Maine,New York ,BROOME,36,007,NY 
13803,Marathon,New York ,CORTLAND,36,023,NY 
13804,Masonville,New York ,DELAWARE,36,025,NY 
13806,Meridale,New York ,DELAWARE,36,025,NY 
13810,Mount Vision,New York ,OTSEGO,36,077,NY 
13809,Mount Upton,New York ,CHENANGO,36,017,NY 
13807,Milford,New York ,OTSEGO,36,077,NY 
13808,Morris,New York ,OTSEGO,36,077,NY 
13811,Newark Valley,New York ,TIOGA,36,107,NY 
13812,Nichols,New York ,TIOGA,36,107,NY 
13813,Nineveh,New York ,BROOME,36,007,NY 
13814,North Norwich,New York ,CHENANGO,36,017,NY 
13825,Otego,New York ,OTSEGO,36,077,NY 
13820,Oneonta,New York ,OTSEGO,36,077,NY 
13815,Norwich,New York ,CHENANGO,36,017,NY 
13827,Owego,New York ,TIOGA,36,107,NY 
13826,Ouaquaga,New York ,BROOME,36,007,NY 
13830,Oxford,New York ,CHENANGO,36,017,NY 
13832,Plymouth,New York ,CHENANGO,36,017,NY 
13833,Port Crane,New York ,BROOME,36,007,NY 
13834,Portlandville,New York ,OTSEGO,36,077,NY 
13839,Sidney Center,New York ,DELAWARE,36,025,NY 
13835,Richford,New York ,TIOGA,36,107,NY 
13840,Smithboro,New York ,TIOGA,36,107,NY 
13838,Sidney,New York ,DELAWARE,36,025,NY 
13841,Smithville Flats,New York ,CHENANGO,36,017,NY 
13842,South Kortright,New York ,DELAWARE,36,025,NY 
13847,Trout Creek,New York ,DELAWARE,36,025,NY 
13846,Treadwell,New York ,DELAWARE,36,025,NY 
13843,South New Berlin,New York ,CHENANGO,36,017,NY 
13844,South Plymouth,New York ,CHENANGO,36,017,NY 
13845,Tioga Center,New York ,TIOGA,36,107,NY 
13848,Tunnel,New York ,BROOME,36,007,NY 
13849,Unadilla,New York ,OTSEGO,36,077,NY 
13850,Vestal,New York ,BROOME,36,007,NY 
13851,Vestal,New York ,BROOME,36,007,NY 
13856,Walton,New York ,DELAWARE,36,025,NY 
13859,Wells Bridge,New York ,OTSEGO,36,077,NY 
13860,West Davenport,New York ,DELAWARE,36,025,NY 
13862,Whitney Point,New York ,BROOME,36,007,NY 
13863,Willet,New York ,CORTLAND,36,023,NY 
13861,West Oneonta,New York ,OTSEGO,36,077,NY 
13864,Willseyville,New York ,TIOGA,36,107,NY 
13865,Windsor,New York ,BROOME,36,007,NY 
13901,Binghamton,New York ,BROOME,36,007,NY 
13905,Binghamton,New York ,BROOME,36,007,NY 
14001,Akron,New York ,ERIE,36,029,NY 
13902,Binghamton,New York ,BROOME,36,007,NY 
14004,Alden,New York ,ERIE,36,029,NY 
13903,Binghamton,New York ,BROOME,36,007,NY 
13904,Binghamton,New York ,BROOME,36,007,NY 
14005,Alexander,New York ,GENESEE,36,037,NY 
14006,Angola,New York ,ERIE,36,029,NY 
14011,Attica,New York ,WYOMING,36,121,NY 
14012,Barker,New York ,NIAGARA,36,063,NY 
14008,Appleton,New York ,NIAGARA,36,063,NY 
14010,Athol Springs,New York ,ERIE,36,029,NY 
14009,Arcade,New York ,WYOMING,36,121,NY 
14013,Basom,New York ,GENESEE,36,037,NY 
14020,Batavia,New York ,GENESEE,36,037,NY 
14021,Batavia,New York ,GENESEE,36,037,NY 
14024,Bliss,New York ,WYOMING,36,121,NY 
14027,Brant,New York ,ERIE,36,029,NY 
14028,Burt,New York ,NIAGARA,36,063,NY 
14029,Centerville,New York ,ALLEGANY,36,003,NY 
14025,Boston,New York ,ERIE,36,029,NY 
14026,Bowmansville,New York ,ERIE,36,029,NY 
14030,Chaffee,New York ,ERIE,36,029,NY 
14031,Clarence,New York ,ERIE,36,029,NY 
14032,Clarence Center,New York ,ERIE,36,029,NY 
14034,Collins,New York ,ERIE,36,029,NY 
14036,Corfu,New York ,GENESEE,36,037,NY 
14035,Collins Center,New York ,ERIE,36,029,NY 
14033,Colden,New York ,ERIE,36,029,NY 
14037,Cowlesville,New York ,WYOMING,36,121,NY 
14039,Dale,New York ,WYOMING,36,121,NY 
14038,Crittenden,New York ,ERIE,36,029,NY 
14042,Delevan,New York ,CATTARAUGUS,36,009,NY 
14040,Darien Center,New York ,GENESEE,36,037,NY 
14043,Depew,New York ,ERIE,36,029,NY 
14041,Dayton,New York ,CATTARAUGUS,36,009,NY 
14047,Derby,New York ,ERIE,36,029,NY 
14048,Dunkirk,New York ,CHAUTAUQUA,36,013,NY 
14051,East Amherst,New York ,ERIE,36,029,NY 
14052,East Aurora,New York ,ERIE,36,029,NY 
14054,East Bethany,New York ,GENESEE,36,037,NY 
14055,East Concord,New York ,ERIE,36,029,NY 
14057,Eden,New York ,ERIE,36,029,NY 
14056,East Pembroke,New York ,GENESEE,36,037,NY 
14060,Farmersville Station,New York ,CATTARAUGUS,36,009,NY 
14058,Elba,New York ,GENESEE,36,037,NY 
14059,Elma,New York ,ERIE,36,029,NY 
14061,Farnham,New York ,ERIE,36,029,NY 
14062,Forestville,New York ,CHAUTAUQUA,36,013,NY 
14070,Gowanda,New York ,CATTARAUGUS,36,009,NY 
14068,Getzville,New York ,ERIE,36,029,NY 
14066,Gainesville,New York ,WYOMING,36,121,NY 
14065,Freedom,New York ,CATTARAUGUS,36,009,NY 
14067,Gasport,New York ,NIAGARA,36,063,NY 
14063,Fredonia,New York ,CHAUTAUQUA,36,013,NY 
14069,Glenwood,New York ,ERIE,36,029,NY 
14072,Grand Island,New York ,ERIE,36,029,NY 
14081,Irving,New York ,CHAUTAUQUA,36,013,NY 
14082,Java Center,New York ,WYOMING,36,121,NY 
14075,Hamburg,New York ,ERIE,36,029,NY 
14086,Lancaster,New York ,ERIE,36,029,NY 
14080,Holland,New York ,ERIE,36,029,NY 
14091,Lawtons,New York ,ERIE,36,029,NY 
14085,Lake View,New York ,ERIE,36,029,NY 
14083,Java Village,New York ,WYOMING,36,121,NY 
14094,Lockport,New York ,NIAGARA,36,063,NY 
14092,Lewiston,New York ,NIAGARA,36,063,NY 
14105,Middleport,New York ,NIAGARA,36,063,NY 
14098,Lyndonville,New York ,ORLEANS,36,073,NY 
14103,Medina,New York ,ORLEANS,36,073,NY 
14101,Machias,New York ,CATTARAUGUS,36,009,NY 
14102,Marilla,New York ,ERIE,36,029,NY 
14095,Lockport,New York ,NIAGARA,36,063,NY 
14107,Model City,New York ,NIAGARA,36,063,NY 
14111,North Collins,New York ,ERIE,36,029,NY 
14108,Newfane,New York ,NIAGARA,36,063,NY 
14112,North Evans,New York ,ERIE,36,029,NY 
14113,North Java,New York ,WYOMING,36,121,NY 
14109,Niagara University,New York ,NIAGARA,36,063,NY 
14120,North Tonawanda,New York ,NIAGARA,36,063,NY 
14110,North Boston,New York ,ERIE,36,029,NY 
14126,Olcott,New York ,NIAGARA,36,063,NY 
14130,Pike,New York ,WYOMING,36,121,NY 
14127,Orchard Park,New York ,ERIE,36,029,NY 
14132,Sanborn,New York ,NIAGARA,36,063,NY 
14129,Perrysburg,New York ,CATTARAUGUS,36,009,NY 
14133,Sandusky,New York ,CATTARAUGUS,36,009,NY 
14131,Ransomville,New York ,NIAGARA,36,063,NY 
14125,Oakfield,New York ,GENESEE,36,037,NY 
14134,Sardinia,New York ,ERIE,36,029,NY 
14136,Silver Creek,New York ,CHAUTAUQUA,36,013,NY 
14140,Spring Brook,New York ,ERIE,36,029,NY 
14139,South Wales,New York ,ERIE,36,029,NY 
14143,Stafford,New York ,GENESEE,36,037,NY 
14138,South Dayton,New York ,CATTARAUGUS,36,009,NY 
14141,Springville,New York ,ERIE,36,029,NY 
14135,Sheridan,New York ,CHAUTAUQUA,36,013,NY 
14144,Stella Niagara,New York ,NIAGARA,36,063,NY 
14145,Strykersville,New York ,WYOMING,36,121,NY 
14168,Versailles,New York ,CATTARAUGUS,36,009,NY 
14166,Van Buren Point,New York ,CHAUTAUQUA,36,013,NY 
14151,Tonawanda,New York ,ERIE,36,029,NY 
14169,Wales Center,New York ,ERIE,36,029,NY 
14150,Tonawanda,New York ,ERIE,36,029,NY 
14167,Varysburg,New York ,WYOMING,36,121,NY 
14170,West Falls,New York ,ERIE,36,029,NY 
14171,West Valley,New York ,CATTARAUGUS,36,009,NY 
14174,Youngstown,New York ,NIAGARA,36,063,NY 
14202,Buffalo,New York ,ERIE,36,029,NY 
14201,Buffalo,New York ,ERIE,36,029,NY 
14173,Yorkshire,New York ,CATTARAUGUS,36,009,NY 
14203,Buffalo,New York ,ERIE,36,029,NY 
14172,Wilson,New York ,NIAGARA,36,063,NY 
14204,Buffalo,New York ,ERIE,36,029,NY 
14205,Buffalo,New York ,ERIE,36,029,NY 
14206,Buffalo,New York ,ERIE,36,029,NY 
14208,Buffalo,New York ,ERIE,36,029,NY 
14207,Buffalo,New York ,ERIE,36,029,NY 
14211,Buffalo,New York ,ERIE,36,029,NY 
14212,Buffalo,New York ,ERIE,36,029,NY 
14209,Buffalo,New York ,ERIE,36,029,NY 
14210,Buffalo,New York ,ERIE,36,029,NY 
14213,Buffalo,New York ,ERIE,36,029,NY 
14214,Buffalo,New York ,ERIE,36,029,NY 
14220,Buffalo,New York ,ERIE,36,029,NY 
14217,Buffalo,New York ,ERIE,36,029,NY 
14218,Buffalo,New York ,ERIE,36,029,NY 
14216,Buffalo,New York ,ERIE,36,029,NY 
14215,Buffalo,New York ,ERIE,36,029,NY 
14219,Buffalo,New York ,ERIE,36,029,NY 
14221,Buffalo,New York ,ERIE,36,029,NY 
14222,Buffalo,New York ,ERIE,36,029,NY 
14224,Buffalo,New York ,ERIE,36,029,NY 
14226,Buffalo,New York ,ERIE,36,029,NY 
14227,Buffalo,New York ,ERIE,36,029,NY 
14228,Buffalo,New York ,ERIE,36,029,NY 
14225,Buffalo,New York ,ERIE,36,029,NY 
14223,Buffalo,New York ,ERIE,36,029,NY 
14231,Buffalo,New York ,ERIE,36,029,NY 
14233,Buffalo,New York ,ERIE,36,029,NY 
14263,Buffalo,New York ,ERIE,36,029,NY 
14260,Buffalo,New York ,ERIE,36,029,NY 
14261,Buffalo,New York ,ERIE,36,029,NY 
14241,Buffalo,New York ,ERIE,36,029,NY 
14240,Buffalo,New York ,ERIE,36,029,NY 
14265,Buffalo,New York ,ERIE,36,029,NY 
14264,Buffalo,New York ,ERIE,36,029,NY 
14267,Buffalo,New York ,ERIE,36,029,NY 
14269,Buffalo,New York ,ERIE,36,029,NY 
14302,Niagara Falls,New York ,NIAGARA,36,063,NY 
14273,Buffalo,New York ,ERIE,36,029,NY 
14301,Niagara Falls,New York ,NIAGARA,36,063,NY 
14280,Buffalo,New York ,ERIE,36,029,NY 
14276,Buffalo,New York ,ERIE,36,029,NY 
14270,Buffalo,New York ,ERIE,36,029,NY 
14272,Buffalo,New York ,ERIE,36,029,NY 
14303,Niagara Falls,New York ,NIAGARA,36,063,NY 
14414,Avon,New York ,LIVINGSTON,36,051,NY 
14415,Bellona,New York ,YATES,36,123,NY 
14411,Albion,New York ,ORLEANS,36,073,NY 
14305,Niagara Falls,New York ,NIAGARA,36,063,NY 
14413,Alton,New York ,WAYNE,36,117,NY 
14304,Niagara Falls,New York ,NIAGARA,36,063,NY 
14410,Adams Basin,New York ,MONROE,36,055,NY 
14416,Bergen,New York ,GENESEE,36,037,NY 
14418,Branchport,New York ,YATES,36,123,NY 
14425,Farmington,New York ,ONTARIO,36,069,NY 
14422,Byron,New York ,GENESEE,36,037,NY 
14420,Brockport,New York ,MONROE,36,055,NY 
14427,Castile,New York ,WYOMING,36,121,NY 
14424,Canandaigua,New York ,ONTARIO,36,069,NY 
14423,Caledonia,New York ,LIVINGSTON,36,051,NY 
14429,Clarendon,New York ,ORLEANS,36,073,NY 
14428,Churchville,New York ,MONROE,36,055,NY 
14437,Dansville,New York ,LIVINGSTON,36,051,NY 
14430,Clarkson,New York ,MONROE,36,055,NY 
14435,Conesus,New York ,LIVINGSTON,36,051,NY 
14441,Dresden,New York ,YATES,36,123,NY 
14433,Clyde,New York ,WAYNE,36,117,NY 
14432,Clifton Springs,New York ,ONTARIO,36,069,NY 
14443,East Bloomfield,New York ,ONTARIO,36,069,NY 
14445,East Rochester,New York ,MONROE,36,055,NY 
14449,East Williamson,New York ,WAYNE,36,117,NY 
14450,Fairport,New York ,MONROE,36,055,NY 
14453,Fishers,New York ,ONTARIO,36,069,NY 
14452,Fancher,New York ,ORLEANS,36,073,NY 
14461,Gorham,New York ,ONTARIO,36,069,NY 
14454,Geneseo,New York ,LIVINGSTON,36,051,NY 
14456,Geneva,New York ,ONTARIO,36,069,NY 
14462,Groveland,New York ,LIVINGSTON,36,051,NY 
14463,Hall,New York ,ONTARIO,36,069,NY 
14466,Hemlock,New York ,LIVINGSTON,36,051,NY 
14470,Holley,New York ,ORLEANS,36,073,NY 
14469,Bloomfield,New York ,ONTARIO,36,069,NY 
14468,Hilton,New York ,MONROE,36,055,NY 
14467,Henrietta,New York ,MONROE,36,055,NY 
14464,Hamlin,New York ,MONROE,36,055,NY 
14471,Honeoye,New York ,ONTARIO,36,069,NY 
14477,Kent,New York ,ORLEANS,36,073,NY 
14479,Knowlesville,New York ,ORLEANS,36,073,NY 
14481,Leicester,New York ,LIVINGSTON,36,051,NY 
14475,Ionia,New York ,ONTARIO,36,069,NY 
14472,Honeoye Falls,New York ,MONROE,36,055,NY 
14480,Lakeville,New York ,LIVINGSTON,36,051,NY 
14476,Kendall,New York ,ORLEANS,36,073,NY 
14478,Keuka Park,New York ,YATES,36,123,NY 
14482,Le Roy,New York ,GENESEE,36,037,NY 
14485,Lima,New York ,LIVINGSTON,36,051,NY 
14489,Lyons,New York ,WAYNE,36,117,NY 
14487,Livonia,New York ,LIVINGSTON,36,051,NY 
14488,Livonia Center,New York ,LIVINGSTON,36,051,NY 
14486,Linwood,New York ,LIVINGSTON,36,051,NY 
14504,Manchester,New York ,ONTARIO,36,069,NY 
14502,Macedon,New York ,WAYNE,36,117,NY 
14506,Mendon,New York ,MONROE,36,055,NY 
14507,Middlesex,New York ,YATES,36,123,NY 
14505,Marion,New York ,WAYNE,36,117,NY 
14510,Mount Morris,New York ,LIVINGSTON,36,051,NY 
14511,Mumford,New York ,MONROE,36,055,NY 
14513,Newark,New York ,WAYNE,36,117,NY 
14508,Morton,New York ,MONROE,36,055,NY 
14512,Naples,New York ,ONTARIO,36,069,NY 
14514,North Chili,New York ,MONROE,36,055,NY 
14519,Ontario,New York ,WAYNE,36,117,NY 
14517,Nunda,New York ,LIVINGSTON,36,051,NY 
14520,Ontario Center,New York ,WAYNE,36,117,NY 
14518,Oaks Corners,New York ,ONTARIO,36,069,NY 
14516,North Rose,New York ,WAYNE,36,117,NY 
14521,Ovid,New York ,SENECA,36,099,NY 
14515,North Greece,New York ,MONROE,36,055,NY 
14522,Palmyra,New York ,WAYNE,36,117,NY 
14529,Perkinsville,New York ,STEUBEN,36,101,NY 
14525,Pavilion,New York ,GENESEE,36,037,NY 
14532,Phelps,New York ,ONTARIO,36,069,NY 
14533,Piffard,New York ,LIVINGSTON,36,051,NY 
14527,Penn Yan,New York ,YATES,36,123,NY 
14530,Perry,New York ,WYOMING,36,121,NY 
14526,Penfield,New York ,MONROE,36,055,NY 
14534,Pittsford,New York ,MONROE,36,055,NY 
14536,Portageville,New York ,WYOMING,36,121,NY 
14543,Rush,New York ,MONROE,36,055,NY 
14542,Rose,New York ,WAYNE,36,117,NY 
14541,Romulus,New York ,SENECA,36,099,NY 
14539,Retsof,New York ,LIVINGSTON,36,051,NY 
14538,Pultneyville,New York ,WAYNE,36,117,NY 
14537,Port Gibson,New York ,ONTARIO,36,069,NY 
14544,Rushville,New York ,YATES,36,123,NY 
14548,Shortsville,New York ,ONTARIO,36,069,NY 
14546,Scottsville,New York ,MONROE,36,055,NY 
14549,Silver Lake,New York ,WYOMING,36,121,NY 
14547,Seneca Castle,New York ,ONTARIO,36,069,NY 
14551,Sodus,New York ,WAYNE,36,117,NY 
14550,Silver Springs,New York ,WYOMING,36,121,NY 
14545,Scottsburg,New York ,LIVINGSTON,36,051,NY 
14555,Sodus Point,New York ,WAYNE,36,117,NY 
14557,South Byron,New York ,GENESEE,36,037,NY 
14564,Victor,New York ,ONTARIO,36,069,NY 
14560,Springwater,New York ,LIVINGSTON,36,051,NY 
14558,South Lima,New York ,LIVINGSTON,36,051,NY 
14559,Spencerport,New York ,MONROE,36,055,NY 
14556,Sonyea,New York ,LIVINGSTON,36,051,NY 
14561,Stanley,New York ,ONTARIO,36,069,NY 
14563,Union Hill,New York ,WAYNE,36,117,NY 
14568,Walworth,New York ,WAYNE,36,117,NY 
14569,Warsaw,New York ,WYOMING,36,121,NY 
14571,Waterport,New York ,ORLEANS,36,073,NY 
14588,Willard,New York ,SENECA,36,099,NY 
14572,Wayland,New York ,STEUBEN,36,101,NY 
14586,West Henrietta,New York ,MONROE,36,055,NY 
14585,West Bloomfield,New York ,ONTARIO,36,069,NY 
14580,Webster,New York ,MONROE,36,055,NY 
14590,Wolcott,New York ,WAYNE,36,117,NY 
14591,Wyoming,New York ,WYOMING,36,121,NY 
14589,Williamson,New York ,WAYNE,36,117,NY 
14592,York,New York ,LIVINGSTON,36,051,NY 
14603,Rochester,New York ,MONROE,36,055,NY 
14602,Rochester,New York ,MONROE,36,055,NY 
14604,Rochester,New York ,MONROE,36,055,NY 
14605,Rochester,New York ,MONROE,36,055,NY 
14608,Rochester,New York ,MONROE,36,055,NY 
14607,Rochester,New York ,MONROE,36,055,NY 
14606,Rochester,New York ,MONROE,36,055,NY 
14610,Rochester,New York ,MONROE,36,055,NY 
14609,Rochester,New York ,MONROE,36,055,NY 
14612,Rochester,New York ,MONROE,36,055,NY 
14613,Rochester,New York ,MONROE,36,055,NY 
14611,Rochester,New York ,MONROE,36,055,NY 
14615,Rochester,New York ,MONROE,36,055,NY 
14614,Rochester,New York ,MONROE,36,055,NY 
14618,Rochester,New York ,MONROE,36,055,NY 
14617,Rochester,New York ,MONROE,36,055,NY 
14616,Rochester,New York ,MONROE,36,055,NY 
14620,Rochester,New York ,MONROE,36,055,NY 
14619,Rochester,New York ,MONROE,36,055,NY 
14621,Rochester,New York ,MONROE,36,055,NY 
14623,Rochester,New York ,MONROE,36,055,NY 
14622,Rochester,New York ,MONROE,36,055,NY 
14638,Rochester,New York ,MONROE,36,055,NY 
14626,Rochester,New York ,MONROE,36,055,NY 
14627,Rochester,New York ,MONROE,36,055,NY 
14639,Rochester,New York ,MONROE,36,055,NY 
14624,Rochester,New York ,MONROE,36,055,NY 
14625,Rochester,New York ,MONROE,36,055,NY 
14642,Rochester,New York ,MONROE,36,055,NY 
14643,Rochester,New York ,MONROE,36,055,NY 
14649,Rochester,New York ,MONROE,36,055,NY 
14650,Rochester,New York ,MONROE,36,055,NY 
14644,Rochester,New York ,MONROE,36,055,NY 
14651,Rochester,New York ,MONROE,36,055,NY 
14646,Rochester,New York ,MONROE,36,055,NY 
14647,Rochester,New York ,MONROE,36,055,NY 
14652,Rochester,New York ,MONROE,36,055,NY 
14653,Rochester,New York ,MONROE,36,055,NY 
14692,Rochester,New York ,MONROE,36,055,NY 
14707,Allentown,New York ,ALLEGANY,36,003,NY 
14708,Alma,New York ,ALLEGANY,36,003,NY 
14694,Rochester,New York ,MONROE,36,055,NY 
14706,Allegany,New York ,CATTARAUGUS,36,009,NY 
14701,Jamestown,New York ,CHAUTAUQUA,36,013,NY 
14702,Jamestown,New York ,CHAUTAUQUA,36,013,NY 
14709,Angelica,New York ,ALLEGANY,36,003,NY 
14710,Ashville,New York ,CHAUTAUQUA,36,013,NY 
14714,Black Creek,New York ,ALLEGANY,36,003,NY 
14715,Bolivar,New York ,ALLEGANY,36,003,NY 
14712,Bemus Point,New York ,CHAUTAUQUA,36,013,NY 
14716,Brocton,New York ,CHAUTAUQUA,36,013,NY 
14711,Belfast,New York ,ALLEGANY,36,003,NY 
14717,Caneadea,New York ,ALLEGANY,36,003,NY 
14718,Cassadaga,New York ,CHAUTAUQUA,36,013,NY 
14721,Ceres,New York ,ALLEGANY,36,003,NY 
14720,Celoron,New York ,CHAUTAUQUA,36,013,NY 
14726,Conewango Valley,New York ,CATTARAUGUS,36,009,NY 
14719,Cattaraugus,New York ,CATTARAUGUS,36,009,NY 
14722,Chautauqua,New York ,CHAUTAUQUA,36,013,NY 
14723,Cherry Creek,New York ,CHAUTAUQUA,36,013,NY 
14724,Clymer,New York ,CHAUTAUQUA,36,013,NY 
14727,Cuba,New York ,ALLEGANY,36,003,NY 
14730,East Randolph,New York ,CATTARAUGUS,36,009,NY 
14728,Dewittville,New York ,CHAUTAUQUA,36,013,NY 
14729,East Otto,New York ,CATTARAUGUS,36,009,NY 
14736,Findley Lake,New York ,CHAUTAUQUA,36,013,NY 
14732,Ellington,New York ,CHAUTAUQUA,36,013,NY 
14731,Ellicottville,New York ,CATTARAUGUS,36,009,NY 
14735,Fillmore,New York ,ALLEGANY,36,003,NY 
14733,Falconer,New York ,CHAUTAUQUA,36,013,NY 
14738,Frewsburg,New York ,CHAUTAUQUA,36,013,NY 
14737,Franklinville,New York ,CATTARAUGUS,36,009,NY 
14743,Hinsdale,New York ,CATTARAUGUS,36,009,NY 
14740,Gerry,New York ,CHAUTAUQUA,36,013,NY 
14742,Greenhurst,New York ,CHAUTAUQUA,36,013,NY 
14741,Great Valley,New York ,CATTARAUGUS,36,009,NY 
14744,Houghton,New York ,ALLEGANY,36,003,NY 
14739,Friendship,New York ,ALLEGANY,36,003,NY 
14747,Kennedy,New York ,CHAUTAUQUA,36,013,NY 
14745,Hume,New York ,ALLEGANY,36,003,NY 
14752,Lily Dale,New York ,CHAUTAUQUA,36,013,NY 
14750,Lakewood,New York ,CHAUTAUQUA,36,013,NY 
14751,Leon,New York ,CATTARAUGUS,36,009,NY 
14754,Little Genesee,New York ,ALLEGANY,36,003,NY 
14748,Kill Buck,New York ,CATTARAUGUS,36,009,NY 
14753,Limestone,New York ,CATTARAUGUS,36,009,NY 
14755,Little Valley,New York ,CATTARAUGUS,36,009,NY 
14758,Niobe,New York ,CHAUTAUQUA,36,013,NY 
14766,Otto,New York ,CATTARAUGUS,36,009,NY 
14757,Mayville,New York ,CHAUTAUQUA,36,013,NY 
14756,Maple Springs,New York ,CHAUTAUQUA,36,013,NY 
14760,Olean,New York ,CATTARAUGUS,36,009,NY 
14769,Portland,New York ,CHAUTAUQUA,36,013,NY 
14767,Panama,New York ,CHAUTAUQUA,36,013,NY 
14770,Portville,New York ,CATTARAUGUS,36,009,NY 
14778,Saint Bonaventure,New York ,CATTARAUGUS,36,009,NY 
14781,Sherman,New York ,CHAUTAUQUA,36,013,NY 
14777,Rushford,New York ,ALLEGANY,36,003,NY 
14774,Richburg,New York ,ALLEGANY,36,003,NY 
14775,Ripley,New York ,CHAUTAUQUA,36,013,NY 
14779,Salamanca,New York ,CATTARAUGUS,36,009,NY 
14772,Randolph,New York ,CATTARAUGUS,36,009,NY 
14782,Sinclairville,New York ,CHAUTAUQUA,36,013,NY 
14787,Westfield,New York ,CHAUTAUQUA,36,013,NY 
14786,West Clarksville,New York ,ALLEGANY,36,003,NY 
14801,Addison,New York ,STEUBEN,36,101,NY 
14788,Westons Mills,New York ,CATTARAUGUS,36,009,NY 
14783,Steamburg,New York ,CATTARAUGUS,36,009,NY 
14785,Stow,New York ,CHAUTAUQUA,36,013,NY 
14784,Stockton,New York ,CHAUTAUQUA,36,013,NY 
14802,Alfred,New York ,ALLEGANY,36,003,NY 
14806,Andover,New York ,ALLEGANY,36,003,NY 
14809,Avoca,New York ,STEUBEN,36,101,NY 
14804,Almond,New York ,ALLEGANY,36,003,NY 
14803,Alfred Station,New York ,ALLEGANY,36,003,NY 
14807,Arkport,New York ,STEUBEN,36,101,NY 
14805,Alpine,New York ,SCHUYLER,36,097,NY 
14808,Atlanta,New York ,STEUBEN,36,101,NY 
14810,Bath,New York ,STEUBEN,36,101,NY 
14818,Burdett,New York ,SCHUYLER,36,097,NY 
14815,Bradford,New York ,SCHUYLER,36,097,NY 
14812,Beaver Dams,New York ,SCHUYLER,36,097,NY 
14816,Breesport,New York ,CHEMUNG,36,015,NY 
14813,Belmont,New York ,ALLEGANY,36,003,NY 
14814,Big Flats,New York ,CHEMUNG,36,015,NY 
14817,Brooktondale,New York ,TOMPKINS,36,109,NY 
14819,Cameron,New York ,STEUBEN,36,101,NY 
14821,Campbell,New York ,STEUBEN,36,101,NY 
14823,Canisteo,New York ,STEUBEN,36,101,NY 
14824,Cayuta,New York ,SCHUYLER,36,097,NY 
14822,Canaseraga,New York ,ALLEGANY,36,003,NY 
14820,Cameron Mills,New York ,STEUBEN,36,101,NY 
14826,Cohocton,New York ,STEUBEN,36,101,NY 
14825,Chemung,New York ,CHEMUNG,36,015,NY 
14827,Coopers Plains,New York ,STEUBEN,36,101,NY 
14836,Dalton,New York ,LIVINGSTON,36,051,NY 
14839,Greenwood,New York ,STEUBEN,36,101,NY 
14837,Dundee,New York ,YATES,36,123,NY 
14838,Erin,New York ,CHEMUNG,36,015,NY 
14830,Corning,New York ,STEUBEN,36,101,NY 
14831,Corning,New York ,STEUBEN,36,101,NY 
14840,Hammondsport,New York ,STEUBEN,36,101,NY 
14841,Hector,New York ,SCHUYLER,36,097,NY 
14842,Himrod,New York ,YATES,36,123,NY 
14843,Hornell,New York ,STEUBEN,36,101,NY 
14846,Hunt,New York ,LIVINGSTON,36,051,NY 
14852,Ithaca,New York ,TOMPKINS,36,109,NY 
14850,Ithaca,New York ,TOMPKINS,36,109,NY 
14851,Ithaca,New York ,TOMPKINS,36,109,NY 
14845,Horseheads,New York ,CHEMUNG,36,015,NY 
14847,Interlaken,New York ,SENECA,36,099,NY 
14853,Ithaca,New York ,TOMPKINS,36,109,NY 
14855,Jasper,New York ,STEUBEN,36,101,NY 
14856,Kanona,New York ,STEUBEN,36,101,NY 
14858,Lindley,New York ,STEUBEN,36,101,NY 
14854,Jacksonville,New York ,TOMPKINS,36,109,NY 
14860,Lodi,New York ,SENECA,36,099,NY 
14857,Lakemont,New York ,YATES,36,123,NY 
14859,Lockwood,New York ,TIOGA,36,107,NY 
14861,Lowman,New York ,CHEMUNG,36,015,NY 
14863,Mecklenburg,New York ,SCHUYLER,36,097,NY 
14870,Painted Post,New York ,STEUBEN,36,101,NY 
14869,Odessa,New York ,SCHUYLER,36,097,NY 
14872,Pine Valley,New York ,CHEMUNG,36,015,NY 
14864,Millport,New York ,CHEMUNG,36,015,NY 
14865,Montour Falls,New York ,SCHUYLER,36,097,NY 
14871,Pine City,New York ,CHEMUNG,36,015,NY 
14867,Newfield,New York ,TOMPKINS,36,109,NY 
14873,Prattsburgh,New York ,STEUBEN,36,101,NY 
14880,Scio,New York ,ALLEGANY,36,003,NY 
14877,Rexville,New York ,STEUBEN,36,101,NY 
14874,Pulteney,New York ,STEUBEN,36,101,NY 
14878,Rock Stream,New York ,SCHUYLER,36,097,NY 
14881,Slaterville Springs,New York ,TOMPKINS,36,109,NY 
14876,Reading Center,New York ,SCHUYLER,36,097,NY 
14879,Savona,New York ,STEUBEN,36,101,NY 
14882,Lansing,New York ,TOMPKINS,36,109,NY 
14883,Spencer,New York ,TIOGA,36,107,NY 
14889,Van Etten,New York ,CHEMUNG,36,015,NY 
14886,Trumansburg,New York ,TOMPKINS,36,109,NY 
14885,Troupsburg,New York ,STEUBEN,36,101,NY 
14891,Watkins Glen,New York ,SCHUYLER,36,097,NY 
14892,Waverly,New York ,TIOGA,36,107,NY 
14887,Tyrone,New York ,SCHUYLER,36,097,NY 
14884,Swain,New York ,ALLEGANY,36,003,NY 
14893,Wayne,New York ,SCHUYLER,36,097,NY 
14895,Wellsville,New York ,ALLEGANY,36,003,NY 
14894,Wellsburg,New York ,CHEMUNG,36,015,NY 
14903,Elmira,New York ,CHEMUNG,36,015,NY 
14901,Elmira,New York ,CHEMUNG,36,015,NY 
14897,Whitesville,New York ,ALLEGANY,36,003,NY 
14898,Woodhull,New York ,STEUBEN,36,101,NY 
14902,Elmira,New York ,CHEMUNG,36,015,NY 
14904,Elmira,New York ,CHEMUNG,36,015,NY 
14905,Elmira,New York ,CHEMUNG,36,015,NY 
