03031,Amherst,New Hampshire ,HILLSBOROUGH,33,011,NH 
03032,Auburn,New Hampshire ,ROCKINGHAM,33,015,NH 
03038,Derry,New Hampshire ,ROCKINGHAM,33,015,NH 
03036,Chester,New Hampshire ,ROCKINGHAM,33,015,NH 
03033,Brookline,New Hampshire ,HILLSBOROUGH,33,011,NH 
03037,Deerfield,New Hampshire ,ROCKINGHAM,33,015,NH 
03040,East Candia,New Hampshire ,ROCKINGHAM,33,015,NH 
03034,Candia,New Hampshire ,ROCKINGHAM,33,015,NH 
03041,East Derry,New Hampshire ,ROCKINGHAM,33,015,NH 
03044,Fremont,New Hampshire ,ROCKINGHAM,33,015,NH 
03043,Francestown,New Hampshire ,HILLSBOROUGH,33,011,NH 
03042,Epping,New Hampshire ,ROCKINGHAM,33,015,NH 
03048,Greenville,New Hampshire ,HILLSBOROUGH,33,011,NH 
03047,Greenfield,New Hampshire ,HILLSBOROUGH,33,011,NH 
03045,Goffstown,New Hampshire ,HILLSBOROUGH,33,011,NH 
03046,Dunbarton,New Hampshire ,MERRIMACK,33,013,NH 
03049,Hollis,New Hampshire ,HILLSBOROUGH,33,011,NH 
03051,Hudson,New Hampshire ,HILLSBOROUGH,33,011,NH 
03054,Merrimack,New Hampshire ,HILLSBOROUGH,33,011,NH 
03055,Milford,New Hampshire ,HILLSBOROUGH,33,011,NH 
03057,Mont Vernon,New Hampshire ,HILLSBOROUGH,33,011,NH 
03060,Nashua,New Hampshire ,HILLSBOROUGH,33,011,NH 
03052,Litchfield,New Hampshire ,HILLSBOROUGH,33,011,NH 
03053,Londonderry,New Hampshire ,ROCKINGHAM,33,015,NH 
03061,Nashua,New Hampshire ,HILLSBOROUGH,33,011,NH 
03062,Nashua,New Hampshire ,HILLSBOROUGH,33,011,NH 
03071,New Ipswich,New Hampshire ,HILLSBOROUGH,33,011,NH 
03064,Nashua,New Hampshire ,HILLSBOROUGH,33,011,NH 
03073,North Salem,New Hampshire ,ROCKINGHAM,33,015,NH 
03063,Nashua,New Hampshire ,HILLSBOROUGH,33,011,NH 
03070,New Boston,New Hampshire ,HILLSBOROUGH,33,011,NH 
03076,Pelham,New Hampshire ,HILLSBOROUGH,33,011,NH 
03077,Raymond,New Hampshire ,ROCKINGHAM,33,015,NH 
03079,Salem,New Hampshire ,ROCKINGHAM,33,015,NH 
03084,Temple,New Hampshire ,HILLSBOROUGH,33,011,NH 
03087,Windham,New Hampshire ,ROCKINGHAM,33,015,NH 
03102,Manchester,New Hampshire ,HILLSBOROUGH,33,011,NH 
03082,Lyndeborough,New Hampshire ,HILLSBOROUGH,33,011,NH 
03086,Wilton,New Hampshire ,HILLSBOROUGH,33,011,NH 
03103,Manchester,New Hampshire ,HILLSBOROUGH,33,011,NH 
03104,Manchester,New Hampshire ,HILLSBOROUGH,33,011,NH 
03105,Manchester,New Hampshire ,HILLSBOROUGH,33,011,NH 
03108,Manchester,New Hampshire ,HILLSBOROUGH,33,011,NH 
03109,Manchester,New Hampshire ,HILLSBOROUGH,33,011,NH 
03215,Waterville Valley,New Hampshire ,GRAFTON,33,009,NH 
03110,Bedford,New Hampshire ,HILLSBOROUGH,33,011,NH 
03111,Manchester,New Hampshire ,HILLSBOROUGH,33,011,NH 
03106,Hooksett,New Hampshire ,MERRIMACK,33,013,NH 
03216,Andover,New Hampshire ,MERRIMACK,33,013,NH 
03217,Ashland,New Hampshire ,GRAFTON,33,009,NH 
03218,Barnstead,New Hampshire ,BELKNAP,33,001,NH 
03221,Bradford,New Hampshire ,MERRIMACK,33,013,NH 
03222,Bristol,New Hampshire ,GRAFTON,33,009,NH 
03220,Belmont,New Hampshire ,BELKNAP,33,001,NH 
03223,Campton,New Hampshire ,GRAFTON,33,009,NH 
03224,Canterbury,New Hampshire ,MERRIMACK,33,013,NH 
03225,Center Barnstead,New Hampshire ,BELKNAP,33,001,NH 
03101,Manchester,New Hampshire ,HILLSBOROUGH,33,011,NH 
03227,Center Sandwich,New Hampshire ,CARROLL,33,003,NH 
03229,Contoocook,New Hampshire ,MERRIMACK,33,013,NH 
03226,Center Harbor,New Hampshire ,BELKNAP,33,001,NH 
03233,Elkins,New Hampshire ,MERRIMACK,33,013,NH 
03230,Danbury,New Hampshire ,MERRIMACK,33,013,NH 
03231,East Andover,New Hampshire ,MERRIMACK,33,013,NH 
03235,Franklin,New Hampshire ,MERRIMACK,33,013,NH 
03234,Epsom,New Hampshire ,MERRIMACK,33,013,NH 
03238,Glencliff,New Hampshire ,GRAFTON,33,009,NH 
03237,Gilmanton,New Hampshire ,BELKNAP,33,001,NH 
03242,Henniker,New Hampshire ,MERRIMACK,33,013,NH 
03240,Grafton,New Hampshire ,GRAFTON,33,009,NH 
03241,Hebron,New Hampshire ,GRAFTON,33,009,NH 
03245,Holderness,New Hampshire ,GRAFTON,33,009,NH 
03243,Hill,New Hampshire ,MERRIMACK,33,013,NH 
03244,Hillsborough,New Hampshire ,HILLSBOROUGH,33,011,NH 
03246,Laconia,New Hampshire ,BELKNAP,33,001,NH 
03254,Moultonborough,New Hampshire ,CARROLL,33,003,NH 
03253,Meredith,New Hampshire ,BELKNAP,33,001,NH 
03247,Laconia,New Hampshire ,BELKNAP,33,001,NH 
03255,Newbury,New Hampshire ,MERRIMACK,33,013,NH 
03251,Lincoln,New Hampshire ,GRAFTON,33,009,NH 
03249,Gilford,New Hampshire ,BELKNAP,33,001,NH 
03252,Lochmere,New Hampshire ,BELKNAP,33,001,NH 
03256,New Hampton,New Hampshire ,BELKNAP,33,001,NH 
03258,Chichester,New Hampshire ,MERRIMACK,33,013,NH 
03259,North Sandwich,New Hampshire ,CARROLL,33,003,NH 
03257,New London,New Hampshire ,MERRIMACK,33,013,NH 
03262,North Woodstock,New Hampshire ,GRAFTON,33,009,NH 
03264,Plymouth,New Hampshire ,GRAFTON,33,009,NH 
03260,North Sutton,New Hampshire ,MERRIMACK,33,013,NH 
03263,Pittsfield,New Hampshire ,MERRIMACK,33,013,NH 
03261,Northwood,New Hampshire ,ROCKINGHAM,33,015,NH 
03266,Rumney,New Hampshire ,GRAFTON,33,009,NH 
03275,Suncook,New Hampshire ,MERRIMACK,33,013,NH 
03268,Salisbury,New Hampshire ,MERRIMACK,33,013,NH 
03278,Warner,New Hampshire ,MERRIMACK,33,013,NH 
03269,Sanbornton,New Hampshire ,BELKNAP,33,001,NH 
03276,Tilton,New Hampshire ,BELKNAP,33,001,NH 
03272,South Newbury,New Hampshire ,MERRIMACK,33,013,NH 
03273,South Sutton,New Hampshire ,MERRIMACK,33,013,NH 
03279,Warren,New Hampshire ,GRAFTON,33,009,NH 
03280,Washington,New Hampshire ,SULLIVAN,33,019,NH 
03281,Weare,New Hampshire ,HILLSBOROUGH,33,011,NH 
03282,Wentworth,New Hampshire ,GRAFTON,33,009,NH 
03284,Springfield,New Hampshire ,SULLIVAN,33,019,NH 
03285,Thornton,New Hampshire ,GRAFTON,33,009,NH 
03289,Winnisquam,New Hampshire ,BELKNAP,33,001,NH 
03287,Wilmot,New Hampshire ,MERRIMACK,33,013,NH 
03290,Nottingham,New Hampshire ,ROCKINGHAM,33,015,NH 
03299,Tilton,New Hampshire ,BELKNAP,33,001,NH 
03298,Tilton,New Hampshire ,BELKNAP,33,001,NH 
03291,West Nottingham,New Hampshire ,ROCKINGHAM,33,015,NH 
03303,Concord,New Hampshire ,MERRIMACK,33,013,NH 
03301,Concord,New Hampshire ,MERRIMACK,33,013,NH 
03293,Woodstock,New Hampshire ,GRAFTON,33,009,NH 
03302,Concord,New Hampshire ,MERRIMACK,33,013,NH 
03304,Bow,New Hampshire ,MERRIMACK,33,013,NH 
03305,Concord,New Hampshire ,MERRIMACK,33,013,NH 
03441,Ashuelot,New Hampshire ,CHESHIRE,33,005,NH 
03442,Bennington,New Hampshire ,HILLSBOROUGH,33,011,NH 
03307,Loudon,New Hampshire ,MERRIMACK,33,013,NH 
03431,Keene,New Hampshire ,CHESHIRE,33,005,NH 
03435,Keene,New Hampshire ,CHESHIRE,33,005,NH 
03440,Antrim,New Hampshire ,HILLSBOROUGH,33,011,NH 
03443,Chesterfield,New Hampshire ,CHESHIRE,33,005,NH 
03444,Dublin,New Hampshire ,CHESHIRE,33,005,NH 
03445,Sullivan,New Hampshire ,CHESHIRE,33,005,NH 
03448,Gilsum,New Hampshire ,CHESHIRE,33,005,NH 
03446,Swanzey,New Hampshire ,CHESHIRE,33,005,NH 
03450,Harrisville,New Hampshire ,CHESHIRE,33,005,NH 
03449,Hancock,New Hampshire ,HILLSBOROUGH,33,011,NH 
03447,Fitzwilliam,New Hampshire ,CHESHIRE,33,005,NH 
03451,Hinsdale,New Hampshire ,CHESHIRE,33,005,NH 
03452,Jaffrey,New Hampshire ,CHESHIRE,33,005,NH 
03455,Marlborough,New Hampshire ,CHESHIRE,33,005,NH 
03456,Marlow,New Hampshire ,CHESHIRE,33,005,NH 
03457,Nelson,New Hampshire ,CHESHIRE,33,005,NH 
03458,Peterborough,New Hampshire ,HILLSBOROUGH,33,011,NH 
03464,Stoddard,New Hampshire ,CHESHIRE,33,005,NH 
03462,Spofford,New Hampshire ,CHESHIRE,33,005,NH 
03461,Rindge,New Hampshire ,CHESHIRE,33,005,NH 
03465,Troy,New Hampshire ,CHESHIRE,33,005,NH 
03466,West Chesterfield,New Hampshire ,CHESHIRE,33,005,NH 
03468,West Peterborough,New Hampshire ,HILLSBOROUGH,33,011,NH 
03467,Westmoreland,New Hampshire ,CHESHIRE,33,005,NH 
03470,Winchester,New Hampshire ,CHESHIRE,33,005,NH 
03561,Littleton,New Hampshire ,GRAFTON,33,009,NH 
03469,West Swanzey,New Hampshire ,CHESHIRE,33,005,NH 
03570,Berlin,New Hampshire ,COOS,33,007,NH 
03574,Bethlehem,New Hampshire ,GRAFTON,33,009,NH 
03575,Bretton Woods,New Hampshire ,COOS,33,007,NH 
03576,Colebrook,New Hampshire ,COOS,33,007,NH 
03579,Errol,New Hampshire ,COOS,33,007,NH 
03580,Franconia,New Hampshire ,GRAFTON,33,009,NH 
03582,Groveton,New Hampshire ,COOS,33,007,NH 
03581,Gorham,New Hampshire ,COOS,33,007,NH 
03583,Jefferson,New Hampshire ,COOS,33,007,NH 
03584,Lancaster,New Hampshire ,COOS,33,007,NH 
03585,Lisbon,New Hampshire ,GRAFTON,33,009,NH 
03586,Sugar Hill,New Hampshire ,GRAFTON,33,009,NH 
03589,Mount Washington,New Hampshire ,COOS,33,007,NH 
03588,Milan,New Hampshire ,COOS,33,007,NH 
03590,North Stratford,New Hampshire ,COOS,33,007,NH 
03593,Randolph,New Hampshire ,COOS,33,007,NH 
03595,Twin Mountain,New Hampshire ,COOS,33,007,NH 
03592,Pittsburg,New Hampshire ,COOS,33,007,NH 
03597,West Stewartstown,New Hampshire ,COOS,33,007,NH 
03598,Whitefield,New Hampshire ,COOS,33,007,NH 
03601,Acworth,New Hampshire ,SULLIVAN,33,019,NH 
03602,Alstead,New Hampshire ,CHESHIRE,33,005,NH 
03603,Charlestown,New Hampshire ,SULLIVAN,33,019,NH 
03604,Drewsville,New Hampshire ,CHESHIRE,33,005,NH 
03607,South Acworth,New Hampshire ,SULLIVAN,33,019,NH 
03608,Walpole,New Hampshire ,CHESHIRE,33,005,NH 
03605,Lempster,New Hampshire ,SULLIVAN,33,019,NH 
03609,North Walpole,New Hampshire ,CHESHIRE,33,005,NH 
03740,Bath,New Hampshire ,GRAFTON,33,009,NH 
03741,Canaan,New Hampshire ,GRAFTON,33,009,NH 
03743,Claremont,New Hampshire ,SULLIVAN,33,019,NH 
03745,Cornish,New Hampshire ,SULLIVAN,33,019,NH 
03749,Enfield Center,New Hampshire ,GRAFTON,33,009,NH 
03746,Cornish Flat,New Hampshire ,SULLIVAN,33,019,NH 
03750,Etna,New Hampshire ,GRAFTON,33,009,NH 
03748,Enfield,New Hampshire ,GRAFTON,33,009,NH 
03751,Georges Mills,New Hampshire ,SULLIVAN,33,019,NH 
03752,Goshen,New Hampshire ,SULLIVAN,33,019,NH 
03753,Grantham,New Hampshire ,SULLIVAN,33,019,NH 
03755,Hanover,New Hampshire ,GRAFTON,33,009,NH 
03754,Guild,New Hampshire ,SULLIVAN,33,019,NH 
03766,Lebanon,New Hampshire ,GRAFTON,33,009,NH 
03765,Haverhill,New Hampshire ,GRAFTON,33,009,NH 
03756,Lebanon,New Hampshire ,GRAFTON,33,009,NH 
03768,Lyme,New Hampshire ,GRAFTON,33,009,NH 
03769,Lyme Center,New Hampshire ,GRAFTON,33,009,NH 
03770,Meriden,New Hampshire ,SULLIVAN,33,019,NH 
03771,Monroe,New Hampshire ,GRAFTON,33,009,NH 
03774,North Haverhill,New Hampshire ,GRAFTON,33,009,NH 
03777,Orford,New Hampshire ,GRAFTON,33,009,NH 
03779,Piermont,New Hampshire ,GRAFTON,33,009,NH 
03773,Newport,New Hampshire ,SULLIVAN,33,019,NH 
03780,Pike,New Hampshire ,GRAFTON,33,009,NH 
03782,Sunapee,New Hampshire ,SULLIVAN,33,019,NH 
03781,Plainfield,New Hampshire ,SULLIVAN,33,019,NH 
03785,Woodsville,New Hampshire ,GRAFTON,33,009,NH 
03784,West Lebanon,New Hampshire ,GRAFTON,33,009,NH 
03803,Portsmouth,New Hampshire ,ROCKINGHAM,33,015,NH 
03801,Portsmouth,New Hampshire ,ROCKINGHAM,33,015,NH 
03802,Portsmouth,New Hampshire ,ROCKINGHAM,33,015,NH 
03810,Alton Bay,New Hampshire ,BELKNAP,33,001,NH 
03804,Portsmouth,New Hampshire ,ROCKINGHAM,33,015,NH 
03809,Alton,New Hampshire ,BELKNAP,33,001,NH 
03811,Atkinson,New Hampshire ,ROCKINGHAM,33,015,NH 
03812,Bartlett,New Hampshire ,CARROLL,33,003,NH 
03813,Center Conway,New Hampshire ,CARROLL,33,003,NH 
03813,Center Conway,New Hampshire ,CARROLL,33,003,NH 
03817,Chocorua,New Hampshire ,CARROLL,33,003,NH 
03816,Center Tuftonboro,New Hampshire ,CARROLL,33,003,NH 
03814,Center Ossipee,New Hampshire ,CARROLL,33,003,NH 
03815,Center Strafford,New Hampshire ,STRAFFORD,33,017,NH 
03818,Conway,New Hampshire ,CARROLL,33,003,NH 
03819,Danville,New Hampshire ,ROCKINGHAM,33,015,NH 
03824,Durham,New Hampshire ,STRAFFORD,33,017,NH 
03822,Dover,New Hampshire ,STRAFFORD,33,017,NH 
03823,Madbury,New Hampshire ,STRAFFORD,33,017,NH 
03820,Dover,New Hampshire ,STRAFFORD,33,017,NH 
03821,Dover,New Hampshire ,STRAFFORD,33,017,NH 
03825,Barrington,New Hampshire ,STRAFFORD,33,017,NH 
03826,East Hampstead,New Hampshire ,ROCKINGHAM,33,015,NH 
03827,East Kingston,New Hampshire ,ROCKINGHAM,33,015,NH 
03827,East Kingston,New Hampshire ,ROCKINGHAM,33,015,NH 
03836,Freedom,New Hampshire ,CARROLL,33,003,NH 
03832,Eaton Center,New Hampshire ,CARROLL,33,003,NH 
03830,East Wakefield,New Hampshire ,CARROLL,33,003,NH 
03835,Farmington,New Hampshire ,STRAFFORD,33,017,NH 
03833,Exeter,New Hampshire ,ROCKINGHAM,33,015,NH 
03837,Gilmanton Iron Works,New Hampshire ,BELKNAP,33,001,NH 
03838,Glen,New Hampshire ,CARROLL,33,003,NH 
03839,Rochester,New Hampshire ,STRAFFORD,33,017,NH 
03840,Greenland,New Hampshire ,ROCKINGHAM,33,015,NH 
03841,Hampstead,New Hampshire ,ROCKINGHAM,33,015,NH 
03845,Intervale,New Hampshire ,CARROLL,33,003,NH 
03842,Hampton,New Hampshire ,ROCKINGHAM,33,015,NH 
03844,Hampton Falls,New Hampshire ,ROCKINGHAM,33,015,NH 
03843,Hampton,New Hampshire ,ROCKINGHAM,33,015,NH 
03846,Jackson,New Hampshire ,CARROLL,33,003,NH 
03847,Kearsarge,New Hampshire ,CARROLL,33,003,NH 
03851,Milton,New Hampshire ,STRAFFORD,33,017,NH 
03849,Madison,New Hampshire ,CARROLL,33,003,NH 
03848,Kingston,New Hampshire ,ROCKINGHAM,33,015,NH 
03852,Milton Mills,New Hampshire ,STRAFFORD,33,017,NH 
03850,Melvin Village,New Hampshire ,CARROLL,33,003,NH 
03853,Mirror Lake,New Hampshire ,CARROLL,33,003,NH 
03854,New Castle,New Hampshire ,ROCKINGHAM,33,015,NH 
03857,Newmarket,New Hampshire ,ROCKINGHAM,33,015,NH 
03856,Newfields,New Hampshire ,ROCKINGHAM,33,015,NH 
03855,New Durham,New Hampshire ,STRAFFORD,33,017,NH 
03858,Newton,New Hampshire ,ROCKINGHAM,33,015,NH 
03859,Newton Junction,New Hampshire ,ROCKINGHAM,33,015,NH 
03862,North Hampton,New Hampshire ,ROCKINGHAM,33,015,NH 
03860,North Conway,New Hampshire ,CARROLL,33,003,NH 
03861,Lee,New Hampshire ,STRAFFORD,33,017,NH 
03870,Rye,New Hampshire ,ROCKINGHAM,33,015,NH 
03864,Ossipee,New Hampshire ,CARROLL,33,003,NH 
03867,Rochester,New Hampshire ,STRAFFORD,33,017,NH 
03869,Rollinsford,New Hampshire ,STRAFFORD,33,017,NH 
03865,Plaistow,New Hampshire ,ROCKINGHAM,33,015,NH 
03871,Rye Beach,New Hampshire ,ROCKINGHAM,33,015,NH 
03868,Rochester,New Hampshire ,STRAFFORD,33,017,NH 
03866,Rochester,New Hampshire ,STRAFFORD,33,017,NH 
03874,Seabrook,New Hampshire ,ROCKINGHAM,33,015,NH 
03872,Sanbornville,New Hampshire ,CARROLL,33,003,NH 
03875,Silver Lake,New Hampshire ,CARROLL,33,003,NH 
03883,South Tamworth,New Hampshire ,CARROLL,33,003,NH 
03884,Strafford,New Hampshire ,STRAFFORD,33,017,NH 
03882,Effingham,New Hampshire ,CARROLL,33,003,NH 
03878,Somersworth,New Hampshire ,STRAFFORD,33,017,NH 
03873,Sandown,New Hampshire ,ROCKINGHAM,33,015,NH 
03885,Stratham,New Hampshire ,ROCKINGHAM,33,015,NH 
03887,Union,New Hampshire ,CARROLL,33,003,NH 
03890,West Ossipee,New Hampshire ,CARROLL,33,003,NH 
03896,Wolfeboro Falls,New Hampshire ,CARROLL,33,003,NH 
03886,Tamworth,New Hampshire ,CARROLL,33,003,NH 
03894,Wolfeboro,New Hampshire ,CARROLL,33,003,NH 
03897,Wonalancet,New Hampshire ,CARROLL,33,003,NH 
