27006,Advance,North Carolina ,DAVIE,37,059,NC 
27007,Ararat,North Carolina ,SURRY,37,171,NC 
27009,Belews Creek,North Carolina ,FORSYTH,37,067,NC 
27010,Bethania,North Carolina ,FORSYTH,37,067,NC 
27014,Cooleemee,North Carolina ,DAVIE,37,059,NC 
27013,Cleveland,North Carolina ,ROWAN,37,159,NC 
27011,Boonville,North Carolina ,YADKIN,37,197,NC 
27012,Clemmons,North Carolina ,FORSYTH,37,067,NC 
27016,Danbury,North Carolina ,STOKES,37,169,NC 
27017,Dobson,North Carolina ,SURRY,37,171,NC 
27018,East Bend,North Carolina ,YADKIN,37,197,NC 
27023,Lewisville,North Carolina ,FORSYTH,37,067,NC 
27019,Germanton,North Carolina ,STOKES,37,169,NC 
27022,Lawsonville,North Carolina ,STOKES,37,169,NC 
27021,King,North Carolina ,STOKES,37,169,NC 
27020,Hamptonville,North Carolina ,YADKIN,37,197,NC 
27024,Lowgap,North Carolina ,SURRY,37,171,NC 
27025,Madison,North Carolina ,ROCKINGHAM,37,157,NC 
27031,Mount Airy,North Carolina ,SURRY,37,171,NC 
27041,Pilot Mountain,North Carolina ,SURRY,37,171,NC 
27028,Mocksville,North Carolina ,DAVIE,37,059,NC 
27027,Mayodan,North Carolina ,ROCKINGHAM,37,157,NC 
27040,Pfafftown,North Carolina ,FORSYTH,37,067,NC 
27030,Mount Airy,North Carolina ,SURRY,37,171,NC 
27042,Pine Hall,North Carolina ,STOKES,37,169,NC 
27048,Stoneville,North Carolina ,ROCKINGHAM,37,157,NC 
27046,Sandy Ridge,North Carolina ,STOKES,37,169,NC 
27050,Tobaccoville,North Carolina ,FORSYTH,37,067,NC 
27047,Siloam,North Carolina ,SURRY,37,171,NC 
27043,Pinnacle,North Carolina ,STOKES,37,169,NC 
27045,Rural Hall,North Carolina ,FORSYTH,37,067,NC 
27051,Walkertown,North Carolina ,FORSYTH,37,067,NC 
27049,Toast,North Carolina ,SURRY,37,171,NC 
27052,Walnut Cove,North Carolina ,STOKES,37,169,NC 
27054,Woodleaf,North Carolina ,ROWAN,37,159,NC 
27101,Winston Salem,North Carolina ,FORSYTH,37,067,NC 
27098,Rural Hall,North Carolina ,FORSYTH,37,067,NC 
27094,Rural Hall,North Carolina ,FORSYTH,37,067,NC 
27055,Yadkinville,North Carolina ,YADKIN,37,197,NC 
27053,Westfield,North Carolina ,SURRY,37,171,NC 
27099,Rural Hall,North Carolina ,FORSYTH,37,067,NC 
27102,Winston Salem,North Carolina ,FORSYTH,37,067,NC 
27103,Winston Salem,North Carolina ,FORSYTH,37,067,NC 
27106,Winston Salem,North Carolina ,FORSYTH,37,067,NC 
27104,Winston Salem,North Carolina ,FORSYTH,37,067,NC 
27109,Winston Salem,North Carolina ,FORSYTH,37,067,NC 
27105,Winston Salem,North Carolina ,FORSYTH,37,067,NC 
27108,Winston Salem,North Carolina ,FORSYTH,37,067,NC 
27107,Winston Salem,North Carolina ,FORSYTH,37,067,NC 
27110,Winston Salem,North Carolina ,FORSYTH,37,067,NC 
27111,Winston Salem,North Carolina ,FORSYTH,37,067,NC 
27113,Winston Salem,North Carolina ,FORSYTH,37,067,NC 
27116,Winston Salem,North Carolina ,FORSYTH,37,067,NC 
27114,Winston Salem,North Carolina ,FORSYTH,37,067,NC 
27117,Winston Salem,North Carolina ,FORSYTH,37,067,NC 
27120,Winston Salem,North Carolina ,FORSYTH,37,067,NC 
27115,Winston Salem,North Carolina ,FORSYTH,37,067,NC 
27127,Winston Salem,North Carolina ,FORSYTH,37,067,NC 
27130,Winston Salem,North Carolina ,FORSYTH,37,067,NC 
27150,Winston Salem,North Carolina ,FORSYTH,37,067,NC 
27157,Winston Salem,North Carolina ,FORSYTH,37,067,NC 
27155,Winston Salem,North Carolina ,FORSYTH,37,067,NC 
27198,Winston Salem,North Carolina ,FORSYTH,37,067,NC 
27152,Winston Salem,North Carolina ,FORSYTH,37,067,NC 
27199,Winston Salem,North Carolina ,FORSYTH,37,067,NC 
27201,Alamance,North Carolina ,ALAMANCE,37,001,NC 
27202,Altamahaw,North Carolina ,ALAMANCE,37,001,NC 
27203,Asheboro,North Carolina ,RANDOLPH,37,151,NC 
27205,Asheboro,North Carolina ,RANDOLPH,37,151,NC 
27204,Asheboro,North Carolina ,RANDOLPH,37,151,NC 
27209,Biscoe,North Carolina ,MONTGOMERY,37,123,NC 
27207,Bear Creek,North Carolina ,CHATHAM,37,037,NC 
27208,Bennett,North Carolina ,CHATHAM,37,037,NC 
27212,Blanch,North Carolina ,CASWELL,37,033,NC 
27213,Bonlee,North Carolina ,CHATHAM,37,037,NC 
27214,Browns Summit,North Carolina ,GUILFORD,37,081,NC 
27215,Burlington,North Carolina ,ALAMANCE,37,001,NC 
27217,Burlington,North Carolina ,ALAMANCE,37,001,NC 
27216,Burlington,North Carolina ,ALAMANCE,37,001,NC 
27228,Bynum,North Carolina ,CHATHAM,37,037,NC 
27229,Candor,North Carolina ,MONTGOMERY,37,123,NC 
27230,Cedar Falls,North Carolina ,RANDOLPH,37,151,NC 
27233,Climax,North Carolina ,GUILFORD,37,081,NC 
27239,Denton,North Carolina ,DAVIDSON,37,057,NC 
27237,Cumnock,North Carolina ,LEE,37,105,NC 
27231,Cedar Grove,North Carolina ,ORANGE,37,135,NC 
27235,Colfax,North Carolina ,GUILFORD,37,081,NC 
27243,Efland,North Carolina ,ORANGE,37,135,NC 
27242,Eagle Springs,North Carolina ,MOORE,37,125,NC 
27244,Elon,North Carolina ,ALAMANCE,37,001,NC 
27252,Goldston,North Carolina ,CHATHAM,37,037,NC 
27256,Gulf,North Carolina ,CHATHAM,37,037,NC 
27248,Franklinville,North Carolina ,RANDOLPH,37,151,NC 
27258,Haw River,North Carolina ,ALAMANCE,37,001,NC 
27253,Graham,North Carolina ,ALAMANCE,37,001,NC 
27247,Ether,North Carolina ,MONTGOMERY,37,123,NC 
27259,Highfalls,North Carolina ,MOORE,37,125,NC 
27249,Gibsonville,North Carolina ,GUILFORD,37,081,NC 
27260,High Point,North Carolina ,GUILFORD,37,081,NC 
27261,High Point,North Carolina ,GUILFORD,37,081,NC 
27263,High Point,North Carolina ,GUILFORD,37,081,NC 
27278,Hillsborough,North Carolina ,ORANGE,37,135,NC 
27265,High Point,North Carolina ,GUILFORD,37,081,NC 
27262,High Point,North Carolina ,GUILFORD,37,081,NC 
27264,High Point,North Carolina ,GUILFORD,37,081,NC 
27268,High Point,North Carolina ,GUILFORD,37,081,NC 
27281,Jackson Springs,North Carolina ,MOORE,37,125,NC 
27282,Jamestown,North Carolina ,GUILFORD,37,081,NC 
27285,Kernersville,North Carolina ,FORSYTH,37,067,NC 
27289,Eden,North Carolina ,ROCKINGHAM,37,157,NC 
27283,Julian,North Carolina ,GUILFORD,37,081,NC 
27284,Kernersville,North Carolina ,FORSYTH,37,067,NC 
27291,Leasburg,North Carolina ,CASWELL,37,033,NC 
27288,Eden,North Carolina ,ROCKINGHAM,37,157,NC 
27292,Lexington,North Carolina ,DAVIDSON,37,057,NC 
27293,Lexington,North Carolina ,DAVIDSON,37,057,NC 
27302,Mebane,North Carolina ,ALAMANCE,37,001,NC 
27294,Lexington,North Carolina ,DAVIDSON,37,057,NC 
27299,Linwood,North Carolina ,DAVIDSON,37,057,NC 
27301,Mc Leansville,North Carolina ,GUILFORD,37,081,NC 
27298,Liberty,North Carolina ,RANDOLPH,37,151,NC 
27295,Lexington,North Carolina ,DAVIDSON,37,057,NC 
27305,Milton,North Carolina ,CASWELL,37,033,NC 
27312,Pittsboro,North Carolina ,CHATHAM,37,037,NC 
27306,Mount Gilead,North Carolina ,MONTGOMERY,37,123,NC 
27310,Oak Ridge,North Carolina ,GUILFORD,37,081,NC 
27315,Providence,North Carolina ,CASWELL,37,033,NC 
27311,Pelham,North Carolina ,CASWELL,37,033,NC 
27314,Prospect Hill,North Carolina ,CASWELL,37,033,NC 
27313,Pleasant Garden,North Carolina ,GUILFORD,37,081,NC 
27317,Randleman,North Carolina ,RANDOLPH,37,151,NC 
27326,Ruffin,North Carolina ,ROCKINGHAM,37,157,NC 
27331,Sanford,North Carolina ,LEE,37,105,NC 
27330,Sanford,North Carolina ,LEE,37,105,NC 
27325,Robbins,North Carolina ,MOORE,37,125,NC 
27320,Reidsville,North Carolina ,ROCKINGHAM,37,157,NC 
27323,Reidsville,North Carolina ,ROCKINGHAM,37,157,NC 
27316,Ramseur,North Carolina ,RANDOLPH,37,151,NC 
27332,Sanford,North Carolina ,LEE,37,105,NC 
27340,Saxapahaw,North Carolina ,ALAMANCE,37,001,NC 
27341,Seagrove,North Carolina ,RANDOLPH,37,151,NC 
27349,Snow Camp,North Carolina ,ALAMANCE,37,001,NC 
27350,Sophia,North Carolina ,RANDOLPH,37,151,NC 
27344,Siler City,North Carolina ,CHATHAM,37,037,NC 
27343,Semora,North Carolina ,PERSON,37,145,NC 
27342,Sedalia,North Carolina ,GUILFORD,37,081,NC 
27351,Southmont,North Carolina ,DAVIDSON,37,057,NC 
27355,Staley,North Carolina ,RANDOLPH,37,151,NC 
27361,Thomasville,North Carolina ,DAVIDSON,37,057,NC 
27357,Stokesdale,North Carolina ,GUILFORD,37,081,NC 
27360,Thomasville,North Carolina ,DAVIDSON,37,057,NC 
27359,Swepsonville,North Carolina ,ALAMANCE,37,001,NC 
27358,Summerfield,North Carolina ,GUILFORD,37,081,NC 
27356,Star,North Carolina ,MONTGOMERY,37,123,NC 
27370,Trinity,North Carolina ,RANDOLPH,37,151,NC 
27371,Troy,North Carolina ,MONTGOMERY,37,123,NC 
27379,Yanceyville,North Carolina ,CASWELL,37,033,NC 
27376,West End,North Carolina ,MOORE,37,125,NC 
27373,Wallburg,North Carolina ,DAVIDSON,37,057,NC 
27374,Welcome,North Carolina ,DAVIDSON,37,057,NC 
27377,Whitsett,North Carolina ,GUILFORD,37,081,NC 
27375,Wentworth,North Carolina ,ROCKINGHAM,37,157,NC 
27401,Greensboro,North Carolina ,GUILFORD,37,081,NC 
27402,Greensboro,North Carolina ,GUILFORD,37,081,NC 
27403,Greensboro,North Carolina ,GUILFORD,37,081,NC 
27404,Greensboro,North Carolina ,GUILFORD,37,081,NC 
27406,Greensboro,North Carolina ,GUILFORD,37,081,NC 
27407,Greensboro,North Carolina ,GUILFORD,37,081,NC 
27405,Greensboro,North Carolina ,GUILFORD,37,081,NC 
27410,Greensboro,North Carolina ,GUILFORD,37,081,NC 
27409,Greensboro,North Carolina ,GUILFORD,37,081,NC 
27408,Greensboro,North Carolina ,GUILFORD,37,081,NC 
27411,Greensboro,North Carolina ,GUILFORD,37,081,NC 
27413,Greensboro,North Carolina ,GUILFORD,37,081,NC 
27416,Greensboro,North Carolina ,GUILFORD,37,081,NC 
27415,Greensboro,North Carolina ,GUILFORD,37,081,NC 
27419,Greensboro,North Carolina ,GUILFORD,37,081,NC 
27412,Greensboro,North Carolina ,GUILFORD,37,081,NC 
27420,Greensboro,North Carolina ,GUILFORD,37,081,NC 
27425,Greensboro,North Carolina ,GUILFORD,37,081,NC 
27417,Greensboro,North Carolina ,GUILFORD,37,081,NC 
27427,Greensboro,North Carolina ,GUILFORD,37,081,NC 
27435,Greensboro,North Carolina ,GUILFORD,37,081,NC 
27429,Greensboro,North Carolina ,GUILFORD,37,081,NC 
27438,Greensboro,North Carolina ,GUILFORD,37,081,NC 
27495,Greensboro,North Carolina ,GUILFORD,37,081,NC 
27455,Greensboro,North Carolina ,GUILFORD,37,081,NC 
27497,Greensboro,North Carolina ,GUILFORD,37,081,NC 
27498,Greensboro,North Carolina ,GUILFORD,37,081,NC 
27499,Greensboro,North Carolina ,GUILFORD,37,081,NC 
27504,Benson,North Carolina ,JOHNSTON,37,101,NC 
27502,Apex,North Carolina ,WAKE,37,183,NC 
27505,Broadway,North Carolina ,LEE,37,105,NC 
27506,Buies Creek,North Carolina ,HARNETT,37,085,NC 
27507,Bullock,North Carolina ,GRANVILLE,37,077,NC 
27501,Angier,North Carolina ,HARNETT,37,085,NC 
27503,Bahama,North Carolina ,DURHAM,37,063,NC 
27508,Bunn,North Carolina ,FRANKLIN,37,069,NC 
27515,Chapel Hill,North Carolina ,ORANGE,37,135,NC 
27510,Carrboro,North Carolina ,ORANGE,37,135,NC 
27512,Cary,North Carolina ,WAKE,37,183,NC 
27514,Chapel Hill,North Carolina ,ORANGE,37,135,NC 
27509,Butner,North Carolina ,GRANVILLE,37,077,NC 
27511,Cary,North Carolina ,WAKE,37,183,NC 
27513,Cary,North Carolina ,WAKE,37,183,NC 
27516,Chapel Hill,North Carolina ,ORANGE,37,135,NC 
27520,Clayton,North Carolina ,JOHNSTON,37,101,NC 
27519,Cary,North Carolina ,WAKE,37,183,NC 
27522,Creedmoor,North Carolina ,GRANVILLE,37,077,NC 
27517,Chapel Hill,North Carolina ,ORANGE,37,135,NC 
27523,Apex,North Carolina ,WAKE,37,183,NC 
27524,Four Oaks,North Carolina ,JOHNSTON,37,101,NC 
27521,Coats,North Carolina ,HARNETT,37,085,NC 
27518,Cary,North Carolina ,WAKE,37,183,NC 
27526,Fuquay Varina,North Carolina ,WAKE,37,183,NC 
27525,Franklinton,North Carolina ,FRANKLIN,37,069,NC 
27527,Clayton,North Carolina ,JOHNSTON,37,101,NC 
27529,Garner,North Carolina ,WAKE,37,183,NC 
27532,Goldsboro,North Carolina ,WAYNE,37,191,NC 
27528,Clayton,North Carolina ,JOHNSTON,37,101,NC 
27530,Goldsboro,North Carolina ,WAYNE,37,191,NC 
27531,Goldsboro,North Carolina ,WAYNE,37,191,NC 
27533,Goldsboro,North Carolina ,WAYNE,37,191,NC 
27536,Henderson,North Carolina ,VANCE,37,181,NC 
27537,Henderson,North Carolina ,VANCE,37,181,NC 
27534,Goldsboro,North Carolina ,WAYNE,37,191,NC 
27541,Hurdle Mills,North Carolina ,PERSON,37,145,NC 
27542,Kenly,North Carolina ,JOHNSTON,37,101,NC 
27540,Holly Springs,North Carolina ,WAKE,37,183,NC 
27539,Apex,North Carolina ,WAKE,37,183,NC 
27543,Kipling,North Carolina ,HARNETT,37,085,NC 
27549,Louisburg,North Carolina ,FRANKLIN,37,069,NC 
27553,Manson,North Carolina ,VANCE,37,181,NC 
27545,Knightdale,North Carolina ,WAKE,37,183,NC 
27544,Kittrell,North Carolina ,VANCE,37,181,NC 
27552,Mamers,North Carolina ,HARNETT,37,085,NC 
27546,Lillington,North Carolina ,HARNETT,37,085,NC 
27551,Macon,North Carolina ,WARREN,37,185,NC 
27555,Micro,North Carolina ,JOHNSTON,37,101,NC 
27556,Middleburg,North Carolina ,VANCE,37,181,NC 
27557,Middlesex,North Carolina ,NASH,37,127,NC 
27559,Moncure,North Carolina ,CHATHAM,37,037,NC 
27568,Pine Level,North Carolina ,JOHNSTON,37,101,NC 
27563,Norlina,North Carolina ,WARREN,37,185,NC 
27565,Oxford,North Carolina ,GRANVILLE,37,077,NC 
27560,Morrisville,North Carolina ,WAKE,37,183,NC 
27562,New Hill,North Carolina ,WAKE,37,183,NC 
27569,Princeton,North Carolina ,JOHNSTON,37,101,NC 
27573,Roxboro,North Carolina ,PERSON,37,145,NC 
27576,Selma,North Carolina ,JOHNSTON,37,101,NC 
27574,Roxboro,North Carolina ,PERSON,37,145,NC 
27570,Ridgeway,North Carolina ,WARREN,37,185,NC 
27571,Rolesville,North Carolina ,WAKE,37,183,NC 
27572,Rougemont,North Carolina ,DURHAM,37,063,NC 
27577,Smithfield,North Carolina ,JOHNSTON,37,101,NC 
27581,Stem,North Carolina ,GRANVILLE,37,077,NC 
27583,Timberlake,North Carolina ,PERSON,37,145,NC 
27582,Stovall,North Carolina ,GRANVILLE,37,077,NC 
27584,Townsville,North Carolina ,VANCE,37,181,NC 
27587,Wake Forest,North Carolina ,WAKE,37,183,NC 
27586,Vaughan,North Carolina ,WARREN,37,185,NC 
27589,Warrenton,North Carolina ,WARREN,37,185,NC 
27588,Wake Forest,North Carolina ,WAKE,37,183,NC 
27591,Wendell,North Carolina ,WAKE,37,183,NC 
27592,Willow Spring,North Carolina ,WAKE,37,183,NC 
27594,Wise,North Carolina ,WARREN,37,185,NC 
27593,Wilsons Mills,North Carolina ,JOHNSTON,37,101,NC 
27596,Youngsville,North Carolina ,FRANKLIN,37,069,NC 
27597,Zebulon,North Carolina ,WAKE,37,183,NC 
27601,Raleigh,North Carolina ,WAKE,37,183,NC 
27602,Raleigh,North Carolina ,WAKE,37,183,NC 
27599,Chapel Hill,North Carolina ,ORANGE,37,135,NC 
27603,Raleigh,North Carolina ,WAKE,37,183,NC 
27609,Raleigh,North Carolina ,WAKE,37,183,NC 
27605,Raleigh,North Carolina ,WAKE,37,183,NC 
27606,Raleigh,North Carolina ,WAKE,37,183,NC 
27604,Raleigh,North Carolina ,WAKE,37,183,NC 
27608,Raleigh,North Carolina ,WAKE,37,183,NC 
27607,Raleigh,North Carolina ,WAKE,37,183,NC 
27610,Raleigh,North Carolina ,WAKE,37,183,NC 
27611,Raleigh,North Carolina ,WAKE,37,183,NC 
27614,Raleigh,North Carolina ,WAKE,37,183,NC 
27617,Raleigh,North Carolina ,WAKE,37,183,NC 
27613,Raleigh,North Carolina ,WAKE,37,183,NC 
27615,Raleigh,North Carolina ,WAKE,37,183,NC 
27616,Raleigh,North Carolina ,WAKE,37,183,NC 
27612,Raleigh,North Carolina ,WAKE,37,183,NC 
27619,Raleigh,North Carolina ,WAKE,37,183,NC 
27620,Raleigh,North Carolina ,WAKE,37,183,NC 
27622,Raleigh,North Carolina ,WAKE,37,183,NC 
27623,Raleigh,North Carolina ,WAKE,37,183,NC 
27624,Raleigh,North Carolina ,WAKE,37,183,NC 
27627,Raleigh,North Carolina ,WAKE,37,183,NC 
27626,Raleigh,North Carolina ,WAKE,37,183,NC 
27625,Raleigh,North Carolina ,WAKE,37,183,NC 
27629,Raleigh,North Carolina ,WAKE,37,183,NC 
27628,Raleigh,North Carolina ,WAKE,37,183,NC 
27635,Raleigh,North Carolina ,WAKE,37,183,NC 
27636,Raleigh,North Carolina ,WAKE,37,183,NC 
27634,Raleigh,North Carolina ,WAKE,37,183,NC 
27656,Raleigh,North Carolina ,WAKE,37,183,NC 
27661,Raleigh,North Carolina ,WAKE,37,183,NC 
27640,Raleigh,North Carolina ,WAKE,37,183,NC 
27658,Raleigh,North Carolina ,WAKE,37,183,NC 
27650,Raleigh,North Carolina ,WAKE,37,183,NC 
27668,Raleigh,North Carolina ,WAKE,37,183,NC 
27675,Raleigh,North Carolina ,WAKE,37,183,NC 
27690,Raleigh,North Carolina ,WAKE,37,183,NC 
27699,Raleigh,North Carolina ,WAKE,37,183,NC 
27676,Raleigh,North Carolina ,WAKE,37,183,NC 
27697,Raleigh,North Carolina ,WAKE,37,183,NC 
27695,Raleigh,North Carolina ,WAKE,37,183,NC 
27701,Durham,North Carolina ,DURHAM,37,063,NC 
27703,Durham,North Carolina ,DURHAM,37,063,NC 
27702,Durham,North Carolina ,DURHAM,37,063,NC 
27706,Durham,North Carolina ,DURHAM,37,063,NC 
27705,Durham,North Carolina ,DURHAM,37,063,NC 
27709,Durham,North Carolina ,DURHAM,37,063,NC 
27708,Durham,North Carolina ,DURHAM,37,063,NC 
27704,Durham,North Carolina ,DURHAM,37,063,NC 
27707,Durham,North Carolina ,DURHAM,37,063,NC 
27709,Durham,North Carolina ,DURHAM,37,063,NC 
27710,Durham,North Carolina ,DURHAM,37,063,NC 
27711,Durham,North Carolina ,DURHAM,37,063,NC 
27713,Durham,North Carolina ,DURHAM,37,063,NC 
27712,Durham,North Carolina ,DURHAM,37,063,NC 
27711,Durham,North Carolina ,DURHAM,37,063,NC 
27715,Durham,North Carolina ,DURHAM,37,063,NC 
27717,Durham,North Carolina ,DURHAM,37,063,NC 
27722,Durham,North Carolina ,DURHAM,37,063,NC 
27802,Rocky Mount,North Carolina ,EDGECOMBE,37,065,NC 
27801,Rocky Mount,North Carolina ,EDGECOMBE,37,065,NC 
27803,Rocky Mount,North Carolina ,NASH,37,127,NC 
27804,Rocky Mount,North Carolina ,NASH,37,127,NC 
27806,Aurora,North Carolina ,BEAUFORT,37,013,NC 
27805,Aulander,North Carolina ,BERTIE,37,015,NC 
27807,Bailey,North Carolina ,NASH,37,127,NC 
27809,Battleboro,North Carolina ,EDGECOMBE,37,065,NC 
27808,Bath,North Carolina ,BEAUFORT,37,013,NC 
27812,Bethel,North Carolina ,PITT,37,147,NC 
27810,Belhaven,North Carolina ,BEAUFORT,37,013,NC 
27811,Bellarthur,North Carolina ,PITT,37,147,NC 
27815,Rocky Mount,North Carolina ,EDGECOMBE,37,065,NC 
27813,Black Creek,North Carolina ,WILSON,37,195,NC 
27814,Blounts Creek,North Carolina ,BEAUFORT,37,013,NC 
27816,Castalia,North Carolina ,NASH,37,127,NC 
27821,Edward,North Carolina ,BEAUFORT,37,013,NC 
27818,Como,North Carolina ,HERTFORD,37,091,NC 
27817,Chocowinity,North Carolina ,BEAUFORT,37,013,NC 
27823,Enfield,North Carolina ,HALIFAX,37,083,NC 
27819,Conetoe,North Carolina ,EDGECOMBE,37,065,NC 
27820,Conway,North Carolina ,NORTHAMPTON,37,131,NC 
27822,Elm City,North Carolina ,WILSON,37,195,NC 
27824,Engelhard,North Carolina ,HYDE,37,095,NC 
27828,Farmville,North Carolina ,PITT,37,147,NC 
27825,Everetts,North Carolina ,MARTIN,37,117,NC 
27826,Fairfield,North Carolina ,HYDE,37,095,NC 
27829,Fountain,North Carolina ,PITT,37,147,NC 
27830,Fremont,North Carolina ,WAYNE,37,191,NC 
27827,Falkland,North Carolina ,PITT,37,147,NC 
27831,Garysburg,North Carolina ,NORTHAMPTON,37,131,NC 
27832,Gaston,North Carolina ,NORTHAMPTON,37,131,NC 
27833,Greenville,North Carolina ,PITT,37,147,NC 
27835,Greenville,North Carolina ,PITT,37,147,NC 
27840,Hamilton,North Carolina ,MARTIN,37,117,NC 
27834,Greenville,North Carolina ,PITT,37,147,NC 
27836,Greenville,North Carolina ,PITT,37,147,NC 
27837,Grimesland,North Carolina ,PITT,37,147,NC 
27839,Halifax,North Carolina ,HALIFAX,37,083,NC 
27842,Henrico,North Carolina ,NORTHAMPTON,37,131,NC 
27843,Hobgood,North Carolina ,HALIFAX,37,083,NC 
27844,Hollister,North Carolina ,HALIFAX,37,083,NC 
27845,Jackson,North Carolina ,NORTHAMPTON,37,131,NC 
27846,Jamesville,North Carolina ,MARTIN,37,117,NC 
27847,Kelford,North Carolina ,BERTIE,37,015,NC 
27849,Lewiston Woodville,North Carolina ,BERTIE,37,015,NC 
27841,Hassell,North Carolina ,MARTIN,37,117,NC 
27853,Margarettsville,North Carolina ,NORTHAMPTON,37,131,NC 
27855,Murfreesboro,North Carolina ,HERTFORD,37,091,NC 
27858,Greenville,North Carolina ,PITT,37,147,NC 
27851,Lucama,North Carolina ,WILSON,37,195,NC 
27850,Littleton,North Carolina ,HALIFAX,37,083,NC 
27856,Nashville,North Carolina ,NASH,37,127,NC 
27857,Oak City,North Carolina ,MARTIN,37,117,NC 
27852,Macclesfield,North Carolina ,EDGECOMBE,37,065,NC 
27866,Pleasant Hill,North Carolina ,NORTHAMPTON,37,131,NC 
27865,Pinetown,North Carolina ,BEAUFORT,37,013,NC 
27860,Pantego,North Carolina ,BEAUFORT,37,013,NC 
27862,Pendleton,North Carolina ,NORTHAMPTON,37,131,NC 
27867,Potecasi,North Carolina ,NORTHAMPTON,37,131,NC 
27861,Parmele,North Carolina ,MARTIN,37,117,NC 
27864,Pinetops,North Carolina ,EDGECOMBE,37,065,NC 
27863,Pikeville,North Carolina ,WAYNE,37,191,NC 
27869,Rich Square,North Carolina ,NORTHAMPTON,37,131,NC 
27871,Robersonville,North Carolina ,MARTIN,37,117,NC 
27872,Roxobel,North Carolina ,BERTIE,37,015,NC 
27868,Red Oak,North Carolina ,NASH,37,127,NC 
27870,Roanoke Rapids,North Carolina ,HALIFAX,37,083,NC 
27874,Scotland Neck,North Carolina ,HALIFAX,37,083,NC 
27873,Saratoga,North Carolina ,WILSON,37,195,NC 
27875,Scranton,North Carolina ,HYDE,37,095,NC 
27879,Simpson,North Carolina ,PITT,37,147,NC 
27880,Sims,North Carolina ,WILSON,37,195,NC 
27876,Seaboard,North Carolina ,NORTHAMPTON,37,131,NC 
27881,Speed,North Carolina ,EDGECOMBE,37,065,NC 
27882,Spring Hope,North Carolina ,NASH,37,127,NC 
27878,Sharpsburg,North Carolina ,NASH,37,127,NC 
27883,Stantonsburg,North Carolina ,WILSON,37,195,NC 
27877,Severn,North Carolina ,NORTHAMPTON,37,131,NC 
27885,Swanquarter,North Carolina ,HYDE,37,095,NC 
27888,Walstonburg,North Carolina ,GREENE,37,079,NC 
27891,Whitakers,North Carolina ,NASH,37,127,NC 
27886,Tarboro,North Carolina ,EDGECOMBE,37,065,NC 
27884,Stokes,North Carolina ,PITT,37,147,NC 
27889,Washington,North Carolina ,BEAUFORT,37,013,NC 
27890,Weldon,North Carolina ,HALIFAX,37,083,NC 
27887,Tillery,North Carolina ,HALIFAX,37,083,NC 
27892,Williamston,North Carolina ,MARTIN,37,117,NC 
27893,Wilson,North Carolina ,WILSON,37,195,NC 
27894,Wilson,North Carolina ,WILSON,37,195,NC 
27906,Elizabeth City,North Carolina ,PASQUOTANK,37,139,NC 
27907,Elizabeth City,North Carolina ,PASQUOTANK,37,139,NC 
27896,Wilson,North Carolina ,WILSON,37,195,NC 
27897,Woodland,North Carolina ,NORTHAMPTON,37,131,NC 
27895,Wilson,North Carolina ,WILSON,37,195,NC 
27909,Elizabeth City,North Carolina ,PASQUOTANK,37,139,NC 
27910,Ahoskie,North Carolina ,HERTFORD,37,091,NC 
27915,Avon,North Carolina ,DARE,37,055,NC 
27921,Camden,North Carolina ,CAMDEN,37,029,NC 
27920,Buxton,North Carolina ,DARE,37,055,NC 
27916,Aydlett,North Carolina ,CURRITUCK,37,053,NC 
27917,Barco,North Carolina ,CURRITUCK,37,053,NC 
27919,Belvidere,North Carolina ,PERQUIMANS,37,143,NC 
27923,Coinjock,North Carolina ,CURRITUCK,37,053,NC 
27922,Cofield,North Carolina ,HERTFORD,37,091,NC 
27929,Currituck,North Carolina ,CURRITUCK,37,053,NC 
27928,Creswell,North Carolina ,WASHINGTON,37,187,NC 
27925,Columbia,North Carolina ,TYRRELL,37,177,NC 
27924,Colerain,North Carolina ,BERTIE,37,015,NC 
27927,Corolla,North Carolina ,CURRITUCK,37,053,NC 
27926,Corapeake,North Carolina ,GATES,37,073,NC 
27932,Edenton,North Carolina ,CHOWAN,37,041,NC 
27930,Hertford,North Carolina ,PERQUIMANS,37,143,NC 
27935,Eure,North Carolina ,GATES,37,073,NC 
27939,Grandy,North Carolina ,CURRITUCK,37,053,NC 
27936,Frisco,North Carolina ,DARE,37,055,NC 
27941,Harbinger,North Carolina ,CURRITUCK,37,053,NC 
27938,Gatesville,North Carolina ,GATES,37,073,NC 
27942,Harrellsville,North Carolina ,HERTFORD,37,091,NC 
27943,Hatteras,North Carolina ,DARE,37,055,NC 
27937,Gates,North Carolina ,GATES,37,073,NC 
27944,Hertford,North Carolina ,PERQUIMANS,37,143,NC 
27946,Hobbsville,North Carolina ,GATES,37,073,NC 
27949,Kitty Hawk,North Carolina ,DARE,37,055,NC 
27953,Manns Harbor,North Carolina ,DARE,37,055,NC 
27950,Knotts Island,North Carolina ,CURRITUCK,37,053,NC 
27947,Jarvisburg,North Carolina ,CURRITUCK,37,053,NC 
27954,Manteo,North Carolina ,DARE,37,055,NC 
27948,Kill Devil Hills,North Carolina ,DARE,37,055,NC 
27956,Maple,North Carolina ,CURRITUCK,37,053,NC 
27957,Merry Hill,North Carolina ,BERTIE,37,015,NC 
27962,Plymouth,North Carolina ,WASHINGTON,37,187,NC 
27960,Ocracoke,North Carolina ,HYDE,37,095,NC 
27958,Moyock,North Carolina ,CURRITUCK,37,053,NC 
27959,Nags Head,North Carolina ,DARE,37,055,NC 
27966,Powells Point,North Carolina ,CURRITUCK,37,053,NC 
27964,Point Harbor,North Carolina ,CURRITUCK,37,053,NC 
27965,Poplar Branch,North Carolina ,CURRITUCK,37,053,NC 
27967,Powellsville,North Carolina ,BERTIE,37,015,NC 
27968,Rodanthe,North Carolina ,DARE,37,055,NC 
27972,Salvo,North Carolina ,DARE,37,055,NC 
27976,South Mills,North Carolina ,CAMDEN,37,029,NC 
27973,Shawboro,North Carolina ,CURRITUCK,37,053,NC 
27974,Shiloh,North Carolina ,CAMDEN,37,029,NC 
27969,Roduco,North Carolina ,GATES,37,073,NC 
27970,Roper,North Carolina ,WASHINGTON,37,187,NC 
27979,Sunbury,North Carolina ,GATES,37,073,NC 
27978,Stumpy Point,North Carolina ,DARE,37,055,NC 
27982,Waves,North Carolina ,DARE,37,055,NC 
27981,Wanchese,North Carolina ,DARE,37,055,NC 
27980,Tyner,North Carolina ,CHOWAN,37,041,NC 
27985,Winfall,North Carolina ,PERQUIMANS,37,143,NC 
27983,Windsor,North Carolina ,BERTIE,37,015,NC 
27986,Winton,North Carolina ,HERTFORD,37,091,NC 
28002,Albemarle,North Carolina ,STANLY,37,167,NC 
28001,Albemarle,North Carolina ,STANLY,37,167,NC 
28007,Ansonville,North Carolina ,ANSON,37,007,NC 
28010,Barium Springs,North Carolina ,IREDELL,37,097,NC 
28006,Alexis,North Carolina ,GASTON,37,071,NC 
28018,Bostic,North Carolina ,RUTHERFORD,37,161,NC 
28017,Boiling Springs,North Carolina ,CLEVELAND,37,045,NC 
28016,Bessemer City,North Carolina ,GASTON,37,071,NC 
28012,Belmont,North Carolina ,GASTON,37,071,NC 
28009,Badin,North Carolina ,STANLY,37,167,NC 
28019,Caroleen,North Carolina ,RUTHERFORD,37,161,NC 
28020,Casar,North Carolina ,CLEVELAND,37,045,NC 
28023,China Grove,North Carolina ,ROWAN,37,159,NC 
28026,Concord,North Carolina ,CABARRUS,37,025,NC 
28025,Concord,North Carolina ,CABARRUS,37,025,NC 
28021,Cherryville,North Carolina ,GASTON,37,071,NC 
28024,Cliffside,North Carolina ,RUTHERFORD,37,161,NC 
28027,Concord,North Carolina ,CABARRUS,37,025,NC 
28031,Cornelius,North Carolina ,MECKLENBURG,37,119,NC 
28035,Davidson,North Carolina ,MECKLENBURG,37,119,NC 
28036,Davidson,North Carolina ,MECKLENBURG,37,119,NC 
28034,Dallas,North Carolina ,GASTON,37,071,NC 
28037,Denver,North Carolina ,LINCOLN,37,109,NC 
28038,Earl,North Carolina ,CLEVELAND,37,045,NC 
28032,Cramerton,North Carolina ,GASTON,37,071,NC 
28033,Crouse,North Carolina ,LINCOLN,37,109,NC 
28039,East Spencer,North Carolina ,ROWAN,37,159,NC 
28040,Ellenboro,North Carolina ,RUTHERFORD,37,161,NC 
28041,Faith,North Carolina ,ROWAN,37,159,NC 
28043,Forest City,North Carolina ,RUTHERFORD,37,161,NC 
28055,Gastonia,North Carolina ,GASTON,37,071,NC 
28054,Gastonia,North Carolina ,GASTON,37,071,NC 
28053,Gastonia,North Carolina ,GASTON,37,071,NC 
28052,Gastonia,North Carolina ,GASTON,37,071,NC 
28056,Gastonia,North Carolina ,GASTON,37,071,NC 
28070,Huntersville,North Carolina ,MECKLENBURG,37,119,NC 
28076,Henrietta,North Carolina ,RUTHERFORD,37,161,NC 
28074,Harris,North Carolina ,RUTHERFORD,37,161,NC 
28071,Gold Hill,North Carolina ,ROWAN,37,159,NC 
28075,Harrisburg,North Carolina ,CABARRUS,37,025,NC 
28073,Grover,North Carolina ,CLEVELAND,37,045,NC 
28072,Granite Quarry,North Carolina ,ROWAN,37,159,NC 
28077,High Shoals,North Carolina ,GASTON,37,071,NC 
28078,Huntersville,North Carolina ,MECKLENBURG,37,119,NC 
28080,Iron Station,North Carolina ,LINCOLN,37,109,NC 
28079,Indian Trail,North Carolina ,UNION,37,179,NC 
28083,Kannapolis,North Carolina ,CABARRUS,37,025,NC 
28081,Kannapolis,North Carolina ,CABARRUS,37,025,NC 
28086,Kings Mountain,North Carolina ,CLEVELAND,37,045,NC 
28082,Kannapolis,North Carolina ,CABARRUS,37,025,NC 
28088,Landis,North Carolina ,ROWAN,37,159,NC 
28089,Lattimore,North Carolina ,CLEVELAND,37,045,NC 
28090,Lawndale,North Carolina ,CLEVELAND,37,045,NC 
28091,Lilesville,North Carolina ,ANSON,37,007,NC 
28093,Lincolnton,North Carolina ,LINCOLN,37,109,NC 
28092,Lincolnton,North Carolina ,LINCOLN,37,109,NC 
28097,Locust,North Carolina ,STANLY,37,167,NC 
28101,Mc Adenville,North Carolina ,GASTON,37,071,NC 
28098,Lowell,North Carolina ,GASTON,37,071,NC 
28102,Mc Farlan,North Carolina ,ANSON,37,007,NC 
28103,Marshville,North Carolina ,UNION,37,179,NC 
28104,Matthews,North Carolina ,UNION,37,179,NC 
28107,Midland,North Carolina ,CABARRUS,37,025,NC 
28109,Misenheimer,North Carolina ,STANLY,37,167,NC 
28105,Matthews,North Carolina ,MECKLENBURG,37,119,NC 
28106,Matthews,North Carolina ,MECKLENBURG,37,119,NC 
28108,Mineral Springs,North Carolina ,UNION,37,179,NC 
28110,Monroe,North Carolina ,UNION,37,179,NC 
28111,Monroe,North Carolina ,UNION,37,179,NC 
28112,Monroe,North Carolina ,UNION,37,179,NC 
28114,Mooresboro,North Carolina ,CLEVELAND,37,045,NC 
28117,Mooresville,North Carolina ,IREDELL,37,097,NC 
28115,Mooresville,North Carolina ,IREDELL,37,097,NC 
28119,Morven,North Carolina ,ANSON,37,007,NC 
28120,Mount Holly,North Carolina ,GASTON,37,071,NC 
28124,Mount Pleasant,North Carolina ,CABARRUS,37,025,NC 
28125,Mount Ulla,North Carolina ,ROWAN,37,159,NC 
28123,Mount Mourne,North Carolina ,IREDELL,37,097,NC 
28126,Newell,North Carolina ,MECKLENBURG,37,119,NC 
28129,Oakboro,North Carolina ,STANLY,37,167,NC 
28133,Peachland,North Carolina ,ANSON,37,007,NC 
28135,Polkton,North Carolina ,ANSON,37,007,NC 
28128,Norwood,North Carolina ,STANLY,37,167,NC 
28134,Pineville,North Carolina ,MECKLENBURG,37,119,NC 
28127,New London,North Carolina ,STANLY,37,167,NC 
28130,Paw Creek,North Carolina ,MECKLENBURG,37,119,NC 
28136,Polkville,North Carolina ,CLEVELAND,37,045,NC 
28138,Rockwell,North Carolina ,ROWAN,37,159,NC 
28137,Richfield,North Carolina ,STANLY,37,167,NC 
28139,Rutherfordton,North Carolina ,RUTHERFORD,37,161,NC 
28144,Salisbury,North Carolina ,ROWAN,37,159,NC 
28146,Salisbury,North Carolina ,ROWAN,37,159,NC 
28145,Salisbury,North Carolina ,ROWAN,37,159,NC 
28147,Salisbury,North Carolina ,ROWAN,37,159,NC 
28150,Shelby,North Carolina ,CLEVELAND,37,045,NC 
28152,Shelby,North Carolina ,CLEVELAND,37,045,NC 
28151,Shelby,North Carolina ,CLEVELAND,37,045,NC 
28159,Spencer,North Carolina ,ROWAN,37,159,NC 
28167,Union Mills,North Carolina ,RUTHERFORD,37,161,NC 
28164,Stanley,North Carolina ,GASTON,37,071,NC 
28166,Troutman,North Carolina ,IREDELL,37,097,NC 
28163,Stanfield,North Carolina ,STANLY,37,167,NC 
28160,Spindale,North Carolina ,RUTHERFORD,37,161,NC 
28168,Vale,North Carolina ,LINCOLN,37,109,NC 
28169,Waco,North Carolina ,CLEVELAND,37,045,NC 
28170,Wadesboro,North Carolina ,ANSON,37,007,NC 
28202,Charlotte,North Carolina ,MECKLENBURG,37,119,NC 
28203,Charlotte,North Carolina ,MECKLENBURG,37,119,NC 
28174,Wingate,North Carolina ,UNION,37,179,NC 
28201,Charlotte,North Carolina ,MECKLENBURG,37,119,NC 
28173,Waxhaw,North Carolina ,UNION,37,179,NC 
28204,Charlotte,North Carolina ,MECKLENBURG,37,119,NC 
28205,Charlotte,North Carolina ,MECKLENBURG,37,119,NC 
28208,Charlotte,North Carolina ,MECKLENBURG,37,119,NC 
28206,Charlotte,North Carolina ,MECKLENBURG,37,119,NC 
28207,Charlotte,North Carolina ,MECKLENBURG,37,119,NC 
28210,Charlotte,North Carolina ,MECKLENBURG,37,119,NC 
28211,Charlotte,North Carolina ,MECKLENBURG,37,119,NC 
28209,Charlotte,North Carolina ,MECKLENBURG,37,119,NC 
28212,Charlotte,North Carolina ,MECKLENBURG,37,119,NC 
28214,Charlotte,North Carolina ,MECKLENBURG,37,119,NC 
28213,Charlotte,North Carolina ,MECKLENBURG,37,119,NC 
28219,Charlotte,North Carolina ,MECKLENBURG,37,119,NC 
28216,Charlotte,North Carolina ,MECKLENBURG,37,119,NC 
28217,Charlotte,North Carolina ,MECKLENBURG,37,119,NC 
28215,Charlotte,North Carolina ,MECKLENBURG,37,119,NC 
28218,Charlotte,North Carolina ,MECKLENBURG,37,119,NC 
28220,Charlotte,North Carolina ,MECKLENBURG,37,119,NC 
28226,Charlotte,North Carolina ,MECKLENBURG,37,119,NC 
28227,Charlotte,North Carolina ,MECKLENBURG,37,119,NC 
28228,Charlotte,North Carolina ,MECKLENBURG,37,119,NC 
28221,Charlotte,North Carolina ,MECKLENBURG,37,119,NC 
28222,Charlotte,North Carolina ,MECKLENBURG,37,119,NC 
28224,Charlotte,North Carolina ,MECKLENBURG,37,119,NC 
28223,Charlotte,North Carolina ,MECKLENBURG,37,119,NC 
28229,Charlotte,North Carolina ,MECKLENBURG,37,119,NC 
28231,Charlotte,North Carolina ,MECKLENBURG,37,119,NC 
28230,Charlotte,North Carolina ,MECKLENBURG,37,119,NC 
28236,Charlotte,North Carolina ,MECKLENBURG,37,119,NC 
28235,Charlotte,North Carolina ,MECKLENBURG,37,119,NC 
28233,Charlotte,North Carolina ,MECKLENBURG,37,119,NC 
28234,Charlotte,North Carolina ,MECKLENBURG,37,119,NC 
28232,Charlotte,North Carolina ,MECKLENBURG,37,119,NC 
28237,Charlotte,North Carolina ,MECKLENBURG,37,119,NC 
28242,Charlotte,North Carolina ,MECKLENBURG,37,119,NC 
28243,Charlotte,North Carolina ,MECKLENBURG,37,119,NC 
28241,Charlotte,North Carolina ,MECKLENBURG,37,119,NC 
28254,Charlotte,North Carolina ,MECKLENBURG,37,119,NC 
28247,Charlotte,North Carolina ,MECKLENBURG,37,119,NC 
28253,Charlotte,North Carolina ,MECKLENBURG,37,119,NC 
28246,Charlotte,North Carolina ,MECKLENBURG,37,119,NC 
28244,Charlotte,North Carolina ,MECKLENBURG,37,119,NC 
28255,Charlotte,North Carolina ,MECKLENBURG,37,119,NC 
28266,Charlotte,North Carolina ,MECKLENBURG,37,119,NC 
28260,Charlotte,North Carolina ,MECKLENBURG,37,119,NC 
28262,Charlotte,North Carolina ,MECKLENBURG,37,119,NC 
28263,Charlotte,North Carolina ,MECKLENBURG,37,119,NC 
28258,Charlotte,North Carolina ,MECKLENBURG,37,119,NC 
28256,Charlotte,North Carolina ,MECKLENBURG,37,119,NC 
28265,Charlotte,North Carolina ,MECKLENBURG,37,119,NC 
28273,Charlotte,North Carolina ,MECKLENBURG,37,119,NC 
28277,Charlotte,North Carolina ,MECKLENBURG,37,119,NC 
28275,Charlotte,North Carolina ,MECKLENBURG,37,119,NC 
28274,Charlotte,North Carolina ,MECKLENBURG,37,119,NC 
28269,Charlotte,North Carolina ,MECKLENBURG,37,119,NC 
28272,Charlotte,North Carolina ,MECKLENBURG,37,119,NC 
28271,Charlotte,North Carolina ,MECKLENBURG,37,119,NC 
28270,Charlotte,North Carolina ,MECKLENBURG,37,119,NC 
28278,Charlotte,North Carolina ,MECKLENBURG,37,119,NC 
28282,Charlotte,North Carolina ,MECKLENBURG,37,119,NC 
28284,Charlotte,North Carolina ,MECKLENBURG,37,119,NC 
28281,Charlotte,North Carolina ,MECKLENBURG,37,119,NC 
28280,Charlotte,North Carolina ,MECKLENBURG,37,119,NC 
28285,Charlotte,North Carolina ,MECKLENBURG,37,119,NC 
28288,Charlotte,North Carolina ,MECKLENBURG,37,119,NC 
28287,Charlotte,North Carolina ,MECKLENBURG,37,119,NC 
28289,Charlotte,North Carolina ,MECKLENBURG,37,119,NC 
28290,Charlotte,North Carolina ,MECKLENBURG,37,119,NC 
28299,Charlotte,North Carolina ,MECKLENBURG,37,119,NC 
28302,Fayetteville,North Carolina ,CUMBERLAND,37,051,NC 
28301,Fayetteville,North Carolina ,CUMBERLAND,37,051,NC 
28301,Fayetteville,North Carolina ,CUMBERLAND,37,051,NC 
28296,Charlotte,North Carolina ,MECKLENBURG,37,119,NC 
28297,Charlotte,North Carolina ,MECKLENBURG,37,119,NC 
28303,Fayetteville,North Carolina ,CUMBERLAND,37,051,NC 
28308,Pope Army Airfield,North Carolina ,CUMBERLAND,37,051,NC 
28304,Fayetteville,North Carolina ,CUMBERLAND,37,051,NC 
28305,Fayetteville,North Carolina ,CUMBERLAND,37,051,NC 
28309,Fayetteville,North Carolina ,CUMBERLAND,37,051,NC 
28310,Fort Bragg,North Carolina ,CUMBERLAND,37,051,NC 
28306,Fayetteville,North Carolina ,CUMBERLAND,37,051,NC 
28307,Fort Bragg,North Carolina ,CUMBERLAND,37,051,NC 
28311,Fayetteville,North Carolina ,CUMBERLAND,37,051,NC 
28314,Fayetteville,North Carolina ,CUMBERLAND,37,051,NC 
28312,Fayetteville,North Carolina ,CUMBERLAND,37,051,NC 
28323,Bunnlevel,North Carolina ,HARNETT,37,085,NC 
28325,Calypso,North Carolina ,DUPLIN,37,061,NC 
28318,Autryville,North Carolina ,SAMPSON,37,163,NC 
28319,Barnesville,North Carolina ,ROBESON,37,155,NC 
28320,Bladenboro,North Carolina ,BLADEN,37,017,NC 
28315,Aberdeen,North Carolina ,MOORE,37,125,NC 
28328,Clinton,North Carolina ,SAMPSON,37,163,NC 
28326,Cameron,North Carolina ,HARNETT,37,085,NC 
28327,Carthage,North Carolina ,MOORE,37,125,NC 
28332,Dublin,North Carolina ,BLADEN,37,017,NC 
28331,Cumberland,North Carolina ,CUMBERLAND,37,051,NC 
28329,Clinton,North Carolina ,SAMPSON,37,163,NC 
28330,Cordova,North Carolina ,RICHMOND,37,153,NC 
28333,Dudley,North Carolina ,WAYNE,37,191,NC 
28334,Dunn,North Carolina ,HARNETT,37,085,NC 
28338,Ellerbe,North Carolina ,RICHMOND,37,153,NC 
28335,Dunn,North Carolina ,HARNETT,37,085,NC 
28341,Faison,North Carolina ,DUPLIN,37,061,NC 
28337,Elizabethtown,North Carolina ,BLADEN,37,017,NC 
28342,Falcon,North Carolina ,CUMBERLAND,37,051,NC 
28339,Erwin,North Carolina ,HARNETT,37,085,NC 
28340,Fairmont,North Carolina ,ROBESON,37,155,NC 
28343,Gibson,North Carolina ,SCOTLAND,37,165,NC 
28348,Hope Mills,North Carolina ,CUMBERLAND,37,051,NC 
28350,Lakeview,North Carolina ,MOORE,37,125,NC 
28349,Kenansville,North Carolina ,DUPLIN,37,061,NC 
28347,Hoffman,North Carolina ,RICHMOND,37,153,NC 
28345,Hamlet,North Carolina ,RICHMOND,37,153,NC 
28351,Laurel Hill,North Carolina ,SCOTLAND,37,165,NC 
28344,Godwin,North Carolina ,SAMPSON,37,163,NC 
28352,Laurinburg,North Carolina ,SCOTLAND,37,165,NC 
28353,Laurinburg,North Carolina ,SCOTLAND,37,165,NC 
28356,Linden,North Carolina ,CUMBERLAND,37,051,NC 
28358,Lumberton,North Carolina ,ROBESON,37,155,NC 
28360,Lumberton,North Carolina ,ROBESON,37,155,NC 
28359,Lumberton,North Carolina ,ROBESON,37,155,NC 
28357,Lumber Bridge,North Carolina ,ROBESON,37,155,NC 
28355,Lemon Springs,North Carolina ,LEE,37,105,NC 
28362,Marietta,North Carolina ,ROBESON,37,155,NC 
28363,Marston,North Carolina ,RICHMOND,37,153,NC 
28364,Maxton,North Carolina ,ROBESON,37,155,NC 
28367,Norman,North Carolina ,RICHMOND,37,153,NC 
28365,Mount Olive,North Carolina ,WAYNE,37,191,NC 
28366,Newton Grove,North Carolina ,SAMPSON,37,163,NC 
28369,Orrum,North Carolina ,ROBESON,37,155,NC 
28370,Pinehurst,North Carolina ,MOORE,37,125,NC 
28368,Olivia,North Carolina ,HARNETT,37,085,NC 
28371,Parkton,North Carolina ,ROBESON,37,155,NC 
28372,Pembroke,North Carolina ,ROBESON,37,155,NC 
28373,Pinebluff,North Carolina ,MOORE,37,125,NC 
28376,Raeford,North Carolina ,HOKE,37,093,NC 
28377,Red Springs,North Carolina ,ROBESON,37,155,NC 
28375,Proctorville,North Carolina ,ROBESON,37,155,NC 
28378,Rex,North Carolina ,ROBESON,37,155,NC 
28374,Pinehurst,North Carolina ,MOORE,37,125,NC 
28379,Rockingham,North Carolina ,RICHMOND,37,153,NC 
28380,Rockingham,North Carolina ,RICHMOND,37,153,NC 
28385,Salemburg,North Carolina ,SAMPSON,37,163,NC 
28382,Roseboro,North Carolina ,SAMPSON,37,163,NC 
28384,Saint Pauls,North Carolina ,ROBESON,37,155,NC 
28387,Southern Pines,North Carolina ,MOORE,37,125,NC 
28388,Southern Pines,North Carolina ,MOORE,37,125,NC 
28383,Rowland,North Carolina ,ROBESON,37,155,NC 
28386,Shannon,North Carolina ,ROBESON,37,155,NC 
28390,Spring Lake,North Carolina ,CUMBERLAND,37,051,NC 
28392,Tar Heel,North Carolina ,BLADEN,37,017,NC 
28396,Wagram,North Carolina ,SCOTLAND,37,165,NC 
28398,Warsaw,North Carolina ,DUPLIN,37,061,NC 
28394,Vass,North Carolina ,MOORE,37,125,NC 
28393,Turkey,North Carolina ,SAMPSON,37,163,NC 
28391,Stedman,North Carolina ,CUMBERLAND,37,051,NC 
28395,Wade,North Carolina ,CUMBERLAND,37,051,NC 
28399,White Oak,North Carolina ,BLADEN,37,017,NC 
28405,Wilmington,North Carolina ,NEW HANOVER,37,129,NC 
28402,Wilmington,North Carolina ,NEW HANOVER,37,129,NC 
28403,Wilmington,North Carolina ,NEW HANOVER,37,129,NC 
28406,Wilmington,North Carolina ,NEW HANOVER,37,129,NC 
28401,Wilmington,North Carolina ,NEW HANOVER,37,129,NC 
28407,Wilmington,North Carolina ,NEW HANOVER,37,129,NC 
28404,Wilmington,North Carolina ,NEW HANOVER,37,129,NC 
28408,Wilmington,North Carolina ,NEW HANOVER,37,129,NC 
28422,Bolivia,North Carolina ,BRUNSWICK,37,019,NC 
28410,Wilmington,North Carolina ,NEW HANOVER,37,129,NC 
28423,Bolton,North Carolina ,COLUMBUS,37,047,NC 
28420,Ash,North Carolina ,BRUNSWICK,37,019,NC 
28421,Atkinson,North Carolina ,PENDER,37,141,NC 
28411,Wilmington,North Carolina ,NEW HANOVER,37,129,NC 
28412,Wilmington,North Carolina ,NEW HANOVER,37,129,NC 
28409,Wilmington,North Carolina ,NEW HANOVER,37,129,NC 
28431,Chadbourn,North Carolina ,COLUMBUS,37,047,NC 
28432,Clarendon,North Carolina ,COLUMBUS,37,047,NC 
28430,Cerro Gordo,North Carolina ,COLUMBUS,37,047,NC 
28424,Brunswick,North Carolina ,COLUMBUS,37,047,NC 
28433,Clarkton,North Carolina ,BLADEN,37,017,NC 
28425,Burgaw,North Carolina ,PENDER,37,141,NC 
28428,Carolina Beach,North Carolina ,NEW HANOVER,37,129,NC 
28429,Castle Hayne,North Carolina ,NEW HANOVER,37,129,NC 
28434,Council,North Carolina ,BLADEN,37,017,NC 
28435,Currie,North Carolina ,PENDER,37,141,NC 
28443,Hampstead,North Carolina ,PENDER,37,141,NC 
28441,Garland,North Carolina ,SAMPSON,37,163,NC 
28439,Fair Bluff,North Carolina ,COLUMBUS,37,047,NC 
28442,Hallsboro,North Carolina ,COLUMBUS,37,047,NC 
28438,Evergreen,North Carolina ,COLUMBUS,37,047,NC 
28436,Delco,North Carolina ,COLUMBUS,37,047,NC 
28444,Harrells,North Carolina ,SAMPSON,37,163,NC 
28445,Holly Ridge,North Carolina ,ONSLOW,37,133,NC 
28451,Leland,North Carolina ,BRUNSWICK,37,019,NC 
28452,Longwood,North Carolina ,BRUNSWICK,37,019,NC 
28450,Lake Waccamaw,North Carolina ,COLUMBUS,37,047,NC 
28449,Kure Beach,North Carolina ,NEW HANOVER,37,129,NC 
28447,Ivanhoe,North Carolina ,SAMPSON,37,163,NC 
28448,Kelly,North Carolina ,BLADEN,37,017,NC 
28453,Magnolia,North Carolina ,DUPLIN,37,061,NC 
28454,Maple Hill,North Carolina ,PENDER,37,141,NC 
28460,Sneads Ferry,North Carolina ,ONSLOW,37,133,NC 
28455,Nakina,North Carolina ,COLUMBUS,37,047,NC 
28457,Rocky Point,North Carolina ,PENDER,37,141,NC 
28459,Shallotte,North Carolina ,BRUNSWICK,37,019,NC 
28456,Riegelwood,North Carolina ,COLUMBUS,37,047,NC 
28458,Rose Hill,North Carolina ,DUPLIN,37,061,NC 
28461,Southport,North Carolina ,BRUNSWICK,37,019,NC 
28462,Supply,North Carolina ,BRUNSWICK,37,019,NC 
28467,Calabash,North Carolina ,BRUNSWICK,37,019,NC 
28464,Teachey,North Carolina ,DUPLIN,37,061,NC 
28463,Tabor City,North Carolina ,COLUMBUS,37,047,NC 
28466,Wallace,North Carolina ,DUPLIN,37,061,NC 
28468,Sunset Beach,North Carolina ,BRUNSWICK,37,019,NC 
28465,Oak Island,North Carolina ,BRUNSWICK,37,019,NC 
28469,Ocean Isle Beach,North Carolina ,BRUNSWICK,37,019,NC 
28472,Whiteville,North Carolina ,COLUMBUS,37,047,NC 
28480,Wrightsville Beach,North Carolina ,NEW HANOVER,37,129,NC 
28470,Shallotte,North Carolina ,BRUNSWICK,37,019,NC 
28502,Kinston,North Carolina ,LENOIR,37,107,NC 
28478,Willard,North Carolina ,PENDER,37,141,NC 
28501,Kinston,North Carolina ,LENOIR,37,107,NC 
28479,Winnabow,North Carolina ,BRUNSWICK,37,019,NC 
28503,Kinston,North Carolina ,LENOIR,37,107,NC 
28510,Arapahoe,North Carolina ,PAMLICO,37,137,NC 
28511,Atlantic,North Carolina ,CARTERET,37,031,NC 
28512,Atlantic Beach,North Carolina ,CARTERET,37,031,NC 
28515,Bayboro,North Carolina ,PAMLICO,37,137,NC 
28508,Albertson,North Carolina ,DUPLIN,37,061,NC 
28504,Kinston,North Carolina ,LENOIR,37,107,NC 
28509,Alliance,North Carolina ,PAMLICO,37,137,NC 
28513,Ayden,North Carolina ,PITT,37,147,NC 
28522,Comfort,North Carolina ,JONES,37,103,NC 
28519,Bridgeton,North Carolina ,CRAVEN,37,049,NC 
28521,Chinquapin,North Carolina ,DUPLIN,37,061,NC 
28516,Beaufort,North Carolina ,CARTERET,37,031,NC 
28523,Cove City,North Carolina ,CRAVEN,37,049,NC 
28518,Beulaville,North Carolina ,DUPLIN,37,061,NC 
28520,Cedar Island,North Carolina ,CARTERET,37,031,NC 
28524,Davis,North Carolina ,CARTERET,37,031,NC 
28525,Deep Run,North Carolina ,LENOIR,37,107,NC 
28529,Grantsboro,North Carolina ,PAMLICO,37,137,NC 
28532,Havelock,North Carolina ,CRAVEN,37,049,NC 
28527,Ernul,North Carolina ,CRAVEN,37,049,NC 
28531,Harkers Island,North Carolina ,CARTERET,37,031,NC 
28528,Gloucester,North Carolina ,CARTERET,37,031,NC 
28530,Grifton,North Carolina ,PITT,37,147,NC 
28526,Dover,North Carolina ,CRAVEN,37,049,NC 
28533,Cherry Point,North Carolina ,CRAVEN,37,049,NC 
28537,Hobucken,North Carolina ,PAMLICO,37,137,NC 
28541,Jacksonville,North Carolina ,ONSLOW,37,133,NC 
28542,Camp Lejeune,North Carolina ,ONSLOW,37,133,NC 
28538,Hookerton,North Carolina ,GREENE,37,079,NC 
28540,Jacksonville,North Carolina ,ONSLOW,37,133,NC 
28539,Hubert,North Carolina ,ONSLOW,37,133,NC 
28543,Tarawa Terrace,North Carolina ,ONSLOW,37,133,NC 
28544,Midway Park,North Carolina ,ONSLOW,37,133,NC 
28546,Jacksonville,North Carolina ,ONSLOW,37,133,NC 
28545,Mccutcheon Field,North Carolina ,ONSLOW,37,133,NC 
28552,Lowland,North Carolina ,PAMLICO,37,137,NC 
28553,Marshallberg,North Carolina ,CARTERET,37,031,NC 
28551,La Grange,North Carolina ,LENOIR,37,107,NC 
28554,Maury,North Carolina ,GREENE,37,079,NC 
28547,Camp Lejeune,North Carolina ,ONSLOW,37,133,NC 
28555,Maysville,North Carolina ,JONES,37,103,NC 
28556,Merritt,North Carolina ,PAMLICO,37,137,NC 
28562,New Bern,North Carolina ,CRAVEN,37,049,NC 
28560,New Bern,North Carolina ,CRAVEN,37,049,NC 
28561,New Bern,North Carolina ,CRAVEN,37,049,NC 
28563,New Bern,North Carolina ,CRAVEN,37,049,NC 
28570,Newport,North Carolina ,CARTERET,37,031,NC 
28557,Morehead City,North Carolina ,CARTERET,37,031,NC 
28564,New Bern,North Carolina ,CRAVEN,37,049,NC 
28571,Oriental,North Carolina ,PAMLICO,37,137,NC 
28574,Richlands,North Carolina ,ONSLOW,37,133,NC 
28575,Salter Path,North Carolina ,CARTERET,37,031,NC 
28577,Sealevel,North Carolina ,CARTERET,37,031,NC 
28578,Seven Springs,North Carolina ,WAYNE,37,191,NC 
28579,Smyrna,North Carolina ,CARTERET,37,031,NC 
28573,Pollocksville,North Carolina ,JONES,37,103,NC 
28572,Pink Hill,North Carolina ,LENOIR,37,107,NC 
28582,Stella,North Carolina ,CARTERET,37,031,NC 
28585,Trenton,North Carolina ,JONES,37,103,NC 
28586,Vanceboro,North Carolina ,CRAVEN,37,049,NC 
28580,Snow Hill,North Carolina ,GREENE,37,079,NC 
28583,Stonewall,North Carolina ,PAMLICO,37,137,NC 
28581,Stacy,North Carolina ,CARTERET,37,031,NC 
28584,Swansboro,North Carolina ,ONSLOW,37,133,NC 
28587,Vandemere,North Carolina ,PAMLICO,37,137,NC 
28590,Winterville,North Carolina ,PITT,37,147,NC 
28589,Williston,North Carolina ,CARTERET,37,031,NC 
28594,Emerald Isle,North Carolina ,CARTERET,37,031,NC 
28602,Hickory,North Carolina ,CATAWBA,37,035,NC 
28604,Banner Elk,North Carolina ,AVERY,37,011,NC 
28601,Hickory,North Carolina ,CATAWBA,37,035,NC 
28603,Hickory,North Carolina ,CATAWBA,37,035,NC 
28605,Blowing Rock,North Carolina ,WATAUGA,37,189,NC 
28606,Boomer,North Carolina ,WILKES,37,193,NC 
28613,Conover,North Carolina ,CATAWBA,37,035,NC 
28610,Claremont,North Carolina ,CATAWBA,37,035,NC 
28607,Boone,North Carolina ,WATAUGA,37,189,NC 
28611,Collettsville,North Carolina ,CALDWELL,37,027,NC 
28612,Connelly Springs,North Carolina ,BURKE,37,023,NC 
28608,Boone,North Carolina ,WATAUGA,37,189,NC 
28609,Catawba,North Carolina ,CATAWBA,37,035,NC 
28615,Creston,North Carolina ,ASHE,37,009,NC 
28618,Deep Gap,North Carolina ,WATAUGA,37,189,NC 
28617,Crumpler,North Carolina ,ASHE,37,009,NC 
28616,Crossnore,North Carolina ,AVERY,37,011,NC 
28622,Elk Park,North Carolina ,AVERY,37,011,NC 
28621,Elkin,North Carolina ,SURRY,37,171,NC 
28619,Drexel,North Carolina ,BURKE,37,023,NC 
28623,Ennice,North Carolina ,ALLEGHANY,37,005,NC 
28624,Ferguson,North Carolina ,WILKES,37,193,NC 
28627,Glade Valley,North Carolina ,ALLEGHANY,37,005,NC 
28629,Glendale Springs,North Carolina ,ASHE,37,009,NC 
28626,Fleetwood,North Carolina ,ASHE,37,009,NC 
28628,Glen Alpine,North Carolina ,BURKE,37,023,NC 
28625,Statesville,North Carolina ,IREDELL,37,097,NC 
28630,Granite Falls,North Carolina ,CALDWELL,37,027,NC 
28631,Grassy Creek,North Carolina ,ASHE,37,009,NC 
28633,Lenoir,North Carolina ,CALDWELL,37,027,NC 
28636,Hiddenite,North Carolina ,ALEXANDER,37,003,NC 
28634,Harmony,North Carolina ,IREDELL,37,097,NC 
28637,Hildebran,North Carolina ,BURKE,37,023,NC 
28642,Jonesville,North Carolina ,YADKIN,37,197,NC 
28638,Hudson,North Carolina ,CALDWELL,37,027,NC 
28635,Hays,North Carolina ,WILKES,37,193,NC 
28641,Jonas Ridge,North Carolina ,BURKE,37,023,NC 
28640,Jefferson,North Carolina ,ASHE,37,009,NC 
28643,Lansing,North Carolina ,ASHE,37,009,NC 
28650,Maiden,North Carolina ,CATAWBA,37,035,NC 
28644,Laurel Springs,North Carolina ,ALLEGHANY,37,005,NC 
28647,Linville Falls,North Carolina ,BURKE,37,023,NC 
28651,Millers Creek,North Carolina ,WILKES,37,193,NC 
28649,Mc Grady,North Carolina ,WILKES,37,193,NC 
28645,Lenoir,North Carolina ,CALDWELL,37,027,NC 
28646,Linville,North Carolina ,AVERY,37,011,NC 
28652,Minneapolis,North Carolina ,AVERY,37,011,NC 
28654,Moravian Falls,North Carolina ,WILKES,37,193,NC 
28655,Morganton,North Carolina ,BURKE,37,023,NC 
28653,Montezuma,North Carolina ,AVERY,37,011,NC 
28658,Newton,North Carolina ,CATAWBA,37,035,NC 
28659,North Wilkesboro,North Carolina ,WILKES,37,193,NC 
28656,North Wilkesboro,North Carolina ,WILKES,37,193,NC 
28657,Newland,North Carolina ,AVERY,37,011,NC 
28660,Olin,North Carolina ,IREDELL,37,097,NC 
28661,Patterson,North Carolina ,CALDWELL,37,027,NC 
28663,Piney Creek,North Carolina ,ALLEGHANY,37,005,NC 
28662,Pineola,North Carolina ,AVERY,37,011,NC 
28664,Plumtree,North Carolina ,AVERY,37,011,NC 
28665,Purlear,North Carolina ,WILKES,37,193,NC 
28666,Icard,North Carolina ,BURKE,37,023,NC 
28667,Rhodhiss,North Carolina ,CALDWELL,37,027,NC 
28668,Roaring Gap,North Carolina ,ALLEGHANY,37,005,NC 
28669,Roaring River,North Carolina ,WILKES,37,193,NC 
28671,Rutherford College,North Carolina ,BURKE,37,023,NC 
28670,Ronda,North Carolina ,WILKES,37,193,NC 
28673,Sherrills Ford,North Carolina ,CATAWBA,37,035,NC 
28672,Scottville,North Carolina ,ASHE,37,009,NC 
28675,Sparta,North Carolina ,ALLEGHANY,37,005,NC 
28677,Statesville,North Carolina ,IREDELL,37,097,NC 
28676,State Road,North Carolina ,SURRY,37,171,NC 
28678,Stony Point,North Carolina ,ALEXANDER,37,003,NC 
28679,Sugar Grove,North Carolina ,WATAUGA,37,189,NC 
28680,Morganton,North Carolina ,BURKE,37,023,NC 
28685,Traphill,North Carolina ,WILKES,37,193,NC 
28683,Thurmond,North Carolina ,WILKES,37,193,NC 
28682,Terrell,North Carolina ,CATAWBA,37,035,NC 
28681,Taylorsville,North Carolina ,ALEXANDER,37,003,NC 
28684,Todd,North Carolina ,ASHE,37,009,NC 
28687,Statesville,North Carolina ,IREDELL,37,097,NC 
28688,Turnersburg,North Carolina ,IREDELL,37,097,NC 
28694,West Jefferson,North Carolina ,ASHE,37,009,NC 
28690,Valdese,North Carolina ,BURKE,37,023,NC 
28689,Union Grove,North Carolina ,IREDELL,37,097,NC 
28692,Vilas,North Carolina ,WATAUGA,37,189,NC 
28691,Valle Crucis,North Carolina ,WATAUGA,37,189,NC 
28693,Warrensville,North Carolina ,ASHE,37,009,NC 
28697,Wilkesboro,North Carolina ,WILKES,37,193,NC 
28698,Zionville,North Carolina ,WATAUGA,37,189,NC 
28705,Bakersville,North Carolina ,MITCHELL,37,121,NC 
28699,Scotts,North Carolina ,IREDELL,37,097,NC 
28701,Alexander,North Carolina ,BUNCOMBE,37,021,NC 
28704,Arden,North Carolina ,BUNCOMBE,37,021,NC 
28702,Almond,North Carolina ,SWAIN,37,173,NC 
28707,Balsam,North Carolina ,JACKSON,37,099,NC 
28708,Balsam Grove,North Carolina ,TRANSYLVANIA,37,175,NC 
28709,Barnardsville,North Carolina ,BUNCOMBE,37,021,NC 
28713,Bryson City,North Carolina ,SWAIN,37,173,NC 
28711,Black Mountain,North Carolina ,BUNCOMBE,37,021,NC 
28710,Bat Cave,North Carolina ,HENDERSON,37,089,NC 
28716,Canton,North Carolina ,HAYWOOD,37,087,NC 
28717,Cashiers,North Carolina ,JACKSON,37,099,NC 
28714,Burnsville,North Carolina ,YANCEY,37,199,NC 
28715,Candler,North Carolina ,BUNCOMBE,37,021,NC 
28712,Brevard,North Carolina ,TRANSYLVANIA,37,175,NC 
28718,Cedar Mountain,North Carolina ,TRANSYLVANIA,37,175,NC 
28719,Cherokee,North Carolina ,SWAIN,37,173,NC 
28725,Dillsboro,North Carolina ,JACKSON,37,099,NC 
28723,Cullowhee,North Carolina ,JACKSON,37,099,NC 
28722,Columbus,North Carolina ,POLK,37,149,NC 
28724,Dana,North Carolina ,HENDERSON,37,089,NC 
28721,Clyde,North Carolina ,HAYWOOD,37,087,NC 
28720,Chimney Rock,North Carolina ,RUTHERFORD,37,161,NC 
28727,Edneyville,North Carolina ,HENDERSON,37,089,NC 
28728,Enka,North Carolina ,BUNCOMBE,37,021,NC 
28726,East Flat Rock,North Carolina ,HENDERSON,37,089,NC 
28733,Fontana Dam,North Carolina ,GRAHAM,37,075,NC 
28729,Etowah,North Carolina ,HENDERSON,37,089,NC 
28731,Flat Rock,North Carolina ,HENDERSON,37,089,NC 
28732,Fletcher,North Carolina ,HENDERSON,37,089,NC 
28730,Fairview,North Carolina ,BUNCOMBE,37,021,NC 
28734,Franklin,North Carolina ,MACON,37,113,NC 
28738,Hazelwood,North Carolina ,HAYWOOD,37,087,NC 
28735,Gerton,North Carolina ,HENDERSON,37,089,NC 
28741,Highlands,North Carolina ,MACON,37,113,NC 
28740,Green Mountain,North Carolina ,YANCEY,37,199,NC 
28739,Hendersonville,North Carolina ,HENDERSON,37,089,NC 
28737,Glenwood,North Carolina ,MCDOWELL,37,111,NC 
28736,Glenville,North Carolina ,JACKSON,37,099,NC 
28742,Horse Shoe,North Carolina ,HENDERSON,37,089,NC 
28749,Little Switzerland,North Carolina ,MCDOWELL,37,111,NC 
28745,Lake Junaluska,North Carolina ,HAYWOOD,37,087,NC 
28744,Franklin,North Carolina ,MACON,37,113,NC 
28746,Lake Lure,North Carolina ,RUTHERFORD,37,161,NC 
28748,Leicester,North Carolina ,BUNCOMBE,37,021,NC 
28743,Hot Springs,North Carolina ,MADISON,37,115,NC 
28747,Lake Toxaway,North Carolina ,TRANSYLVANIA,37,175,NC 
28750,Lynn,North Carolina ,POLK,37,149,NC 
28754,Mars Hill,North Carolina ,MADISON,37,115,NC 
28757,Montreat,North Carolina ,BUNCOMBE,37,021,NC 
28751,Maggie Valley,North Carolina ,HAYWOOD,37,087,NC 
28753,Marshall,North Carolina ,MADISON,37,115,NC 
28756,Mill Spring,North Carolina ,POLK,37,149,NC 
28752,Marion,North Carolina ,MCDOWELL,37,111,NC 
28755,Micaville,North Carolina ,YANCEY,37,199,NC 
28758,Mountain Home,North Carolina ,HENDERSON,37,089,NC 
28759,Mills River,North Carolina ,HENDERSON,37,089,NC 
28761,Nebo,North Carolina ,MCDOWELL,37,111,NC 
28763,Otto,North Carolina ,MACON,37,113,NC 
28768,Pisgah Forest,North Carolina ,TRANSYLVANIA,37,175,NC 
28760,Naples,North Carolina ,HENDERSON,37,089,NC 
28762,Old Fort,North Carolina ,MCDOWELL,37,111,NC 
28765,Penland,North Carolina ,MITCHELL,37,121,NC 
28766,Penrose,North Carolina ,TRANSYLVANIA,37,175,NC 
28770,Ridgecrest,North Carolina ,BUNCOMBE,37,021,NC 
28771,Robbinsville,North Carolina ,GRAHAM,37,075,NC 
28772,Rosman,North Carolina ,TRANSYLVANIA,37,175,NC 
28775,Scaly Mountain,North Carolina ,MACON,37,113,NC 
28774,Sapphire,North Carolina ,TRANSYLVANIA,37,175,NC 
28777,Spruce Pine,North Carolina ,MITCHELL,37,121,NC 
28773,Saluda,North Carolina ,POLK,37,149,NC 
28776,Skyland,North Carolina ,BUNCOMBE,37,021,NC 
28778,Swannanoa,North Carolina ,BUNCOMBE,37,021,NC 
28781,Topton,North Carolina ,CHEROKEE,37,039,NC 
28786,Waynesville,North Carolina ,HAYWOOD,37,087,NC 
28784,Tuxedo,North Carolina ,HENDERSON,37,089,NC 
28783,Tuckasegee,North Carolina ,JACKSON,37,099,NC 
28785,Waynesville,North Carolina ,HAYWOOD,37,087,NC 
28782,Tryon,North Carolina ,POLK,37,149,NC 
28779,Sylva,North Carolina ,JACKSON,37,099,NC 
28787,Weaverville,North Carolina ,BUNCOMBE,37,021,NC 
28788,Webster,North Carolina ,JACKSON,37,099,NC 
28789,Whittier,North Carolina ,JACKSON,37,099,NC 
28792,Hendersonville,North Carolina ,HENDERSON,37,089,NC 
28793,Hendersonville,North Carolina ,HENDERSON,37,089,NC 
28791,Hendersonville,North Carolina ,HENDERSON,37,089,NC 
28790,Zirconia,North Carolina ,HENDERSON,37,089,NC 
28801,Asheville,North Carolina ,BUNCOMBE,37,021,NC 
28802,Asheville,North Carolina ,BUNCOMBE,37,021,NC 
28803,Asheville,North Carolina ,BUNCOMBE,37,021,NC 
28804,Asheville,North Carolina ,BUNCOMBE,37,021,NC 
28806,Asheville,North Carolina ,BUNCOMBE,37,021,NC 
28814,Asheville,North Carolina ,BUNCOMBE,37,021,NC 
28810,Asheville,North Carolina ,BUNCOMBE,37,021,NC 
28813,Asheville,North Carolina ,BUNCOMBE,37,021,NC 
28805,Asheville,North Carolina ,BUNCOMBE,37,021,NC 
28815,Asheville,North Carolina ,BUNCOMBE,37,021,NC 
28816,Asheville,North Carolina ,BUNCOMBE,37,021,NC 
28901,Andrews,North Carolina ,CHEROKEE,37,039,NC 
28902,Brasstown,North Carolina ,CLAY,37,043,NC 
28905,Marble,North Carolina ,CHEROKEE,37,039,NC 
28903,Culberson,North Carolina ,CHEROKEE,37,039,NC 
28906,Murphy,North Carolina ,CHEROKEE,37,039,NC 
28904,Hayesville,North Carolina ,CLAY,37,043,NC 
28909,Warne,North Carolina ,CLAY,37,043,NC 
