43008,Buckeye Lake,Ohio ,LICKING,39,089,OH 
43003,Ashley,Ohio ,DELAWARE,39,041,OH 
43004,Blacklick,Ohio ,FRANKLIN,39,049,OH 
43005,Bladensburg,Ohio ,KNOX,39,083,OH 
43002,Amlin,Ohio ,FRANKLIN,39,049,OH 
43001,Alexandria,Ohio ,LICKING,39,089,OH 
43007,Broadway,Ohio ,UNION,39,159,OH 
43006,Brinkhaven,Ohio ,KNOX,39,083,OH 
43009,Cable,Ohio ,CHAMPAIGN,39,021,OH 
43010,Catawba,Ohio ,CLARK,39,023,OH 
43013,Croton,Ohio ,LICKING,39,089,OH 
43015,Delaware,Ohio ,DELAWARE,39,041,OH 
43011,Centerburg,Ohio ,KNOX,39,083,OH 
43016,Dublin,Ohio ,FRANKLIN,39,049,OH 
43014,Danville,Ohio ,KNOX,39,083,OH 
43017,Dublin,Ohio ,FRANKLIN,39,049,OH 
43018,Etna,Ohio ,LICKING,39,089,OH 
43021,Galena,Ohio ,DELAWARE,39,041,OH 
43022,Gambier,Ohio ,KNOX,39,083,OH 
43019,Fredericktown,Ohio ,KNOX,39,083,OH 
43026,Hilliard,Ohio ,FRANKLIN,39,049,OH 
43025,Hebron,Ohio ,LICKING,39,089,OH 
43027,Homer,Ohio ,LICKING,39,089,OH 
43023,Granville,Ohio ,LICKING,39,089,OH 
43028,Howard,Ohio ,KNOX,39,083,OH 
43032,Kilbourne,Ohio ,DELAWARE,39,041,OH 
43035,Lewis Center,Ohio ,DELAWARE,39,041,OH 
43036,Magnetic Springs,Ohio ,UNION,39,159,OH 
43031,Johnstown,Ohio ,LICKING,39,089,OH 
43030,Jacksontown,Ohio ,LICKING,39,089,OH 
43029,Irwin,Ohio ,UNION,39,159,OH 
43033,Kirkersville,Ohio ,LICKING,39,089,OH 
43037,Martinsburg,Ohio ,KNOX,39,083,OH 
43047,Mingo,Ohio ,CHAMPAIGN,39,021,OH 
43040,Marysville,Ohio ,UNION,39,159,OH 
43045,Milford Center,Ohio ,UNION,39,159,OH 
43048,Mount Liberty,Ohio ,KNOX,39,083,OH 
43041,Marysville,Ohio ,UNION,39,159,OH 
43046,Millersport,Ohio ,FAIRFIELD,39,045,OH 
43044,Mechanicsburg,Ohio ,CHAMPAIGN,39,021,OH 
43050,Mount Vernon,Ohio ,KNOX,39,083,OH 
43058,Newark,Ohio ,LICKING,39,089,OH 
43061,Ostrander,Ohio ,DELAWARE,39,041,OH 
43062,Pataskala,Ohio ,LICKING,39,089,OH 
43055,Newark,Ohio ,LICKING,39,089,OH 
43054,New Albany,Ohio ,FRANKLIN,39,049,OH 
43056,Heath,Ohio ,LICKING,39,089,OH 
43060,North Lewisburg,Ohio ,CHAMPAIGN,39,021,OH 
43064,Plain City,Ohio ,MADISON,39,097,OH 
43065,Powell,Ohio ,DELAWARE,39,041,OH 
43066,Radnor,Ohio ,DELAWARE,39,041,OH 
43072,Saint Paris,Ohio ,CHAMPAIGN,39,021,OH 
43067,Raymond,Ohio ,UNION,39,159,OH 
43071,Saint Louisville,Ohio ,LICKING,39,089,OH 
43069,Reynoldsburg,Ohio ,FRANKLIN,39,049,OH 
43068,Reynoldsburg,Ohio ,FRANKLIN,39,049,OH 
43070,Rosewood,Ohio ,CHAMPAIGN,39,021,OH 
43073,Summit Station,Ohio ,LICKING,39,089,OH 
43077,Unionville Center,Ohio ,UNION,39,159,OH 
43082,Westerville,Ohio ,DELAWARE,39,041,OH 
43078,Urbana,Ohio ,CHAMPAIGN,39,021,OH 
43076,Thornville,Ohio ,PERRY,39,127,OH 
43074,Sunbury,Ohio ,DELAWARE,39,041,OH 
43081,Westerville,Ohio ,FRANKLIN,39,049,OH 
43080,Utica,Ohio ,LICKING,39,089,OH 
43085,Columbus,Ohio ,FRANKLIN,39,049,OH 
43101,Adelphi,Ohio ,ROSS,39,141,OH 
43084,Woodstock,Ohio ,CHAMPAIGN,39,021,OH 
43103,Ashville,Ohio ,PICKAWAY,39,129,OH 
43102,Amanda,Ohio ,FAIRFIELD,39,045,OH 
43083,Westville,Ohio ,CHAMPAIGN,39,021,OH 
43093,Newark,Ohio ,LICKING,39,089,OH 
43086,Westerville,Ohio ,FRANKLIN,39,049,OH 
43109,Brice,Ohio ,FRANKLIN,39,049,OH 
43107,Bremen,Ohio ,FAIRFIELD,39,045,OH 
43111,Carbon Hill,Ohio ,HOCKING,39,073,OH 
43105,Baltimore,Ohio ,FAIRFIELD,39,045,OH 
43110,Canal Winchester,Ohio ,FRANKLIN,39,049,OH 
43107,Bremen,Ohio ,FAIRFIELD,39,045,OH 
43112,Carroll,Ohio ,FAIRFIELD,39,045,OH 
43106,Bloomingburg,Ohio ,FAYETTE,39,047,OH 
43113,Circleville,Ohio ,PICKAWAY,39,129,OH 
43125,Groveport,Ohio ,FRANKLIN,39,049,OH 
43117,Derby,Ohio ,PICKAWAY,39,129,OH 
43126,Harrisburg,Ohio ,FRANKLIN,39,049,OH 
43115,Clarksburg,Ohio ,ROSS,39,141,OH 
43119,Galloway,Ohio ,FRANKLIN,39,049,OH 
43123,Grove City,Ohio ,FRANKLIN,39,049,OH 
43116,Commercial Point,Ohio ,PICKAWAY,39,129,OH 
43127,Haydenville,Ohio ,HOCKING,39,073,OH 
43128,Jeffersonville,Ohio ,FAYETTE,39,047,OH 
43130,Lancaster,Ohio ,FAIRFIELD,39,045,OH 
43135,Laurelville,Ohio ,HOCKING,39,073,OH 
43137,Lockbourne,Ohio ,FRANKLIN,39,049,OH 
43138,Logan,Ohio ,HOCKING,39,073,OH 
43140,London,Ohio ,MADISON,39,097,OH 
43136,Lithopolis,Ohio ,FAIRFIELD,39,045,OH 
43142,Milledgeville,Ohio ,FAYETTE,39,047,OH 
43143,Mount Sterling,Ohio ,MADISON,39,097,OH 
43148,Pleasantville,Ohio ,FAIRFIELD,39,045,OH 
43145,New Holland,Ohio ,PICKAWAY,39,129,OH 
43147,Pickerington,Ohio ,FAIRFIELD,39,045,OH 
43146,Orient,Ohio ,PICKAWAY,39,129,OH 
43144,Murray City,Ohio ,HOCKING,39,073,OH 
43149,Rockbridge,Ohio ,HOCKING,39,073,OH 
43150,Rushville,Ohio ,FAIRFIELD,39,045,OH 
43151,Sedalia,Ohio ,MADISON,39,097,OH 
43154,Stoutsville,Ohio ,FAIRFIELD,39,045,OH 
43157,Thurston,Ohio ,FAIRFIELD,39,045,OH 
43158,Union Furnace,Ohio ,HOCKING,39,073,OH 
43155,Sugar Grove,Ohio ,FAIRFIELD,39,045,OH 
43152,South Bloomingville,Ohio ,HOCKING,39,073,OH 
43153,South Solon,Ohio ,MADISON,39,097,OH 
43156,Tarlton,Ohio ,PICKAWAY,39,129,OH 
43160,Washington Court House,Ohio ,FAYETTE,39,047,OH 
43195,Groveport,Ohio ,FRANKLIN,39,049,OH 
43194,Lockbourne,Ohio ,FRANKLIN,39,049,OH 
43164,Williamsport,Ohio ,PICKAWAY,39,129,OH 
43202,Columbus,Ohio ,FRANKLIN,39,049,OH 
43201,Columbus,Ohio ,FRANKLIN,39,049,OH 
43199,Groveport,Ohio ,FRANKLIN,39,049,OH 
43162,West Jefferson,Ohio ,MADISON,39,097,OH 
43203,Columbus,Ohio ,FRANKLIN,39,049,OH 
43206,Columbus,Ohio ,FRANKLIN,39,049,OH 
43210,Columbus,Ohio ,FRANKLIN,39,049,OH 
43211,Columbus,Ohio ,FRANKLIN,39,049,OH 
43207,Columbus,Ohio ,FRANKLIN,39,049,OH 
43204,Columbus,Ohio ,FRANKLIN,39,049,OH 
43209,Columbus,Ohio ,FRANKLIN,39,049,OH 
43205,Columbus,Ohio ,FRANKLIN,39,049,OH 
43212,Columbus,Ohio ,FRANKLIN,39,049,OH 
43215,Columbus,Ohio ,FRANKLIN,39,049,OH 
43214,Columbus,Ohio ,FRANKLIN,39,049,OH 
43213,Columbus,Ohio ,FRANKLIN,39,049,OH 
43216,Columbus,Ohio ,FRANKLIN,39,049,OH 
43217,Columbus,Ohio ,FRANKLIN,39,049,OH 
43218,Columbus,Ohio ,FRANKLIN,39,049,OH 
43219,Columbus,Ohio ,FRANKLIN,39,049,OH 
43220,Columbus,Ohio ,FRANKLIN,39,049,OH 
43223,Columbus,Ohio ,FRANKLIN,39,049,OH 
43221,Columbus,Ohio ,FRANKLIN,39,049,OH 
43222,Columbus,Ohio ,FRANKLIN,39,049,OH 
43226,Columbus,Ohio ,FRANKLIN,39,049,OH 
43228,Columbus,Ohio ,FRANKLIN,39,049,OH 
43227,Columbus,Ohio ,FRANKLIN,39,049,OH 
43229,Columbus,Ohio ,FRANKLIN,39,049,OH 
43224,Columbus,Ohio ,FRANKLIN,39,049,OH 
43230,Columbus,Ohio ,FRANKLIN,39,049,OH 
43232,Columbus,Ohio ,FRANKLIN,39,049,OH 
43234,Columbus,Ohio ,FRANKLIN,39,049,OH 
43235,Columbus,Ohio ,FRANKLIN,39,049,OH 
43236,Columbus,Ohio ,FRANKLIN,39,049,OH 
43231,Columbus,Ohio ,FRANKLIN,39,049,OH 
43251,Columbus,Ohio ,FRANKLIN,39,049,OH 
43240,Columbus,Ohio ,DELAWARE,39,041,OH 
43260,Columbus,Ohio ,FRANKLIN,39,049,OH 
43268,Columbus,Ohio ,FRANKLIN,39,049,OH 
43266,Columbus,Ohio ,FRANKLIN,39,049,OH 
43270,Columbus,Ohio ,FRANKLIN,39,049,OH 
43272,Columbus,Ohio ,FRANKLIN,39,049,OH 
43271,Columbus,Ohio ,FRANKLIN,39,049,OH 
43279,Columbus,Ohio ,FRANKLIN,39,049,OH 
43287,Columbus,Ohio ,FRANKLIN,39,049,OH 
43291,Columbus,Ohio ,FRANKLIN,39,049,OH 
43302,Marion,Ohio ,MARION,39,101,OH 
43301,Marion,Ohio ,MARION,39,101,OH 
43310,Belle Center,Ohio ,LOGAN,39,091,OH 
43311,Bellefontaine,Ohio ,LOGAN,39,091,OH 
43316,Carey,Ohio ,WYANDOT,39,175,OH 
43314,Caledonia,Ohio ,MARION,39,101,OH 
43315,Cardington,Ohio ,MORROW,39,117,OH 
43317,Chesterville,Ohio ,MORROW,39,117,OH 
43318,De Graff,Ohio ,LOGAN,39,091,OH 
43319,East Liberty,Ohio ,LOGAN,39,091,OH 
43320,Edison,Ohio ,MORROW,39,117,OH 
43322,Green Camp,Ohio ,MARION,39,101,OH 
43321,Fulton,Ohio ,MORROW,39,117,OH 
43323,Harpster,Ohio ,WYANDOT,39,175,OH 
43324,Huntsville,Ohio ,LOGAN,39,091,OH 
43325,Iberia,Ohio ,MORROW,39,117,OH 
43326,Kenton,Ohio ,HARDIN,39,065,OH 
43330,Kirby,Ohio ,WYANDOT,39,175,OH 
43331,Lakeview,Ohio ,LOGAN,39,091,OH 
43332,La Rue,Ohio ,MARION,39,101,OH 
43334,Marengo,Ohio ,MORROW,39,117,OH 
43333,Lewistown,Ohio ,LOGAN,39,091,OH 
43335,Martel,Ohio ,MARION,39,101,OH 
43336,Middleburg,Ohio ,LOGAN,39,091,OH 
43337,Morral,Ohio ,MARION,39,101,OH 
43338,Mount Gilead,Ohio ,MORROW,39,117,OH 
43340,Mount Victory,Ohio ,HARDIN,39,065,OH 
43341,New Bloomington,Ohio ,MARION,39,101,OH 
43343,Quincy,Ohio ,LOGAN,39,091,OH 
43346,Roundhead,Ohio ,HARDIN,39,065,OH 
43344,Richwood,Ohio ,UNION,39,159,OH 
43345,Ridgeway,Ohio ,HARDIN,39,065,OH 
43342,Prospect,Ohio ,MARION,39,101,OH 
43347,Rushsylvania,Ohio ,LOGAN,39,091,OH 
43348,Russells Point,Ohio ,LOGAN,39,091,OH 
43349,Shauck,Ohio ,MORROW,39,117,OH 
43351,Upper Sandusky,Ohio ,WYANDOT,39,175,OH 
43358,West Mansfield,Ohio ,LOGAN,39,091,OH 
43359,Wharton,Ohio ,WYANDOT,39,175,OH 
43356,Waldo,Ohio ,MARION,39,101,OH 
43357,West Liberty,Ohio ,LOGAN,39,091,OH 
43402,Bowling Green,Ohio ,WOOD,39,173,OH 
43350,Sparta,Ohio ,MORROW,39,117,OH 
43360,Zanesfield,Ohio ,LOGAN,39,091,OH 
43408,Clay Center,Ohio ,OTTAWA,39,123,OH 
43403,Bowling Green,Ohio ,WOOD,39,173,OH 
43406,Bradner,Ohio ,WOOD,39,173,OH 
43413,Cygnet,Ohio ,WOOD,39,173,OH 
43412,Curtice,Ohio ,OTTAWA,39,123,OH 
43410,Clyde,Ohio ,SANDUSKY,39,143,OH 
43414,Dunbridge,Ohio ,WOOD,39,173,OH 
43407,Burgoon,Ohio ,SANDUSKY,39,143,OH 
43416,Elmore,Ohio ,OTTAWA,39,123,OH 
43420,Fremont,Ohio ,SANDUSKY,39,143,OH 
43434,Harbor View,Ohio ,LUCAS,39,095,OH 
43433,Gypsum,Ohio ,OTTAWA,39,123,OH 
43431,Gibsonburg,Ohio ,SANDUSKY,39,143,OH 
43435,Helena,Ohio ,SANDUSKY,39,143,OH 
43430,Genoa,Ohio ,OTTAWA,39,123,OH 
43432,Graytown,Ohio ,OTTAWA,39,123,OH 
43437,Jerry City,Ohio ,WOOD,39,173,OH 
43439,Lacarne,Ohio ,OTTAWA,39,123,OH 
43438,Kelleys Island,Ohio ,ERIE,39,043,OH 
43441,Lemoyne,Ohio ,WOOD,39,173,OH 
43436,Isle Saint George,Ohio ,OTTAWA,39,123,OH 
43443,Luckey,Ohio ,WOOD,39,173,OH 
43440,Lakeside Marblehead,Ohio ,OTTAWA,39,123,OH 
43442,Lindsey,Ohio ,SANDUSKY,39,143,OH 
43445,Martin,Ohio ,OTTAWA,39,123,OH 
43449,Oak Harbor,Ohio ,OTTAWA,39,123,OH 
43451,Portage,Ohio ,WOOD,39,173,OH 
43450,Pemberville,Ohio ,WOOD,39,173,OH 
43452,Port Clinton,Ohio ,OTTAWA,39,123,OH 
43446,Middle Bass,Ohio ,OTTAWA,39,123,OH 
43447,Millbury,Ohio ,WOOD,39,173,OH 
43456,Put In Bay,Ohio ,OTTAWA,39,123,OH 
43457,Risingsun,Ohio ,WOOD,39,173,OH 
43458,Rocky Ridge,Ohio ,OTTAWA,39,123,OH 
43460,Rossford,Ohio ,WOOD,39,173,OH 
43462,Rudolph,Ohio ,WOOD,39,173,OH 
43463,Stony Ridge,Ohio ,WOOD,39,173,OH 
43466,Wayne,Ohio ,WOOD,39,173,OH 
43464,Vickery,Ohio ,SANDUSKY,39,143,OH 
43465,Walbridge,Ohio ,WOOD,39,173,OH 
43467,West Millgrove,Ohio ,WOOD,39,173,OH 
43468,Williston,Ohio ,OTTAWA,39,123,OH 
43502,Archbold,Ohio ,FULTON,39,051,OH 
43504,Berkey,Ohio ,LUCAS,39,095,OH 
43469,Woodville,Ohio ,SANDUSKY,39,143,OH 
43506,Bryan,Ohio ,WILLIAMS,39,171,OH 
43501,Alvordton,Ohio ,WILLIAMS,39,171,OH 
43510,Colton,Ohio ,HENRY,39,069,OH 
43505,Blakeslee,Ohio ,WILLIAMS,39,171,OH 
43511,Custar,Ohio ,WOOD,39,173,OH 
43520,Farmer,Ohio ,DEFIANCE,39,039,OH 
43516,Deshler,Ohio ,HENRY,39,069,OH 
43512,Defiance,Ohio ,DEFIANCE,39,039,OH 
43518,Edon,Ohio ,WILLIAMS,39,171,OH 
43517,Edgerton,Ohio ,WILLIAMS,39,171,OH 
43519,Evansport,Ohio ,DEFIANCE,39,039,OH 
43515,Delta,Ohio ,FULTON,39,051,OH 
43521,Fayette,Ohio ,FULTON,39,051,OH 
43522,Grand Rapids,Ohio ,WOOD,39,173,OH 
43523,Grelton,Ohio ,HENRY,39,069,OH 
43525,Haskins,Ohio ,WOOD,39,173,OH 
43526,Hicksville,Ohio ,DEFIANCE,39,039,OH 
43527,Holgate,Ohio ,HENRY,39,069,OH 
43528,Holland,Ohio ,LUCAS,39,095,OH 
43524,Hamler,Ohio ,HENRY,39,069,OH 
43529,Hoytville,Ohio ,WOOD,39,173,OH 
43530,Jewell,Ohio ,DEFIANCE,39,039,OH 
43532,Liberty Center,Ohio ,HENRY,39,069,OH 
43533,Lyons,Ohio ,FULTON,39,051,OH 
43534,Mc Clure,Ohio ,HENRY,39,069,OH 
43536,Mark Center,Ohio ,DEFIANCE,39,039,OH 
43535,Malinta,Ohio ,HENRY,39,069,OH 
43531,Kunkle,Ohio ,WILLIAMS,39,171,OH 
43537,Maumee,Ohio ,LUCAS,39,095,OH 
43540,Metamora,Ohio ,FULTON,39,051,OH 
43545,Napoleon,Ohio ,HENRY,39,069,OH 
43543,Montpelier,Ohio ,WILLIAMS,39,171,OH 
43549,Ney,Ohio ,DEFIANCE,39,039,OH 
43541,Milton Center,Ohio ,WOOD,39,173,OH 
43542,Monclova,Ohio ,LUCAS,39,095,OH 
43547,Neapolis,Ohio ,LUCAS,39,095,OH 
43548,New Bavaria,Ohio ,HENRY,39,069,OH 
43550,Okolona,Ohio ,HENRY,39,069,OH 
43551,Perrysburg,Ohio ,WOOD,39,173,OH 
43553,Pettisville,Ohio ,FULTON,39,051,OH 
43555,Ridgeville Corners,Ohio ,HENRY,39,069,OH 
43557,Stryker,Ohio ,WILLIAMS,39,171,OH 
43556,Sherwood,Ohio ,DEFIANCE,39,039,OH 
43552,Perrysburg,Ohio ,WOOD,39,173,OH 
43554,Pioneer,Ohio ,WILLIAMS,39,171,OH 
43558,Swanton,Ohio ,FULTON,39,051,OH 
43565,Tontogany,Ohio ,WOOD,39,173,OH 
43569,Weston,Ohio ,WOOD,39,173,OH 
43567,Wauseon,Ohio ,FULTON,39,051,OH 
43570,West Unity,Ohio ,WILLIAMS,39,171,OH 
43601,Toledo,Ohio ,LUCAS,39,095,OH 
43560,Sylvania,Ohio ,LUCAS,39,095,OH 
43571,Whitehouse,Ohio ,LUCAS,39,095,OH 
43566,Waterville,Ohio ,LUCAS,39,095,OH 
43608,Toledo,Ohio ,LUCAS,39,095,OH 
43603,Toledo,Ohio ,LUCAS,39,095,OH 
43606,Toledo,Ohio ,LUCAS,39,095,OH 
43604,Toledo,Ohio ,LUCAS,39,095,OH 
43609,Toledo,Ohio ,LUCAS,39,095,OH 
43605,Toledo,Ohio ,LUCAS,39,095,OH 
43610,Toledo,Ohio ,LUCAS,39,095,OH 
43607,Toledo,Ohio ,LUCAS,39,095,OH 
43611,Toledo,Ohio ,LUCAS,39,095,OH 
43616,Oregon,Ohio ,LUCAS,39,095,OH 
43613,Toledo,Ohio ,LUCAS,39,095,OH 
43614,Toledo,Ohio ,LUCAS,39,095,OH 
43617,Toledo,Ohio ,LUCAS,39,095,OH 
43619,Northwood,Ohio ,WOOD,39,173,OH 
43612,Toledo,Ohio ,LUCAS,39,095,OH 
43615,Toledo,Ohio ,LUCAS,39,095,OH 
43620,Toledo,Ohio ,LUCAS,39,095,OH 
43635,Toledo,Ohio ,LUCAS,39,095,OH 
43656,Toledo,Ohio ,LUCAS,39,095,OH 
43657,Toledo,Ohio ,LUCAS,39,095,OH 
43623,Toledo,Ohio ,LUCAS,39,095,OH 
43654,Toledo,Ohio ,WOOD,39,173,OH 
43652,Toledo,Ohio ,LUCAS,39,095,OH 
43659,Toledo,Ohio ,LUCAS,39,095,OH 
43666,Toledo,Ohio ,LUCAS,39,095,OH 
43699,Toledo,Ohio ,LUCAS,39,095,OH 
43661,Toledo,Ohio ,LUCAS,39,095,OH 
43660,Toledo,Ohio ,LUCAS,39,095,OH 
43682,Toledo,Ohio ,LUCAS,39,095,OH 
43681,Toledo,Ohio ,LUCAS,39,095,OH 
43697,Toledo,Ohio ,LUCAS,39,095,OH 
43667,Toledo,Ohio ,LUCAS,39,095,OH 
43701,Zanesville,Ohio ,MUSKINGUM,39,119,OH 
43711,Ava,Ohio ,NOBLE,39,121,OH 
43718,Belmont,Ohio ,BELMONT,39,013,OH 
43702,Zanesville,Ohio ,MUSKINGUM,39,119,OH 
43713,Barnesville,Ohio ,BELMONT,39,013,OH 
43719,Bethesda,Ohio ,BELMONT,39,013,OH 
43716,Beallsville,Ohio ,MONROE,39,111,OH 
43717,Belle Valley,Ohio ,NOBLE,39,121,OH 
43720,Blue Rock,Ohio ,MUSKINGUM,39,119,OH 
43721,Brownsville,Ohio ,LICKING,39,089,OH 
43724,Caldwell,Ohio ,NOBLE,39,121,OH 
43725,Cambridge,Ohio ,GUERNSEY,39,059,OH 
43727,Chandlersville,Ohio ,MUSKINGUM,39,119,OH 
43722,Buffalo,Ohio ,GUERNSEY,39,059,OH 
43728,Chesterhill,Ohio ,MORGAN,39,115,OH 
43723,Byesville,Ohio ,GUERNSEY,39,059,OH 
43730,Corning,Ohio ,PERRY,39,127,OH 
43731,Crooksville,Ohio ,PERRY,39,127,OH 
43733,Derwent,Ohio ,GUERNSEY,39,059,OH 
43738,Fultonham,Ohio ,MUSKINGUM,39,119,OH 
43732,Cumberland,Ohio ,GUERNSEY,39,059,OH 
43736,Fairview,Ohio ,GUERNSEY,39,059,OH 
43734,Duncan Falls,Ohio ,MUSKINGUM,39,119,OH 
43735,East Fultonham,Ohio ,MUSKINGUM,39,119,OH 
43739,Glenford,Ohio ,PERRY,39,127,OH 
43740,Gratiot,Ohio ,LICKING,39,089,OH 
43746,Hopewell,Ohio ,MUSKINGUM,39,119,OH 
43747,Jerusalem,Ohio ,MONROE,39,111,OH 
43748,Junction City,Ohio ,PERRY,39,127,OH 
43752,Laings,Ohio ,MONROE,39,111,OH 
43750,Kipling,Ohio ,GUERNSEY,39,059,OH 
43749,Kimbolton,Ohio ,GUERNSEY,39,059,OH 
43754,Lewisville,Ohio ,MONROE,39,111,OH 
43755,Lore City,Ohio ,GUERNSEY,39,059,OH 
43756,Mcconnelsville,Ohio ,MORGAN,39,115,OH 
43757,Malaga,Ohio ,MONROE,39,111,OH 
43760,Mount Perry,Ohio ,PERRY,39,127,OH 
43759,Morristown,Ohio ,BELMONT,39,013,OH 
43758,Malta,Ohio ,MORGAN,39,115,OH 
43761,Moxahala,Ohio ,PERRY,39,127,OH 
43762,New Concord,Ohio ,MUSKINGUM,39,119,OH 
43764,New Lexington,Ohio ,PERRY,39,127,OH 
43766,New Straitsville,Ohio ,PERRY,39,127,OH 
43767,Norwich,Ohio ,MUSKINGUM,39,119,OH 
43768,Old Washington,Ohio ,GUERNSEY,39,059,OH 
43777,Roseville,Ohio ,MUSKINGUM,39,119,OH 
43771,Philo,Ohio ,MUSKINGUM,39,119,OH 
43778,Salesville,Ohio ,GUERNSEY,39,059,OH 
43772,Pleasant City,Ohio ,GUERNSEY,39,059,OH 
43773,Quaker City,Ohio ,GUERNSEY,39,059,OH 
43780,Senecaville,Ohio ,GUERNSEY,39,059,OH 
43779,Sarahsville,Ohio ,NOBLE,39,121,OH 
43782,Shawnee,Ohio ,PERRY,39,127,OH 
43783,Somerset,Ohio ,PERRY,39,127,OH 
43786,Stafford,Ohio ,MONROE,39,111,OH 
43791,White Cottage,Ohio ,MUSKINGUM,39,119,OH 
43788,Summerfield,Ohio ,NOBLE,39,121,OH 
43787,Stockport,Ohio ,MORGAN,39,115,OH 
43793,Woodsfield,Ohio ,MONROE,39,111,OH 
43803,Bakersville,Ohio ,COSHOCTON,39,031,OH 
43802,Adamsville,Ohio ,MUSKINGUM,39,119,OH 
43804,Baltic,Ohio ,TUSCARAWAS,39,157,OH 
43811,Conesville,Ohio ,COSHOCTON,39,031,OH 
43812,Coshocton,Ohio ,COSHOCTON,39,031,OH 
43821,Dresden,Ohio ,MUSKINGUM,39,119,OH 
43805,Blissfield,Ohio ,COSHOCTON,39,031,OH 
43828,Keene,Ohio ,COSHOCTON,39,031,OH 
43822,Frazeysburg,Ohio ,MUSKINGUM,39,119,OH 
43824,Fresno,Ohio ,COSHOCTON,39,031,OH 
43830,Nashport,Ohio ,MUSKINGUM,39,119,OH 
43837,Port Washington,Ohio ,TUSCARAWAS,39,157,OH 
43840,Stone Creek,Ohio ,TUSCARAWAS,39,157,OH 
43832,Newcomerstown,Ohio ,TUSCARAWAS,39,157,OH 
43836,Plainfield,Ohio ,COSHOCTON,39,031,OH 
43843,Walhonding,Ohio ,COSHOCTON,39,031,OH 
43842,Trinway,Ohio ,MUSKINGUM,39,119,OH 
43845,West Lafayette,Ohio ,COSHOCTON,39,031,OH 
43844,Warsaw,Ohio ,COSHOCTON,39,031,OH 
43901,Adena,Ohio ,JEFFERSON,39,081,OH 
43905,Barton,Ohio ,BELMONT,39,013,OH 
43902,Alledonia,Ohio ,BELMONT,39,013,OH 
43903,Amsterdam,Ohio ,JEFFERSON,39,081,OH 
43908,Bergholz,Ohio ,JEFFERSON,39,081,OH 
43909,Blaine,Ohio ,BELMONT,39,013,OH 
43906,Bellaire,Ohio ,BELMONT,39,013,OH 
43907,Cadiz,Ohio ,HARRISON,39,067,OH 
43910,Bloomingdale,Ohio ,JEFFERSON,39,081,OH 
43912,Bridgeport,Ohio ,BELMONT,39,013,OH 
43913,Brilliant,Ohio ,JEFFERSON,39,081,OH 
43914,Cameron,Ohio ,MONROE,39,111,OH 
43915,Clarington,Ohio ,MONROE,39,111,OH 
43920,East Liverpool,Ohio ,COLUMBIANA,39,029,OH 
43917,Dillonvale,Ohio ,JEFFERSON,39,081,OH 
43916,Colerain,Ohio ,BELMONT,39,013,OH 
43930,Hammondsville,Ohio ,JEFFERSON,39,081,OH 
43926,Empire,Ohio ,JEFFERSON,39,081,OH 
43928,Glencoe,Ohio ,BELMONT,39,013,OH 
43925,East Springfield,Ohio ,JEFFERSON,39,081,OH 
43927,Fairpoint,Ohio ,BELMONT,39,013,OH 
43932,Irondale,Ohio ,JEFFERSON,39,081,OH 
43933,Jacobsburg,Ohio ,BELMONT,39,013,OH 
43931,Hannibal,Ohio ,MONROE,39,111,OH 
43934,Lansing,Ohio ,BELMONT,39,013,OH 
43939,Mount Pleasant,Ohio ,JEFFERSON,39,081,OH 
43935,Martins Ferry,Ohio ,BELMONT,39,013,OH 
43938,Mingo Junction,Ohio ,JEFFERSON,39,081,OH 
43937,Maynard,Ohio ,BELMONT,39,013,OH 
43940,Neffs,Ohio ,BELMONT,39,013,OH 
43942,Powhatan Point,Ohio ,BELMONT,39,013,OH 
43941,Piney Fork,Ohio ,JEFFERSON,39,081,OH 
43944,Richmond,Ohio ,JEFFERSON,39,081,OH 
43946,Sardis,Ohio ,MONROE,39,111,OH 
43943,Rayland,Ohio ,JEFFERSON,39,081,OH 
43945,Salineville,Ohio ,COLUMBIANA,39,029,OH 
43948,Smithfield,Ohio ,JEFFERSON,39,081,OH 
43950,Saint Clairsville,Ohio ,BELMONT,39,013,OH 
43947,Shadyside,Ohio ,BELMONT,39,013,OH 
43951,Lafferty,Ohio ,BELMONT,39,013,OH 
43952,Steubenville,Ohio ,JEFFERSON,39,081,OH 
43953,Steubenville,Ohio ,JEFFERSON,39,081,OH 
43961,Stratton,Ohio ,JEFFERSON,39,081,OH 
43963,Tiltonsville,Ohio ,JEFFERSON,39,081,OH 
43964,Toronto,Ohio ,JEFFERSON,39,081,OH 
43967,Warnock,Ohio ,BELMONT,39,013,OH 
43962,Summitville,Ohio ,COLUMBIANA,39,029,OH 
43968,Wellsville,Ohio ,COLUMBIANA,39,029,OH 
43970,Wolf Run,Ohio ,JEFFERSON,39,081,OH 
43972,Bannock,Ohio ,BELMONT,39,013,OH 
43971,Yorkville,Ohio ,JEFFERSON,39,081,OH 
43973,Freeport,Ohio ,HARRISON,39,067,OH 
43977,Flushing,Ohio ,BELMONT,39,013,OH 
43974,Harrisville,Ohio ,HARRISON,39,067,OH 
43981,New Athens,Ohio ,HARRISON,39,067,OH 
43976,Hopedale,Ohio ,HARRISON,39,067,OH 
43983,Piedmont,Ohio ,BELMONT,39,013,OH 
43984,New Rumley,Ohio ,HARRISON,39,067,OH 
43985,Holloway,Ohio ,BELMONT,39,013,OH 
43988,Scio,Ohio ,HARRISON,39,067,OH 
44003,Andover,Ohio ,ASHTABULA,39,007,OH 
43986,Jewett,Ohio ,HARRISON,39,067,OH 
44005,Ashtabula,Ohio ,ASHTABULA,39,007,OH 
44004,Ashtabula,Ohio ,ASHTABULA,39,007,OH 
44001,Amherst,Ohio ,LORAIN,39,093,OH 
44010,Austinburg,Ohio ,ASHTABULA,39,007,OH 
44011,Avon,Ohio ,LORAIN,39,093,OH 
44012,Avon Lake,Ohio ,LORAIN,39,093,OH 
44017,Berea,Ohio ,CUYAHOGA,39,035,OH 
44021,Burton,Ohio ,GEAUGA,39,055,OH 
44023,Chagrin Falls,Ohio ,GEAUGA,39,055,OH 
44024,Chardon,Ohio ,GEAUGA,39,055,OH 
44022,Chagrin Falls,Ohio ,CUYAHOGA,39,035,OH 
44028,Columbia Station,Ohio ,LORAIN,39,093,OH 
44026,Chesterland,Ohio ,GEAUGA,39,055,OH 
44032,Dorset,Ohio ,ASHTABULA,39,007,OH 
44035,Elyria,Ohio ,LORAIN,39,093,OH 
44033,East Claridon,Ohio ,GEAUGA,39,055,OH 
44039,North Ridgeville,Ohio ,LORAIN,39,093,OH 
44041,Geneva,Ohio ,ASHTABULA,39,007,OH 
44036,Elyria,Ohio ,LORAIN,39,093,OH 
44030,Conneaut,Ohio ,ASHTABULA,39,007,OH 
44040,Gates Mills,Ohio ,CUYAHOGA,39,035,OH 
44044,Grafton,Ohio ,LORAIN,39,093,OH 
44045,Grand River,Ohio ,LAKE,39,085,OH 
44049,Kipton,Ohio ,LORAIN,39,093,OH 
44050,Lagrange,Ohio ,LORAIN,39,093,OH 
44047,Jefferson,Ohio ,ASHTABULA,39,007,OH 
44046,Huntsburg,Ohio ,GEAUGA,39,055,OH 
44048,Kingsville,Ohio ,ASHTABULA,39,007,OH 
44052,Lorain,Ohio ,LORAIN,39,093,OH 
44053,Lorain,Ohio ,LORAIN,39,093,OH 
44054,Sheffield Lake,Ohio ,LORAIN,39,093,OH 
44055,Lorain,Ohio ,LORAIN,39,093,OH 
44060,Mentor,Ohio ,LAKE,39,085,OH 
44062,Middlefield,Ohio ,GEAUGA,39,055,OH 
44057,Madison,Ohio ,LAKE,39,085,OH 
44056,Macedonia,Ohio ,SUMMIT,39,153,OH 
44064,Montville,Ohio ,GEAUGA,39,055,OH 
44061,Mentor,Ohio ,LAKE,39,085,OH 
44065,Newbury,Ohio ,GEAUGA,39,055,OH 
44068,North Kingsville,Ohio ,ASHTABULA,39,007,OH 
44074,Oberlin,Ohio ,LORAIN,39,093,OH 
44072,Novelty,Ohio ,GEAUGA,39,055,OH 
44067,Northfield,Ohio ,SUMMIT,39,153,OH 
44076,Orwell,Ohio ,ASHTABULA,39,007,OH 
44073,Novelty,Ohio ,GEAUGA,39,055,OH 
44070,North Olmsted,Ohio ,CUYAHOGA,39,035,OH 
44077,Painesville,Ohio ,LAKE,39,085,OH 
44081,Perry,Ohio ,LAKE,39,085,OH 
44080,Parkman,Ohio ,GEAUGA,39,055,OH 
44085,Rome,Ohio ,ASHTABULA,39,007,OH 
44087,Twinsburg,Ohio ,SUMMIT,39,153,OH 
44086,Thompson,Ohio ,GEAUGA,39,055,OH 
44082,Pierpont,Ohio ,ASHTABULA,39,007,OH 
44084,Rock Creek,Ohio ,ASHTABULA,39,007,OH 
44088,Unionville,Ohio ,ASHTABULA,39,007,OH 
44089,Vermilion,Ohio ,ERIE,39,043,OH 
44093,Williamsfield,Ohio ,ASHTABULA,39,007,OH 
44094,Willoughby,Ohio ,LAKE,39,085,OH 
44096,Willoughby,Ohio ,LAKE,39,085,OH 
44090,Wellington,Ohio ,LORAIN,39,093,OH 
44095,Eastlake,Ohio ,LAKE,39,085,OH 
44092,Wickliffe,Ohio ,LAKE,39,085,OH 
44097,Eastlake,Ohio ,LAKE,39,085,OH 
44102,Cleveland,Ohio ,CUYAHOGA,39,035,OH 
44101,Cleveland,Ohio ,CUYAHOGA,39,035,OH 
44105,Cleveland,Ohio ,CUYAHOGA,39,035,OH 
44104,Cleveland,Ohio ,CUYAHOGA,39,035,OH 
44106,Cleveland,Ohio ,CUYAHOGA,39,035,OH 
44103,Cleveland,Ohio ,CUYAHOGA,39,035,OH 
44099,Windsor,Ohio ,ASHTABULA,39,007,OH 
44107,Lakewood,Ohio ,CUYAHOGA,39,035,OH 
44110,Cleveland,Ohio ,CUYAHOGA,39,035,OH 
44114,Cleveland,Ohio ,CUYAHOGA,39,035,OH 
44111,Cleveland,Ohio ,CUYAHOGA,39,035,OH 
44113,Cleveland,Ohio ,CUYAHOGA,39,035,OH 
44108,Cleveland,Ohio ,CUYAHOGA,39,035,OH 
44109,Cleveland,Ohio ,CUYAHOGA,39,035,OH 
44115,Cleveland,Ohio ,CUYAHOGA,39,035,OH 
44112,Cleveland,Ohio ,CUYAHOGA,39,035,OH 
44121,Cleveland,Ohio ,CUYAHOGA,39,035,OH 
44123,Euclid,Ohio ,CUYAHOGA,39,035,OH 
44120,Cleveland,Ohio ,CUYAHOGA,39,035,OH 
44119,Cleveland,Ohio ,CUYAHOGA,39,035,OH 
44122,Beachwood,Ohio ,CUYAHOGA,39,035,OH 
44117,Euclid,Ohio ,CUYAHOGA,39,035,OH 
44118,Cleveland,Ohio ,CUYAHOGA,39,035,OH 
44116,Rocky River,Ohio ,CUYAHOGA,39,035,OH 
44124,Cleveland,Ohio ,CUYAHOGA,39,035,OH 
44125,Cleveland,Ohio ,CUYAHOGA,39,035,OH 
44130,Cleveland,Ohio ,CUYAHOGA,39,035,OH 
44131,Independence,Ohio ,CUYAHOGA,39,035,OH 
44126,Cleveland,Ohio ,CUYAHOGA,39,035,OH 
44128,Cleveland,Ohio ,CUYAHOGA,39,035,OH 
44127,Cleveland,Ohio ,CUYAHOGA,39,035,OH 
44129,Cleveland,Ohio ,CUYAHOGA,39,035,OH 
44132,Euclid,Ohio ,CUYAHOGA,39,035,OH 
44138,Olmsted Falls,Ohio ,CUYAHOGA,39,035,OH 
44137,Maple Heights,Ohio ,CUYAHOGA,39,035,OH 
44134,Cleveland,Ohio ,CUYAHOGA,39,035,OH 
44133,North Royalton,Ohio ,CUYAHOGA,39,035,OH 
44135,Cleveland,Ohio ,CUYAHOGA,39,035,OH 
44139,Solon,Ohio ,CUYAHOGA,39,035,OH 
44136,Strongsville,Ohio ,CUYAHOGA,39,035,OH 
44144,Cleveland,Ohio ,CUYAHOGA,39,035,OH 
44142,Brookpark,Ohio ,CUYAHOGA,39,035,OH 
44143,Cleveland,Ohio ,CUYAHOGA,39,035,OH 
44141,Brecksville,Ohio ,CUYAHOGA,39,035,OH 
44147,Broadview Heights,Ohio ,CUYAHOGA,39,035,OH 
44146,Bedford,Ohio ,CUYAHOGA,39,035,OH 
44145,Westlake,Ohio ,CUYAHOGA,39,035,OH 
44140,Bay Village,Ohio ,CUYAHOGA,39,035,OH 
44188,Cleveland,Ohio ,CUYAHOGA,39,035,OH 
44149,Strongsville,Ohio ,CUYAHOGA,39,035,OH 
44193,Cleveland,Ohio ,CUYAHOGA,39,035,OH 
44192,Cleveland,Ohio ,CUYAHOGA,39,035,OH 
44191,Cleveland,Ohio ,CUYAHOGA,39,035,OH 
44190,Cleveland,Ohio ,CUYAHOGA,39,035,OH 
44181,Cleveland,Ohio ,CUYAHOGA,39,035,OH 
44194,Cleveland,Ohio ,CUYAHOGA,39,035,OH 
44201,Atwater,Ohio ,PORTAGE,39,133,OH 
44197,Cleveland,Ohio ,CUYAHOGA,39,035,OH 
44203,Barberton,Ohio ,SUMMIT,39,153,OH 
44198,Cleveland,Ohio ,CUYAHOGA,39,035,OH 
44199,Cleveland,Ohio ,CUYAHOGA,39,035,OH 
44195,Cleveland,Ohio ,CUYAHOGA,39,035,OH 
44202,Aurora,Ohio ,PORTAGE,39,133,OH 
44210,Bath,Ohio ,SUMMIT,39,153,OH 
44212,Brunswick,Ohio ,MEDINA,39,103,OH 
44211,Brady Lake,Ohio ,PORTAGE,39,133,OH 
44215,Chippewa Lake,Ohio ,MEDINA,39,103,OH 
44216,Clinton,Ohio ,SUMMIT,39,153,OH 
44222,Cuyahoga Falls,Ohio ,SUMMIT,39,153,OH 
44214,Burbank,Ohio ,WAYNE,39,169,OH 
44221,Cuyahoga Falls,Ohio ,SUMMIT,39,153,OH 
44217,Creston,Ohio ,WAYNE,39,169,OH 
44224,Stow,Ohio ,SUMMIT,39,153,OH 
44231,Garrettsville,Ohio ,PORTAGE,39,133,OH 
44230,Doylestown,Ohio ,WAYNE,39,169,OH 
44234,Hiram,Ohio ,PORTAGE,39,133,OH 
44223,Cuyahoga Falls,Ohio ,SUMMIT,39,153,OH 
44235,Homerville,Ohio ,MEDINA,39,103,OH 
44232,Green,Ohio ,SUMMIT,39,153,OH 
44233,Hinckley,Ohio ,MEDINA,39,103,OH 
44236,Hudson,Ohio ,SUMMIT,39,153,OH 
44240,Kent,Ohio ,PORTAGE,39,133,OH 
44251,Westfield Center,Ohio ,MEDINA,39,103,OH 
44243,Kent,Ohio ,PORTAGE,39,133,OH 
44241,Streetsboro,Ohio ,PORTAGE,39,133,OH 
44242,Kent,Ohio ,PORTAGE,39,133,OH 
44250,Lakemore,Ohio ,SUMMIT,39,153,OH 
44237,Hudson,Ohio ,SUMMIT,39,153,OH 
44253,Litchfield,Ohio ,MEDINA,39,103,OH 
44254,Lodi,Ohio ,MEDINA,39,103,OH 
44255,Mantua,Ohio ,PORTAGE,39,133,OH 
44258,Medina,Ohio ,MEDINA,39,103,OH 
44262,Munroe Falls,Ohio ,SUMMIT,39,153,OH 
44264,Peninsula,Ohio ,SUMMIT,39,153,OH 
44260,Mogadore,Ohio ,PORTAGE,39,133,OH 
44256,Medina,Ohio ,MEDINA,39,103,OH 
44266,Ravenna,Ohio ,PORTAGE,39,133,OH 
44265,Randolph,Ohio ,PORTAGE,39,133,OH 
44276,Sterling,Ohio ,WAYNE,39,169,OH 
44274,Sharon Center,Ohio ,MEDINA,39,103,OH 
44273,Seville,Ohio ,MEDINA,39,103,OH 
44270,Rittman,Ohio ,WAYNE,39,169,OH 
44272,Rootstown,Ohio ,PORTAGE,39,133,OH 
44275,Spencer,Ohio ,MEDINA,39,103,OH 
44278,Tallmadge,Ohio ,SUMMIT,39,153,OH 
44286,Richfield,Ohio ,SUMMIT,39,153,OH 
44282,Wadsworth,Ohio ,MEDINA,39,103,OH 
44285,Wayland,Ohio ,PORTAGE,39,133,OH 
44280,Valley City,Ohio ,MEDINA,39,103,OH 
44288,Windham,Ohio ,PORTAGE,39,133,OH 
44287,West Salem,Ohio ,WAYNE,39,169,OH 
44281,Wadsworth,Ohio ,MEDINA,39,103,OH 
44301,Akron,Ohio ,SUMMIT,39,153,OH 
44304,Akron,Ohio ,SUMMIT,39,153,OH 
44306,Akron,Ohio ,SUMMIT,39,153,OH 
44308,Akron,Ohio ,SUMMIT,39,153,OH 
44302,Akron,Ohio ,SUMMIT,39,153,OH 
44303,Akron,Ohio ,SUMMIT,39,153,OH 
44307,Akron,Ohio ,SUMMIT,39,153,OH 
44305,Akron,Ohio ,SUMMIT,39,153,OH 
44309,Akron,Ohio ,SUMMIT,39,153,OH 
44311,Akron,Ohio ,SUMMIT,39,153,OH 
44310,Akron,Ohio ,SUMMIT,39,153,OH 
44313,Akron,Ohio ,SUMMIT,39,153,OH 
44315,Akron,Ohio ,SUMMIT,39,153,OH 
44316,Akron,Ohio ,SUMMIT,39,153,OH 
44317,Akron,Ohio ,SUMMIT,39,153,OH 
44314,Akron,Ohio ,SUMMIT,39,153,OH 
44312,Akron,Ohio ,SUMMIT,39,153,OH 
44319,Akron,Ohio ,SUMMIT,39,153,OH 
44321,Akron,Ohio ,SUMMIT,39,153,OH 
44326,Akron,Ohio ,SUMMIT,39,153,OH 
44320,Akron,Ohio ,SUMMIT,39,153,OH 
44328,Akron,Ohio ,SUMMIT,39,153,OH 
44333,Akron,Ohio ,SUMMIT,39,153,OH 
44325,Akron,Ohio ,SUMMIT,39,153,OH 
44334,Fairlawn,Ohio ,SUMMIT,39,153,OH 
44372,Akron,Ohio ,SUMMIT,39,153,OH 
44396,Akron,Ohio ,SUMMIT,39,153,OH 
44404,Burghill,Ohio ,TRUMBULL,39,155,OH 
44405,Campbell,Ohio ,MAHONING,39,099,OH 
44401,Berlin Center,Ohio ,MAHONING,39,099,OH 
44402,Bristolville,Ohio ,TRUMBULL,39,155,OH 
44403,Brookfield,Ohio ,TRUMBULL,39,155,OH 
44398,Akron,Ohio ,SUMMIT,39,153,OH 
44406,Canfield,Ohio ,MAHONING,39,099,OH 
44408,Columbiana,Ohio ,COLUMBIANA,39,029,OH 
44410,Cortland,Ohio ,TRUMBULL,39,155,OH 
44411,Deerfield,Ohio ,PORTAGE,39,133,OH 
44413,East Palestine,Ohio ,COLUMBIANA,39,029,OH 
44416,Ellsworth,Ohio ,MAHONING,39,099,OH 
44415,Elkton,Ohio ,COLUMBIANA,39,029,OH 
44417,Farmdale,Ohio ,TRUMBULL,39,155,OH 
44412,Diamond,Ohio ,PORTAGE,39,133,OH 
44418,Fowler,Ohio ,TRUMBULL,39,155,OH 
44420,Girard,Ohio ,TRUMBULL,39,155,OH 
44422,Greenford,Ohio ,MAHONING,39,099,OH 
44424,Hartford,Ohio ,TRUMBULL,39,155,OH 
44428,Kinsman,Ohio ,TRUMBULL,39,155,OH 
44423,Hanoverton,Ohio ,COLUMBIANA,39,029,OH 
44427,Kensington,Ohio ,COLUMBIANA,39,029,OH 
44425,Hubbard,Ohio ,TRUMBULL,39,155,OH 
44429,Lake Milton,Ohio ,MAHONING,39,099,OH 
44430,Leavittsburg,Ohio ,TRUMBULL,39,155,OH 
44431,Leetonia,Ohio ,COLUMBIANA,39,029,OH 
44432,Lisbon,Ohio ,COLUMBIANA,39,029,OH 
44436,Lowellville,Ohio ,MAHONING,39,099,OH 
44437,Mc Donald,Ohio ,TRUMBULL,39,155,OH 
44439,Mesopotamia,Ohio ,TRUMBULL,39,155,OH 
44438,Masury,Ohio ,TRUMBULL,39,155,OH 
44440,Mineral Ridge,Ohio ,TRUMBULL,39,155,OH 
44441,Negley,Ohio ,COLUMBIANA,39,029,OH 
44442,New Middletown,Ohio ,MAHONING,39,099,OH 
44443,New Springfield,Ohio ,MAHONING,39,099,OH 
44444,Newton Falls,Ohio ,TRUMBULL,39,155,OH 
44445,New Waterford,Ohio ,COLUMBIANA,39,029,OH 
44446,Niles,Ohio ,TRUMBULL,39,155,OH 
44451,North Jackson,Ohio ,MAHONING,39,099,OH 
44449,North Benton,Ohio ,PORTAGE,39,133,OH 
44453,Orangeville,Ohio ,TRUMBULL,39,155,OH 
44450,North Bloomfield,Ohio ,TRUMBULL,39,155,OH 
44454,Petersburg,Ohio ,MAHONING,39,099,OH 
44452,North Lima,Ohio ,MAHONING,39,099,OH 
44460,Salem,Ohio ,COLUMBIANA,39,029,OH 
44455,Rogers,Ohio ,COLUMBIANA,39,029,OH 
44470,Southington,Ohio ,TRUMBULL,39,155,OH 
44473,Vienna,Ohio ,TRUMBULL,39,155,OH 
44481,Warren,Ohio ,TRUMBULL,39,155,OH 
44482,Warren,Ohio ,TRUMBULL,39,155,OH 
44483,Warren,Ohio ,TRUMBULL,39,155,OH 
44471,Struthers,Ohio ,MAHONING,39,099,OH 
44485,Warren,Ohio ,TRUMBULL,39,155,OH 
44484,Warren,Ohio ,TRUMBULL,39,155,OH 
44486,Warren,Ohio ,TRUMBULL,39,155,OH 
44492,West Point,Ohio ,COLUMBIANA,39,029,OH 
44491,West Farmington,Ohio ,TRUMBULL,39,155,OH 
44490,Washingtonville,Ohio ,COLUMBIANA,39,029,OH 
44501,Youngstown,Ohio ,MAHONING,39,099,OH 
44493,Winona,Ohio ,COLUMBIANA,39,029,OH 
44504,Youngstown,Ohio ,MAHONING,39,099,OH 
44503,Youngstown,Ohio ,MAHONING,39,099,OH 
44502,Youngstown,Ohio ,MAHONING,39,099,OH 
44507,Youngstown,Ohio ,MAHONING,39,099,OH 
44505,Youngstown,Ohio ,MAHONING,39,099,OH 
44510,Youngstown,Ohio ,MAHONING,39,099,OH 
44509,Youngstown,Ohio ,MAHONING,39,099,OH 
44506,Youngstown,Ohio ,MAHONING,39,099,OH 
44511,Youngstown,Ohio ,MAHONING,39,099,OH 
44514,Youngstown,Ohio ,MAHONING,39,099,OH 
44555,Youngstown,Ohio ,MAHONING,39,099,OH 
44601,Alliance,Ohio ,STARK,39,151,OH 
44513,Youngstown,Ohio ,MAHONING,39,099,OH 
44512,Youngstown,Ohio ,MAHONING,39,099,OH 
44606,Apple Creek,Ohio ,WAYNE,39,169,OH 
44515,Youngstown,Ohio ,MAHONING,39,099,OH 
44607,Augusta,Ohio ,CARROLL,39,019,OH 
44610,Berlin,Ohio ,HOLMES,39,075,OH 
44613,Brewster,Ohio ,STARK,39,151,OH 
44609,Beloit,Ohio ,MAHONING,39,099,OH 
44611,Big Prairie,Ohio ,HOLMES,39,075,OH 
44614,Canal Fulton,Ohio ,STARK,39,151,OH 
44608,Beach City,Ohio ,STARK,39,151,OH 
44612,Bolivar,Ohio ,TUSCARAWAS,39,157,OH 
44615,Carrollton,Ohio ,CARROLL,39,019,OH 
44617,Charm,Ohio ,HOLMES,39,075,OH 
44619,Damascus,Ohio ,MAHONING,39,099,OH 
44622,Dover,Ohio ,TUSCARAWAS,39,157,OH 
44624,Dundee,Ohio ,TUSCARAWAS,39,157,OH 
44620,Dellroy,Ohio ,CARROLL,39,019,OH 
44618,Dalton,Ohio ,WAYNE,39,169,OH 
44621,Dennison,Ohio ,TUSCARAWAS,39,157,OH 
44625,East Rochester,Ohio ,COLUMBIANA,39,029,OH 
44627,Fredericksburg,Ohio ,WAYNE,39,169,OH 
44626,East Sparta,Ohio ,STARK,39,151,OH 
44630,Greentown,Ohio ,STARK,39,151,OH 
44628,Glenmont,Ohio ,HOLMES,39,075,OH 
44629,Gnadenhutten,Ohio ,TUSCARAWAS,39,157,OH 
44632,Hartville,Ohio ,STARK,39,151,OH 
44634,Homeworth,Ohio ,COLUMBIANA,39,029,OH 
44633,Holmesville,Ohio ,HOLMES,39,075,OH 
44636,Kidron,Ohio ,WAYNE,39,169,OH 
44639,Leesville,Ohio ,CARROLL,39,019,OH 
44638,Lakeville,Ohio ,HOLMES,39,075,OH 
44641,Louisville,Ohio ,STARK,39,151,OH 
44643,Magnolia,Ohio ,STARK,39,151,OH 
44637,Killbuck,Ohio ,HOLMES,39,075,OH 
44640,Limaville,Ohio ,STARK,39,151,OH 
44644,Malvern,Ohio ,CARROLL,39,019,OH 
44645,Marshallville,Ohio ,WAYNE,39,169,OH 
44646,Massillon,Ohio ,STARK,39,151,OH 
44647,Massillon,Ohio ,STARK,39,151,OH 
44648,Massillon,Ohio ,STARK,39,151,OH 
44652,Middlebranch,Ohio ,STARK,39,151,OH 
44651,Mechanicstown,Ohio ,CARROLL,39,019,OH 
44650,Maximo,Ohio ,STARK,39,151,OH 
44653,Midvale,Ohio ,TUSCARAWAS,39,157,OH 
44654,Millersburg,Ohio ,HOLMES,39,075,OH 
44657,Minerva,Ohio ,STARK,39,151,OH 
44659,Mount Eaton,Ohio ,WAYNE,39,169,OH 
44662,Navarre,Ohio ,STARK,39,151,OH 
44661,Nashville,Ohio ,HOLMES,39,075,OH 
44656,Mineral City,Ohio ,TUSCARAWAS,39,157,OH 
44660,Mount Hope,Ohio ,HOLMES,39,075,OH 
44665,North Georgetown,Ohio ,COLUMBIANA,39,029,OH 
44663,New Philadelphia,Ohio ,TUSCARAWAS,39,157,OH 
44667,Orrville,Ohio ,WAYNE,39,169,OH 
44676,Shreve,Ohio ,WAYNE,39,169,OH 
44669,Paris,Ohio ,STARK,39,151,OH 
44666,North Lawrence,Ohio ,STARK,39,151,OH 
44671,Sandyville,Ohio ,TUSCARAWAS,39,157,OH 
44672,Sebring,Ohio ,MAHONING,39,099,OH 
44675,Sherrodsville,Ohio ,CARROLL,39,019,OH 
44670,Robertsville,Ohio ,STARK,39,151,OH 
44677,Smithville,Ohio ,WAYNE,39,169,OH 
44682,Tuscarawas,Ohio ,TUSCARAWAS,39,157,OH 
44681,Sugarcreek,Ohio ,TUSCARAWAS,39,157,OH 
44679,Stillwater,Ohio ,TUSCARAWAS,39,157,OH 
44683,Uhrichsville,Ohio ,TUSCARAWAS,39,157,OH 
44678,Somerdale,Ohio ,TUSCARAWAS,39,157,OH 
44680,Strasburg,Ohio ,TUSCARAWAS,39,157,OH 
44685,Uniontown,Ohio ,STARK,39,151,OH 
44687,Walnut Creek,Ohio ,HOLMES,39,075,OH 
44688,Waynesburg,Ohio ,STARK,39,151,OH 
44689,Wilmot,Ohio ,STARK,39,151,OH 
44693,Deersville,Ohio ,HARRISON,39,067,OH 
44695,Bowerston,Ohio ,HARRISON,39,067,OH 
44690,Winesburg,Ohio ,HOLMES,39,075,OH 
44691,Wooster,Ohio ,WAYNE,39,169,OH 
44697,Zoar,Ohio ,TUSCARAWAS,39,157,OH 
44699,Tippecanoe,Ohio ,HARRISON,39,067,OH 
44701,Canton,Ohio ,STARK,39,151,OH 
44703,Canton,Ohio ,STARK,39,151,OH 
44702,Canton,Ohio ,STARK,39,151,OH 
44705,Canton,Ohio ,STARK,39,151,OH 
44706,Canton,Ohio ,STARK,39,151,OH 
44707,Canton,Ohio ,STARK,39,151,OH 
44704,Canton,Ohio ,STARK,39,151,OH 
44708,Canton,Ohio ,STARK,39,151,OH 
44709,Canton,Ohio ,STARK,39,151,OH 
44710,Canton,Ohio ,STARK,39,151,OH 
44714,Canton,Ohio ,STARK,39,151,OH 
44711,Canton,Ohio ,STARK,39,151,OH 
44720,North Canton,Ohio ,STARK,39,151,OH 
44721,Canton,Ohio ,STARK,39,151,OH 
44730,East Canton,Ohio ,STARK,39,151,OH 
44735,Canton,Ohio ,STARK,39,151,OH 
44718,Canton,Ohio ,STARK,39,151,OH 
44750,Canton,Ohio ,STARK,39,151,OH 
44809,Bascom,Ohio ,SENECA,39,147,OH 
44805,Ashland,Ohio ,ASHLAND,39,005,OH 
44802,Alvada,Ohio ,SENECA,39,147,OH 
44767,Canton,Ohio ,STARK,39,151,OH 
44807,Attica,Ohio ,SENECA,39,147,OH 
44799,Canton,Ohio ,STARK,39,151,OH 
44804,Arcadia,Ohio ,HANCOCK,39,063,OH 
44811,Bellevue,Ohio ,HURON,39,077,OH 
44813,Bellville,Ohio ,RICHLAND,39,139,OH 
44818,Bloomville,Ohio ,SENECA,39,147,OH 
44822,Butler,Ohio ,RICHLAND,39,139,OH 
44814,Berlin Heights,Ohio ,ERIE,39,043,OH 
44820,Bucyrus,Ohio ,CRAWFORD,39,033,OH 
44815,Bettsville,Ohio ,SENECA,39,147,OH 
44816,Birmingham,Ohio ,ERIE,39,043,OH 
44817,Bloomdale,Ohio ,WOOD,39,173,OH 
44824,Castalia,Ohio ,ERIE,39,043,OH 
44830,Fostoria,Ohio ,SENECA,39,147,OH 
44833,Galion,Ohio ,CRAWFORD,39,033,OH 
44825,Chatfield,Ohio ,CRAWFORD,39,033,OH 
44826,Collins,Ohio ,HURON,39,077,OH 
44836,Green Springs,Ohio ,SENECA,39,147,OH 
44827,Crestline,Ohio ,CRAWFORD,39,033,OH 
44828,Flat Rock,Ohio ,SENECA,39,147,OH 
44837,Greenwich,Ohio ,HURON,39,077,OH 
44839,Huron,Ohio ,ERIE,39,043,OH 
44840,Jeromesville,Ohio ,ASHLAND,39,005,OH 
44841,Kansas,Ohio ,SENECA,39,147,OH 
44843,Lucas,Ohio ,RICHLAND,39,139,OH 
44842,Loudonville,Ohio ,ASHLAND,39,005,OH 
44838,Hayesville,Ohio ,ASHLAND,39,005,OH 
44844,Mc Cutchenville,Ohio ,WYANDOT,39,175,OH 
44845,Melmore,Ohio ,SENECA,39,147,OH 
44853,New Riegel,Ohio ,SENECA,39,147,OH 
44848,Nankin,Ohio ,ASHLAND,39,005,OH 
44851,New London,Ohio ,HURON,39,077,OH 
44846,Milan,Ohio ,ERIE,39,043,OH 
44847,Monroeville,Ohio ,HURON,39,077,OH 
44850,New Haven,Ohio ,HURON,39,077,OH 
44849,Nevada,Ohio ,WYANDOT,39,175,OH 
44854,New Washington,Ohio ,CRAWFORD,39,033,OH 
44857,Norwalk,Ohio ,HURON,39,077,OH 
44861,Old Fort,Ohio ,SENECA,39,147,OH 
44856,North Robinson,Ohio ,CRAWFORD,39,033,OH 
44862,Ontario,Ohio ,RICHLAND,39,139,OH 
44855,North Fairfield,Ohio ,HURON,39,077,OH 
44860,Oceola,Ohio ,CRAWFORD,39,033,OH 
44859,Nova,Ohio ,ASHLAND,39,005,OH 
44864,Perrysville,Ohio ,ASHLAND,39,005,OH 
44865,Plymouth,Ohio ,HURON,39,077,OH 
44874,Savannah,Ohio ,ASHLAND,39,005,OH 
44867,Republic,Ohio ,SENECA,39,147,OH 
44871,Sandusky,Ohio ,ERIE,39,043,OH 
44878,Shiloh,Ohio ,RICHLAND,39,139,OH 
44870,Sandusky,Ohio ,ERIE,39,043,OH 
44866,Polk,Ohio ,ASHLAND,39,005,OH 
44875,Shelby,Ohio ,RICHLAND,39,139,OH 
44880,Sullivan,Ohio ,ASHLAND,39,005,OH 
44889,Wakeman,Ohio ,HURON,39,077,OH 
44890,Willard,Ohio ,HURON,39,077,OH 
44881,Sulphur Springs,Ohio ,CRAWFORD,39,033,OH 
44883,Tiffin,Ohio ,SENECA,39,147,OH 
44887,Tiro,Ohio ,CRAWFORD,39,033,OH 
44888,Willard,Ohio ,HURON,39,077,OH 
44882,Sycamore,Ohio ,WYANDOT,39,175,OH 
44901,Mansfield,Ohio ,RICHLAND,39,139,OH 
44902,Mansfield,Ohio ,RICHLAND,39,139,OH 
44903,Mansfield,Ohio ,RICHLAND,39,139,OH 
44907,Mansfield,Ohio ,RICHLAND,39,139,OH 
44906,Mansfield,Ohio ,RICHLAND,39,139,OH 
44905,Mansfield,Ohio ,RICHLAND,39,139,OH 
45001,Addyston,Ohio ,HAMILTON,39,061,OH 
44904,Mansfield,Ohio ,RICHLAND,39,139,OH 
45002,Cleves,Ohio ,HAMILTON,39,061,OH 
45003,College Corner,Ohio ,BUTLER,39,017,OH 
45015,Hamilton,Ohio ,BUTLER,39,017,OH 
45012,Hamilton,Ohio ,BUTLER,39,017,OH 
45011,Hamilton,Ohio ,BUTLER,39,017,OH 
45004,Collinsville,Ohio ,BUTLER,39,017,OH 
45014,Fairfield,Ohio ,BUTLER,39,017,OH 
45013,Hamilton,Ohio ,BUTLER,39,017,OH 
45005,Franklin,Ohio ,WARREN,39,165,OH 
45018,Fairfield,Ohio ,BUTLER,39,017,OH 
45032,Harveysburg,Ohio ,WARREN,39,165,OH 
45030,Harrison,Ohio ,HAMILTON,39,061,OH 
45034,Kings Mills,Ohio ,WARREN,39,165,OH 
45033,Hooven,Ohio ,HAMILTON,39,061,OH 
45040,Mason,Ohio ,WARREN,39,165,OH 
45039,Maineville,Ohio ,WARREN,39,165,OH 
45036,Lebanon,Ohio ,WARREN,39,165,OH 
45041,Miamitown,Ohio ,HAMILTON,39,061,OH 
45044,Middletown,Ohio ,BUTLER,39,017,OH 
45050,Monroe,Ohio ,BUTLER,39,017,OH 
45053,Okeana,Ohio ,BUTLER,39,017,OH 
45052,North Bend,Ohio ,HAMILTON,39,061,OH 
45051,Mount Saint Joseph,Ohio ,HAMILTON,39,061,OH 
45042,Middletown,Ohio ,BUTLER,39,017,OH 
45054,Oregonia,Ohio ,WARREN,39,165,OH 
45055,Overpeck,Ohio ,BUTLER,39,017,OH 
45056,Oxford,Ohio ,BUTLER,39,017,OH 
45066,Springboro,Ohio ,WARREN,39,165,OH 
45063,Shandon,Ohio ,BUTLER,39,017,OH 
45061,Ross,Ohio ,BUTLER,39,017,OH 
45064,Somerville,Ohio ,BUTLER,39,017,OH 
45062,Seven Mile,Ohio ,BUTLER,39,017,OH 
45065,South Lebanon,Ohio ,WARREN,39,165,OH 
45067,Trenton,Ohio ,BUTLER,39,017,OH 
45068,Waynesville,Ohio ,WARREN,39,165,OH 
45069,West Chester,Ohio ,BUTLER,39,017,OH 
45101,Aberdeen,Ohio ,BROWN,39,015,OH 
45102,Amelia,Ohio ,CLERMONT,39,025,OH 
45105,Bentonville,Ohio ,ADAMS,39,001,OH 
45071,West Chester,Ohio ,BUTLER,39,017,OH 
45103,Batavia,Ohio ,CLERMONT,39,025,OH 
45070,West Elkton,Ohio ,PREBLE,39,135,OH 
45106,Bethel,Ohio ,CLERMONT,39,025,OH 
45107,Blanchester,Ohio ,CLINTON,39,027,OH 
45118,Fayetteville,Ohio ,BROWN,39,015,OH 
45114,Cuba,Ohio ,CLINTON,39,027,OH 
45113,Clarksville,Ohio ,CLINTON,39,027,OH 
45115,Decatur,Ohio ,BROWN,39,015,OH 
45119,Feesburg,Ohio ,BROWN,39,015,OH 
45111,Camp Dennison,Ohio ,HAMILTON,39,061,OH 
45112,Chilo,Ohio ,CLERMONT,39,025,OH 
45120,Felicity,Ohio ,CLERMONT,39,025,OH 
45130,Hamersville,Ohio ,BROWN,39,015,OH 
45131,Higginsport,Ohio ,BROWN,39,015,OH 
45121,Georgetown,Ohio ,BROWN,39,015,OH 
45123,Greenfield,Ohio ,HIGHLAND,39,071,OH 
45133,Hillsboro,Ohio ,HIGHLAND,39,071,OH 
45132,Highland,Ohio ,HIGHLAND,39,071,OH 
45122,Goshen,Ohio ,CLERMONT,39,025,OH 
45135,Leesburg,Ohio ,HIGHLAND,39,071,OH 
45144,Manchester,Ohio ,ADAMS,39,001,OH 
45146,Martinsville,Ohio ,CLINTON,39,027,OH 
45148,Midland,Ohio ,CLINTON,39,027,OH 
45140,Loveland,Ohio ,CLERMONT,39,025,OH 
45142,Lynchburg,Ohio ,HIGHLAND,39,071,OH 
45150,Milford,Ohio ,CLERMONT,39,025,OH 
45147,Miamiville,Ohio ,CLERMONT,39,025,OH 
45152,Morrow,Ohio ,WARREN,39,165,OH 
45158,Newtonsville,Ohio ,CLERMONT,39,025,OH 
45157,New Richmond,Ohio ,CLERMONT,39,025,OH 
45155,Mowrystown,Ohio ,HIGHLAND,39,071,OH 
45156,Neville,Ohio ,CLERMONT,39,025,OH 
45154,Mount Orab,Ohio ,BROWN,39,015,OH 
45153,Moscow,Ohio ,CLERMONT,39,025,OH 
45159,New Vienna,Ohio ,CLINTON,39,027,OH 
45160,Owensville,Ohio ,CLERMONT,39,025,OH 
45164,Port William,Ohio ,CLINTON,39,027,OH 
45162,Pleasant Plain,Ohio ,WARREN,39,165,OH 
45166,Reesville,Ohio ,CLINTON,39,027,OH 
45172,Sinking Spring,Ohio ,HIGHLAND,39,071,OH 
45171,Sardinia,Ohio ,BROWN,39,015,OH 
45168,Russellville,Ohio ,BROWN,39,015,OH 
45169,Sabina,Ohio ,CLINTON,39,027,OH 
45167,Ripley,Ohio ,BROWN,39,015,OH 
45174,Terrace Park,Ohio ,HAMILTON,39,061,OH 
45176,Williamsburg,Ohio ,CLERMONT,39,025,OH 
45177,Wilmington,Ohio ,CLINTON,39,027,OH 
45204,Cincinnati,Ohio ,HAMILTON,39,061,OH 
45201,Cincinnati,Ohio ,HAMILTON,39,061,OH 
45203,Cincinnati,Ohio ,HAMILTON,39,061,OH 
45205,Cincinnati,Ohio ,HAMILTON,39,061,OH 
45202,Cincinnati,Ohio ,HAMILTON,39,061,OH 
45206,Cincinnati,Ohio ,HAMILTON,39,061,OH 
45207,Cincinnati,Ohio ,HAMILTON,39,061,OH 
45211,Cincinnati,Ohio ,HAMILTON,39,061,OH 
45208,Cincinnati,Ohio ,HAMILTON,39,061,OH 
45212,Cincinnati,Ohio ,HAMILTON,39,061,OH 
45213,Cincinnati,Ohio ,HAMILTON,39,061,OH 
45214,Cincinnati,Ohio ,HAMILTON,39,061,OH 
45209,Cincinnati,Ohio ,HAMILTON,39,061,OH 
45216,Cincinnati,Ohio ,HAMILTON,39,061,OH 
45215,Cincinnati,Ohio ,HAMILTON,39,061,OH 
45221,Cincinnati,Ohio ,HAMILTON,39,061,OH 
45217,Cincinnati,Ohio ,HAMILTON,39,061,OH 
45218,Cincinnati,Ohio ,HAMILTON,39,061,OH 
45219,Cincinnati,Ohio ,HAMILTON,39,061,OH 
45222,Cincinnati,Ohio ,HAMILTON,39,061,OH 
45220,Cincinnati,Ohio ,HAMILTON,39,061,OH 
45223,Cincinnati,Ohio ,HAMILTON,39,061,OH 
45224,Cincinnati,Ohio ,HAMILTON,39,061,OH 
45225,Cincinnati,Ohio ,HAMILTON,39,061,OH 
45226,Cincinnati,Ohio ,HAMILTON,39,061,OH 
45227,Cincinnati,Ohio ,HAMILTON,39,061,OH 
45230,Cincinnati,Ohio ,HAMILTON,39,061,OH 
45232,Cincinnati,Ohio ,HAMILTON,39,061,OH 
45233,Cincinnati,Ohio ,HAMILTON,39,061,OH 
45229,Cincinnati,Ohio ,HAMILTON,39,061,OH 
45231,Cincinnati,Ohio ,HAMILTON,39,061,OH 
45234,Cincinnati,Ohio ,HAMILTON,39,061,OH 
45239,Cincinnati,Ohio ,HAMILTON,39,061,OH 
45238,Cincinnati,Ohio ,HAMILTON,39,061,OH 
45241,Cincinnati,Ohio ,HAMILTON,39,061,OH 
45235,Cincinnati,Ohio ,HAMILTON,39,061,OH 
45236,Cincinnati,Ohio ,HAMILTON,39,061,OH 
45240,Cincinnati,Ohio ,HAMILTON,39,061,OH 
45237,Cincinnati,Ohio ,HAMILTON,39,061,OH 
45242,Cincinnati,Ohio ,HAMILTON,39,061,OH 
45243,Cincinnati,Ohio ,HAMILTON,39,061,OH 
45245,Cincinnati,Ohio ,CLERMONT,39,025,OH 
45247,Cincinnati,Ohio ,HAMILTON,39,061,OH 
45249,Cincinnati,Ohio ,HAMILTON,39,061,OH 
45248,Cincinnati,Ohio ,HAMILTON,39,061,OH 
45244,Cincinnati,Ohio ,HAMILTON,39,061,OH 
45246,Cincinnati,Ohio ,HAMILTON,39,061,OH 
45250,Cincinnati,Ohio ,HAMILTON,39,061,OH 
45251,Cincinnati,Ohio ,HAMILTON,39,061,OH 
45254,Cincinnati,Ohio ,HAMILTON,39,061,OH 
45255,Cincinnati,Ohio ,HAMILTON,39,061,OH 
45263,Cincinnati,Ohio ,HAMILTON,39,061,OH 
45253,Cincinnati,Ohio ,HAMILTON,39,061,OH 
45252,Cincinnati,Ohio ,HAMILTON,39,061,OH 
45262,Cincinnati,Ohio ,HAMILTON,39,061,OH 
45258,Cincinnati,Ohio ,HAMILTON,39,061,OH 
45264,Cincinnati,Ohio ,HAMILTON,39,061,OH 
45269,Cincinnati,Ohio ,HAMILTON,39,061,OH 
45268,Cincinnati,Ohio ,HAMILTON,39,061,OH 
45267,Cincinnati,Ohio ,HAMILTON,39,061,OH 
45273,Cincinnati,Ohio ,HAMILTON,39,061,OH 
45274,Cincinnati,Ohio ,HAMILTON,39,061,OH 
45271,Cincinnati,Ohio ,HAMILTON,39,061,OH 
45270,Cincinnati,Ohio ,HAMILTON,39,061,OH 
45275,Cincinnati,Ohio ,HAMILTON,39,061,OH 
45298,Cincinnati,Ohio ,HAMILTON,39,061,OH 
45302,Anna,Ohio ,SHELBY,39,149,OH 
45296,Cincinnati,Ohio ,HAMILTON,39,061,OH 
45301,Alpha,Ohio ,GREENE,39,057,OH 
45299,Cincinnati,Ohio ,HAMILTON,39,061,OH 
45277,Cincinnati,Ohio ,HAMILTON,39,061,OH 
45280,Cincinnati,Ohio ,HAMILTON,39,061,OH 
45303,Ansonia,Ohio ,DARKE,39,037,OH 
45310,Burkettsville,Ohio ,MERCER,39,107,OH 
45308,Bradford,Ohio ,MIAMI,39,109,OH 
45305,Bellbrook,Ohio ,GREENE,39,057,OH 
45304,Arcanum,Ohio ,DARKE,39,037,OH 
45307,Bowersville,Ohio ,GREENE,39,057,OH 
45311,Camden,Ohio ,PREBLE,39,135,OH 
45306,Botkins,Ohio ,SHELBY,39,149,OH 
45309,Brookville,Ohio ,MONTGOMERY,39,113,OH 
45312,Casstown,Ohio ,MIAMI,39,109,OH 
45314,Cedarville,Ohio ,GREENE,39,057,OH 
45315,Clayton,Ohio ,MONTGOMERY,39,113,OH 
45316,Clifton,Ohio ,GREENE,39,057,OH 
45319,Donnelsville,Ohio ,CLARK,39,023,OH 
45318,Covington,Ohio ,MIAMI,39,109,OH 
45320,Eaton,Ohio ,PREBLE,39,135,OH 
45317,Conover,Ohio ,MIAMI,39,109,OH 
45321,Eldorado,Ohio ,PREBLE,39,135,OH 
45322,Englewood,Ohio ,MONTGOMERY,39,113,OH 
45327,Germantown,Ohio ,MONTGOMERY,39,113,OH 
45328,Gettysburg,Ohio ,DARKE,39,037,OH 
45323,Enon,Ohio ,CLARK,39,023,OH 
45325,Farmersville,Ohio ,MONTGOMERY,39,113,OH 
45324,Fairborn,Ohio ,GREENE,39,057,OH 
45326,Fletcher,Ohio ,MIAMI,39,109,OH 
45330,Gratis,Ohio ,PREBLE,39,135,OH 
45331,Greenville,Ohio ,DARKE,39,037,OH 
45333,Houston,Ohio ,SHELBY,39,149,OH 
45336,Kettlersville,Ohio ,SHELBY,39,149,OH 
45332,Hollansburg,Ohio ,DARKE,39,037,OH 
45337,Laura,Ohio ,MIAMI,39,109,OH 
45334,Jackson Center,Ohio ,SHELBY,39,149,OH 
45335,Jamestown,Ohio ,GREENE,39,057,OH 
45338,Lewisburg,Ohio ,PREBLE,39,135,OH 
45339,Ludlow Falls,Ohio ,MIAMI,39,109,OH 
45343,Miamisburg,Ohio ,MONTGOMERY,39,113,OH 
45342,Miamisburg,Ohio ,MONTGOMERY,39,113,OH 
45344,New Carlisle,Ohio ,CLARK,39,023,OH 
45340,Maplewood,Ohio ,SHELBY,39,149,OH 
45341,Medway,Ohio ,CLARK,39,023,OH 
45345,New Lebanon,Ohio ,MONTGOMERY,39,113,OH 
45346,New Madison,Ohio ,DARKE,39,037,OH 
45347,New Paris,Ohio ,PREBLE,39,135,OH 
45353,Pemberton,Ohio ,SHELBY,39,149,OH 
45350,North Star,Ohio ,DARKE,39,037,OH 
45352,Palestine,Ohio ,DARKE,39,037,OH 
45354,Phillipsburg,Ohio ,MONTGOMERY,39,113,OH 
45349,North Hampton,Ohio ,CLARK,39,023,OH 
45348,New Weston,Ohio ,DARKE,39,037,OH 
45351,Osgood,Ohio ,DARKE,39,037,OH 
45356,Piqua,Ohio ,MIAMI,39,109,OH 
45360,Port Jefferson,Ohio ,SHELBY,39,149,OH 
45359,Pleasant Hill,Ohio ,MIAMI,39,109,OH 
45365,Sidney,Ohio ,SHELBY,39,149,OH 
45358,Pitsburg,Ohio ,DARKE,39,037,OH 
45362,Rossburg,Ohio ,DARKE,39,037,OH 
45361,Potsdam,Ohio ,MIAMI,39,109,OH 
45367,Sidney,Ohio ,SHELBY,39,149,OH 
45363,Russia,Ohio ,SHELBY,39,149,OH 
45374,Troy,Ohio ,MIAMI,39,109,OH 
45372,Tremont City,Ohio ,CLARK,39,023,OH 
45370,Spring Valley,Ohio ,GREENE,39,057,OH 
45368,South Charleston,Ohio ,CLARK,39,023,OH 
45371,Tipp City,Ohio ,MIAMI,39,109,OH 
45369,South Vienna,Ohio ,CLARK,39,023,OH 
45373,Troy,Ohio ,MIAMI,39,109,OH 
45377,Vandalia,Ohio ,MONTGOMERY,39,113,OH 
45383,West Milton,Ohio ,MIAMI,39,109,OH 
45381,West Alexandria,Ohio ,PREBLE,39,135,OH 
45387,Yellow Springs,Ohio ,GREENE,39,057,OH 
45384,Wilberforce,Ohio ,GREENE,39,057,OH 
45382,West Manchester,Ohio ,PREBLE,39,135,OH 
45378,Verona,Ohio ,PREBLE,39,135,OH 
45380,Versailles,Ohio ,DARKE,39,037,OH 
45385,Xenia,Ohio ,GREENE,39,057,OH 
45388,Yorkshire,Ohio ,DARKE,39,037,OH 
45389,Christiansburg,Ohio ,CHAMPAIGN,39,021,OH 
45405,Dayton,Ohio ,MONTGOMERY,39,113,OH 
45402,Dayton,Ohio ,MONTGOMERY,39,113,OH 
45390,Union City,Ohio ,DARKE,39,037,OH 
45404,Dayton,Ohio ,MONTGOMERY,39,113,OH 
45403,Dayton,Ohio ,MONTGOMERY,39,113,OH 
45401,Dayton,Ohio ,MONTGOMERY,39,113,OH 
45406,Dayton,Ohio ,MONTGOMERY,39,113,OH 
45415,Dayton,Ohio ,MONTGOMERY,39,113,OH 
45410,Dayton,Ohio ,MONTGOMERY,39,113,OH 
45409,Dayton,Ohio ,MONTGOMERY,39,113,OH 
45414,Dayton,Ohio ,MONTGOMERY,39,113,OH 
45413,Dayton,Ohio ,MONTGOMERY,39,113,OH 
45416,Dayton,Ohio ,MONTGOMERY,39,113,OH 
45412,Dayton,Ohio ,MONTGOMERY,39,113,OH 
45417,Dayton,Ohio ,MONTGOMERY,39,113,OH 
45423,Dayton,Ohio ,MONTGOMERY,39,113,OH 
45419,Dayton,Ohio ,MONTGOMERY,39,113,OH 
45428,Dayton,Ohio ,MONTGOMERY,39,113,OH 
45424,Dayton,Ohio ,MONTGOMERY,39,113,OH 
45420,Dayton,Ohio ,MONTGOMERY,39,113,OH 
45422,Dayton,Ohio ,MONTGOMERY,39,113,OH 
45426,Dayton,Ohio ,MONTGOMERY,39,113,OH 
45429,Dayton,Ohio ,MONTGOMERY,39,113,OH 
45434,Dayton,Ohio ,GREENE,39,057,OH 
45433,Dayton,Ohio ,GREENE,39,057,OH 
45430,Dayton,Ohio ,MONTGOMERY,39,113,OH 
45431,Dayton,Ohio ,GREENE,39,057,OH 
45435,Dayton,Ohio ,GREENE,39,057,OH 
45437,Dayton,Ohio ,MONTGOMERY,39,113,OH 
45432,Dayton,Ohio ,GREENE,39,057,OH 
45439,Dayton,Ohio ,MONTGOMERY,39,113,OH 
45449,Dayton,Ohio ,MONTGOMERY,39,113,OH 
45440,Dayton,Ohio ,MONTGOMERY,39,113,OH 
45470,Dayton,Ohio ,MONTGOMERY,39,113,OH 
45448,Dayton,Ohio ,MONTGOMERY,39,113,OH 
45459,Dayton,Ohio ,MONTGOMERY,39,113,OH 
45441,Dayton,Ohio ,MONTGOMERY,39,113,OH 
45458,Dayton,Ohio ,MONTGOMERY,39,113,OH 
45469,Dayton,Ohio ,MONTGOMERY,39,113,OH 
45475,Dayton,Ohio ,MONTGOMERY,39,113,OH 
45481,Dayton,Ohio ,MONTGOMERY,39,113,OH 
45502,Springfield,Ohio ,CLARK,39,023,OH 
45503,Springfield,Ohio ,CLARK,39,023,OH 
45479,Dayton,Ohio ,MONTGOMERY,39,113,OH 
45482,Dayton,Ohio ,MONTGOMERY,39,113,OH 
45501,Springfield,Ohio ,CLARK,39,023,OH 
45490,Dayton,Ohio ,MONTGOMERY,39,113,OH 
45504,Springfield,Ohio ,CLARK,39,023,OH 
45614,Bidwell,Ohio ,GALLIA,39,053,OH 
45601,Chillicothe,Ohio ,ROSS,39,141,OH 
45613,Beaver,Ohio ,PIKE,39,131,OH 
45612,Bainbridge,Ohio ,ROSS,39,141,OH 
45506,Springfield,Ohio ,CLARK,39,023,OH 
45616,Blue Creek,Ohio ,ADAMS,39,001,OH 
45505,Springfield,Ohio ,CLARK,39,023,OH 
45617,Bourneville,Ohio ,ROSS,39,141,OH 
45618,Cherry Fork,Ohio ,ADAMS,39,001,OH 
45619,Chesapeake,Ohio ,LAWRENCE,39,087,OH 
45623,Crown City,Ohio ,GALLIA,39,053,OH 
45620,Cheshire,Ohio ,GALLIA,39,053,OH 
45621,Coalton,Ohio ,JACKSON,39,079,OH 
45622,Creola,Ohio ,VINTON,39,163,OH 
45624,Cynthiana,Ohio ,PIKE,39,131,OH 
45628,Frankfort,Ohio ,ROSS,39,141,OH 
45629,Franklin Furnace,Ohio ,SCIOTO,39,145,OH 
45630,Friendship,Ohio ,SCIOTO,39,145,OH 
45633,Hallsville,Ohio ,ROSS,39,141,OH 
45636,Haverhill,Ohio ,SCIOTO,39,145,OH 
45631,Gallipolis,Ohio ,GALLIA,39,053,OH 
45638,Ironton,Ohio ,LAWRENCE,39,087,OH 
45634,Hamden,Ohio ,VINTON,39,163,OH 
45640,Jackson,Ohio ,JACKSON,39,079,OH 
45642,Jasper,Ohio ,PIKE,39,131,OH 
45643,Kerr,Ohio ,GALLIA,39,053,OH 
45647,Londonderry,Ohio ,ROSS,39,141,OH 
45644,Kingston,Ohio ,ROSS,39,141,OH 
45645,Kitts Hill,Ohio ,LAWRENCE,39,087,OH 
45646,Latham,Ohio ,PIKE,39,131,OH 
45648,Lucasville,Ohio ,SCIOTO,39,145,OH 
45651,Mc Arthur,Ohio ,VINTON,39,163,OH 
45650,Lynx,Ohio ,ADAMS,39,001,OH 
45654,New Plymouth,Ohio ,VINTON,39,163,OH 
45657,Otway,Ohio ,SCIOTO,39,145,OH 
45653,Minford,Ohio ,SCIOTO,39,145,OH 
45652,Mc Dermott,Ohio ,SCIOTO,39,145,OH 
45656,Oak Hill,Ohio ,JACKSON,39,079,OH 
45658,Patriot,Ohio ,GALLIA,39,053,OH 
45659,Pedro,Ohio ,LAWRENCE,39,087,OH 
45660,Peebles,Ohio ,ADAMS,39,001,OH 
45669,Proctorville,Ohio ,LAWRENCE,39,087,OH 
45662,Portsmouth,Ohio ,SCIOTO,39,145,OH 
45672,Ray,Ohio ,VINTON,39,163,OH 
45661,Piketon,Ohio ,PIKE,39,131,OH 
45663,West Portsmouth,Ohio ,SCIOTO,39,145,OH 
45671,Rarden,Ohio ,SCIOTO,39,145,OH 
45673,Richmond Dale,Ohio ,ROSS,39,141,OH 
45674,Rio Grande,Ohio ,GALLIA,39,053,OH 
45675,Rock Camp,Ohio ,LAWRENCE,39,087,OH 
45678,Scottown,Ohio ,LAWRENCE,39,087,OH 
45681,South Salem,Ohio ,ROSS,39,141,OH 
45680,South Point,Ohio ,LAWRENCE,39,087,OH 
45679,Seaman,Ohio ,ADAMS,39,001,OH 
45677,Scioto Furnace,Ohio ,SCIOTO,39,145,OH 
45682,South Webster,Ohio ,SCIOTO,39,145,OH 
45683,Stockdale,Ohio ,PIKE,39,131,OH 
45684,Stout,Ohio ,ADAMS,39,001,OH 
45685,Thurman,Ohio ,GALLIA,39,053,OH 
45686,Vinton,Ohio ,GALLIA,39,053,OH 
45688,Waterloo,Ohio ,LAWRENCE,39,087,OH 
45687,Wakefield,Ohio ,PIKE,39,131,OH 
45693,West Union,Ohio ,ADAMS,39,001,OH 
45690,Waverly,Ohio ,PIKE,39,131,OH 
45692,Wellston,Ohio ,JACKSON,39,079,OH 
45695,Wilkesville,Ohio ,VINTON,39,163,OH 
45694,Wheelersburg,Ohio ,SCIOTO,39,145,OH 
45697,Winchester,Ohio ,ADAMS,39,001,OH 
45696,Willow Wood,Ohio ,LAWRENCE,39,087,OH 
45698,Zaleski,Ohio ,VINTON,39,163,OH 
45699,Lucasville,Ohio ,SCIOTO,39,145,OH 
45701,Athens,Ohio ,ATHENS,39,009,OH 
45713,Bartlett,Ohio ,WASHINGTON,39,167,OH 
45711,Amesville,Ohio ,ATHENS,39,009,OH 
45710,Albany,Ohio ,ATHENS,39,009,OH 
45714,Belpre,Ohio ,WASHINGTON,39,167,OH 
45712,Barlow,Ohio ,WASHINGTON,39,167,OH 
45715,Beverly,Ohio ,WASHINGTON,39,167,OH 
45716,Buchtel,Ohio ,ATHENS,39,009,OH 
45717,Carbondale,Ohio ,ATHENS,39,009,OH 
45723,Coolville,Ohio ,ATHENS,39,009,OH 
45724,Cutler,Ohio ,WASHINGTON,39,167,OH 
45719,Chauncey,Ohio ,ATHENS,39,009,OH 
45721,Coal Run,Ohio ,WASHINGTON,39,167,OH 
45720,Chester,Ohio ,MEIGS,39,105,OH 
45727,Dexter City,Ohio ,NOBLE,39,121,OH 
45729,Fleming,Ohio ,WASHINGTON,39,167,OH 
45732,Glouster,Ohio ,ATHENS,39,009,OH 
45734,Graysville,Ohio ,MONROE,39,111,OH 
45740,Jacksonville,Ohio ,ATHENS,39,009,OH 
45739,Hockingport,Ohio ,ATHENS,39,009,OH 
45742,Little Hocking,Ohio ,WASHINGTON,39,167,OH 
45741,Langsville,Ohio ,MEIGS,39,105,OH 
45735,Guysville,Ohio ,ATHENS,39,009,OH 
45743,Long Bottom,Ohio ,MEIGS,39,105,OH 
45744,Lowell,Ohio ,WASHINGTON,39,167,OH 
45745,Lower Salem,Ohio ,WASHINGTON,39,167,OH 
45746,Macksburg,Ohio ,WASHINGTON,39,167,OH 
45760,Middleport,Ohio ,MEIGS,39,105,OH 
45764,Nelsonville,Ohio ,ATHENS,39,009,OH 
45761,Millfield,Ohio ,ATHENS,39,009,OH 
45750,Marietta,Ohio ,WASHINGTON,39,167,OH 
45766,New Marshfield,Ohio ,ATHENS,39,009,OH 
45767,New Matamoras,Ohio ,WASHINGTON,39,167,OH 
45768,Newport,Ohio ,WASHINGTON,39,167,OH 
45769,Pomeroy,Ohio ,MEIGS,39,105,OH 
45772,Reedsville,Ohio ,MEIGS,39,105,OH 
45773,Reno,Ohio ,WASHINGTON,39,167,OH 
45776,Shade,Ohio ,ATHENS,39,009,OH 
45771,Racine,Ohio ,MEIGS,39,105,OH 
45775,Rutland,Ohio ,MEIGS,39,105,OH 
45770,Portland,Ohio ,MEIGS,39,105,OH 
45778,Stewart,Ohio ,ATHENS,39,009,OH 
45777,Sharpsburg,Ohio ,ATHENS,39,009,OH 
45779,Syracuse,Ohio ,MEIGS,39,105,OH 
45783,Tuppers Plains,Ohio ,MEIGS,39,105,OH 
45784,Vincent,Ohio ,WASHINGTON,39,167,OH 
45782,Trimble,Ohio ,ATHENS,39,009,OH 
45786,Waterford,Ohio ,WASHINGTON,39,167,OH 
45780,The Plains,Ohio ,ATHENS,39,009,OH 
45787,Watertown,Ohio ,WASHINGTON,39,167,OH 
45788,Whipple,Ohio ,WASHINGTON,39,167,OH 
45801,Lima,Ohio ,ALLEN,39,003,OH 
45802,Lima,Ohio ,ALLEN,39,003,OH 
45804,Lima,Ohio ,ALLEN,39,003,OH 
45805,Lima,Ohio ,ALLEN,39,003,OH 
45806,Lima,Ohio ,ALLEN,39,003,OH 
45808,Beaverdam,Ohio ,ALLEN,39,003,OH 
45789,Wingett Run,Ohio ,WASHINGTON,39,167,OH 
45807,Lima,Ohio ,ALLEN,39,003,OH 
45809,Gomer,Ohio ,ALLEN,39,003,OH 
45810,Ada,Ohio ,HARDIN,39,065,OH 
45813,Antwerp,Ohio ,PAULDING,39,125,OH 
45816,Benton Ridge,Ohio ,HANCOCK,39,063,OH 
45812,Alger,Ohio ,HARDIN,39,065,OH 
45815,Belmore,Ohio ,PUTNAM,39,137,OH 
45814,Arlington,Ohio ,HANCOCK,39,063,OH 
45817,Bluffton,Ohio ,ALLEN,39,003,OH 
45819,Buckland,Ohio ,AUGLAIZE,39,011,OH 
45820,Cairo,Ohio ,ALLEN,39,003,OH 
45827,Cloverdale,Ohio ,PUTNAM,39,137,OH 
45830,Columbus Grove,Ohio ,PUTNAM,39,137,OH 
45822,Celina,Ohio ,MERCER,39,107,OH 
45826,Chickasaw,Ohio ,MERCER,39,107,OH 
45828,Coldwater,Ohio ,MERCER,39,107,OH 
45821,Cecil,Ohio ,PAULDING,39,125,OH 
45831,Continental,Ohio ,PUTNAM,39,137,OH 
45832,Convoy,Ohio ,VAN WERT,39,161,OH 
45838,Elgin,Ohio ,VAN WERT,39,161,OH 
45835,Dola,Ohio ,HARDIN,39,065,OH 
45839,Findlay,Ohio ,HANCOCK,39,063,OH 
45837,Dupont,Ohio ,PUTNAM,39,137,OH 
45833,Delphos,Ohio ,ALLEN,39,003,OH 
45836,Dunkirk,Ohio ,HARDIN,39,065,OH 
45840,Findlay,Ohio ,HANCOCK,39,063,OH 
45841,Jenera,Ohio ,HANCOCK,39,063,OH 
45845,Fort Loramie,Ohio ,SHELBY,39,149,OH 
45844,Fort Jennings,Ohio ,PUTNAM,39,137,OH 
45843,Forest,Ohio ,HARDIN,39,065,OH 
45846,Fort Recovery,Ohio ,MERCER,39,107,OH 
45848,Glandorf,Ohio ,PUTNAM,39,137,OH 
45849,Grover Hill,Ohio ,PAULDING,39,125,OH 
45851,Haviland,Ohio ,PAULDING,39,125,OH 
45850,Harrod,Ohio ,ALLEN,39,003,OH 
45858,Mc Comb,Ohio ,HANCOCK,39,063,OH 
45853,Kalida,Ohio ,PUTNAM,39,137,OH 
45861,Melrose,Ohio ,PAULDING,39,125,OH 
45859,Mc Guffey,Ohio ,HARDIN,39,065,OH 
45856,Leipsic,Ohio ,PUTNAM,39,137,OH 
45855,Latty,Ohio ,PAULDING,39,125,OH 
45854,Lafayette,Ohio ,ALLEN,39,003,OH 
45860,Maria Stein,Ohio ,MERCER,39,107,OH 
45864,Miller City,Ohio ,PUTNAM,39,137,OH 
45867,Mount Blanchard,Ohio ,HANCOCK,39,063,OH 
45868,Mount Cory,Ohio ,HANCOCK,39,063,OH 
45865,Minster,Ohio ,AUGLAIZE,39,011,OH 
45863,Middle Point,Ohio ,VAN WERT,39,161,OH 
45869,New Bremen,Ohio ,AUGLAIZE,39,011,OH 
45862,Mendon,Ohio ,MERCER,39,107,OH 
45866,Montezuma,Ohio ,MERCER,39,107,OH 
45870,New Hampshire,Ohio ,AUGLAIZE,39,011,OH 
45876,Ottoville,Ohio ,PUTNAM,39,137,OH 
45875,Ottawa,Ohio ,PUTNAM,39,137,OH 
45873,Oakwood,Ohio ,PAULDING,39,125,OH 
45874,Ohio City,Ohio ,VAN WERT,39,161,OH 
45871,New Knoxville,Ohio ,AUGLAIZE,39,011,OH 
45877,Pandora,Ohio ,PUTNAM,39,137,OH 
45872,North Baltimore,Ohio ,WOOD,39,173,OH 
45879,Paulding,Ohio ,PAULDING,39,125,OH 
45881,Rawson,Ohio ,HANCOCK,39,063,OH 
45880,Payne,Ohio ,PAULDING,39,125,OH 
45885,Saint Marys,Ohio ,AUGLAIZE,39,011,OH 
45883,Saint Henry,Ohio ,MERCER,39,107,OH 
45882,Rockford,Ohio ,MERCER,39,107,OH 
45886,Scott,Ohio ,VAN WERT,39,161,OH 
45884,Saint Johns,Ohio ,AUGLAIZE,39,011,OH 
45887,Spencerville,Ohio ,ALLEN,39,003,OH 
45888,Uniopolis,Ohio ,AUGLAIZE,39,011,OH 
45890,Vanlue,Ohio ,HANCOCK,39,063,OH 
45889,Van Buren,Ohio ,HANCOCK,39,063,OH 
45893,Vaughnsville,Ohio ,PUTNAM,39,137,OH 
45896,Waynesfield,Ohio ,AUGLAIZE,39,011,OH 
45894,Venedocia,Ohio ,VAN WERT,39,161,OH 
45891,Van Wert,Ohio ,VAN WERT,39,161,OH 
45895,Wapakoneta,Ohio ,AUGLAIZE,39,011,OH 
45897,Williamstown,Ohio ,HANCOCK,39,063,OH 
45898,Willshire,Ohio ,VAN WERT,39,161,OH 
45899,Wren,Ohio ,VAN WERT,39,161,OH 
45999,Cincinnati,Ohio ,HAMILTON,39,061,OH 
