20102,Dulles,Virginia ,LOUDOUN,51,107,VA 
20106,Amissville,Virginia ,CULPEPER,51,047,VA 
20105,Aldie,Virginia ,LOUDOUN,51,107,VA 
20101,Dulles,Virginia ,LOUDOUN,51,107,VA 
20108,Manassas,Virginia ,MANASSAS CITY,51,683,VA 
20104,Dulles,Virginia ,LOUDOUN,51,107,VA 
20103,Dulles,Virginia ,LOUDOUN,51,107,VA 
20109,Manassas,Virginia ,PRINCE WILLIAM,51,153,VA 
20110,Manassas,Virginia ,MANASSAS CITY,51,683,VA 
20117,Middleburg,Virginia ,LOUDOUN,51,107,VA 
20118,Middleburg,Virginia ,LOUDOUN,51,107,VA 
20116,Marshall,Virginia ,FAUQUIER,51,061,VA 
20113,Manassas,Virginia ,MANASSAS PARK CITY,51,685,VA 
20115,Marshall,Virginia ,FAUQUIER,51,061,VA 
20112,Manassas,Virginia ,PRINCE WILLIAM,51,153,VA 
20111,Manassas,Virginia ,PRINCE WILLIAM,51,153,VA 
20120,Centreville,Virginia ,FAIRFAX,51,059,VA 
20121,Centreville,Virginia ,FAIRFAX,51,059,VA 
20128,Orlean,Virginia ,FAUQUIER,51,061,VA 
20130,Paris,Virginia ,CLARKE,51,043,VA 
20122,Centreville,Virginia ,FAIRFAX,51,059,VA 
20129,Paeonian Springs,Virginia ,LOUDOUN,51,107,VA 
20119,Catlett,Virginia ,FAUQUIER,51,061,VA 
20124,Clifton,Virginia ,FAIRFAX,51,059,VA 
20131,Philomont,Virginia ,LOUDOUN,51,107,VA 
20135,Bluemont,Virginia ,CLARKE,51,043,VA 
20137,Broad Run,Virginia ,FAUQUIER,51,061,VA 
20136,Bristow,Virginia ,PRINCE WILLIAM,51,153,VA 
20134,Purcellville,Virginia ,LOUDOUN,51,107,VA 
20139,Casanova,Virginia ,FAUQUIER,51,061,VA 
20138,Calverton,Virginia ,FAUQUIER,51,061,VA 
20132,Purcellville,Virginia ,LOUDOUN,51,107,VA 
20140,Rectortown,Virginia ,FAUQUIER,51,061,VA 
20141,Round Hill,Virginia ,LOUDOUN,51,107,VA 
20142,Round Hill,Virginia ,LOUDOUN,51,107,VA 
20148,Ashburn,Virginia ,LOUDOUN,51,107,VA 
20144,Delaplane,Virginia ,FAUQUIER,51,061,VA 
20143,Catharpin,Virginia ,PRINCE WILLIAM,51,153,VA 
20147,Ashburn,Virginia ,LOUDOUN,51,107,VA 
20146,Ashburn,Virginia ,LOUDOUN,51,107,VA 
20149,Ashburn,Virginia ,LOUDOUN,51,107,VA 
20151,Chantilly,Virginia ,FAIRFAX,51,059,VA 
20156,Gainesville,Virginia ,PRINCE WILLIAM,51,153,VA 
20158,Hamilton,Virginia ,LOUDOUN,51,107,VA 
20153,Chantilly,Virginia ,FAIRFAX,51,059,VA 
20155,Gainesville,Virginia ,PRINCE WILLIAM,51,153,VA 
20159,Hamilton,Virginia ,LOUDOUN,51,107,VA 
20152,Chantilly,Virginia ,LOUDOUN,51,107,VA 
20160,Lincoln,Virginia ,LOUDOUN,51,107,VA 
20163,Sterling,Virginia ,LOUDOUN,51,107,VA 
20167,Sterling,Virginia ,LOUDOUN,51,107,VA 
20168,Haymarket,Virginia ,PRINCE WILLIAM,51,153,VA 
20164,Sterling,Virginia ,LOUDOUN,51,107,VA 
20169,Haymarket,Virginia ,PRINCE WILLIAM,51,153,VA 
20165,Sterling,Virginia ,LOUDOUN,51,107,VA 
20166,Sterling,Virginia ,LOUDOUN,51,107,VA 
20170,Herndon,Virginia ,FAIRFAX,51,059,VA 
20171,Herndon,Virginia ,FAIRFAX,51,059,VA 
20175,Leesburg,Virginia ,LOUDOUN,51,107,VA 
20172,Herndon,Virginia ,FAIRFAX,51,059,VA 
20178,Leesburg,Virginia ,LOUDOUN,51,107,VA 
20180,Lovettsville,Virginia ,LOUDOUN,51,107,VA 
20177,Leesburg,Virginia ,LOUDOUN,51,107,VA 
20181,Nokesville,Virginia ,PRINCE WILLIAM,51,153,VA 
20176,Leesburg,Virginia ,LOUDOUN,51,107,VA 
20182,Nokesville,Virginia ,PRINCE WILLIAM,51,153,VA 
20185,Upperville,Virginia ,FAUQUIER,51,061,VA 
20184,Upperville,Virginia ,FAUQUIER,51,061,VA 
20189,Dulles,Virginia ,LOUDOUN,51,107,VA 
20187,Warrenton,Virginia ,FAUQUIER,51,061,VA 
20186,Warrenton,Virginia ,FAUQUIER,51,061,VA 
20188,Warrenton,Virginia ,FAUQUIER,51,061,VA 
20190,Reston,Virginia ,FAIRFAX,51,059,VA 
20191,Reston,Virginia ,FAIRFAX,51,059,VA 
20192,Herndon,Virginia ,FAIRFAX,51,059,VA 
20194,Reston,Virginia ,FAIRFAX,51,059,VA 
20598,Dhs,Virginia ,LOUDOUN,51,107,VA 
20198,The Plains,Virginia ,FAUQUIER,51,061,VA 
20196,Reston,Virginia ,FAIRFAX,51,059,VA 
20197,Waterford,Virginia ,LOUDOUN,51,107,VA 
20195,Reston,Virginia ,FAIRFAX,51,059,VA 
22003,Annandale,Virginia ,FAIRFAX,51,059,VA 
22015,Burke,Virginia ,FAIRFAX,51,059,VA 
22025,Dumfries,Virginia ,PRINCE WILLIAM,51,153,VA 
22009,Burke,Virginia ,FAIRFAX,51,059,VA 
22032,Fairfax,Virginia ,FAIRFAX,51,059,VA 
22030,Fairfax,Virginia ,FAIRFAX CITY,51,600,VA 
22026,Dumfries,Virginia ,PRINCE WILLIAM,51,153,VA 
22031,Fairfax,Virginia ,FAIRFAX,51,059,VA 
22027,Dunn Loring,Virginia ,FAIRFAX,51,059,VA 
22034,Fairfax,Virginia ,FAIRFAX,51,059,VA 
22033,Fairfax,Virginia ,FAIRFAX,51,059,VA 
22035,Fairfax,Virginia ,FAIRFAX,51,059,VA 
22038,Fairfax,Virginia ,FAIRFAX CITY,51,600,VA 
22039,Fairfax Station,Virginia ,FAIRFAX,51,059,VA 
22036,Fairfax,Virginia ,FAIRFAX,51,059,VA 
22037,Fairfax,Virginia ,FAIRFAX,51,059,VA 
22040,Falls Church,Virginia ,FALLS CHURCH CITY,51,610,VA 
22041,Falls Church,Virginia ,FAIRFAX,51,059,VA 
22042,Falls Church,Virginia ,FAIRFAX,51,059,VA 
22044,Falls Church,Virginia ,FAIRFAX,51,059,VA 
22046,Falls Church,Virginia ,FALLS CHURCH CITY,51,610,VA 
22060,Fort Belvoir,Virginia ,FAIRFAX,51,059,VA 
22067,Greenway,Virginia ,FAIRFAX,51,059,VA 
22066,Great Falls,Virginia ,FAIRFAX,51,059,VA 
22043,Falls Church,Virginia ,FAIRFAX,51,059,VA 
22079,Lorton,Virginia ,FAIRFAX,51,059,VA 
22082,Merrifield,Virginia ,FAIRFAX,51,059,VA 
22095,Herndon,Virginia ,FAIRFAX,51,059,VA 
22081,Merrifield,Virginia ,FAIRFAX,51,059,VA 
22096,Reston,Virginia ,FAIRFAX,51,059,VA 
22103,West Mclean,Virginia ,FAIRFAX,51,059,VA 
22101,Mc Lean,Virginia ,FAIRFAX,51,059,VA 
22106,Mc Lean,Virginia ,FAIRFAX,51,059,VA 
22102,Mc Lean,Virginia ,FAIRFAX,51,059,VA 
22107,Mc Lean,Virginia ,FAIRFAX,51,059,VA 
22116,Merrifield,Virginia ,FAIRFAX,51,059,VA 
22109,Mc Lean,Virginia ,FAIRFAX,51,059,VA 
22118,Merrifield,Virginia ,FAIRFAX,51,059,VA 
22108,Mc Lean,Virginia ,FAIRFAX,51,059,VA 
22121,Mount Vernon,Virginia ,FAIRFAX,51,059,VA 
22122,Newington,Virginia ,FAIRFAX,51,059,VA 
22124,Oakton,Virginia ,FAIRFAX,51,059,VA 
22119,Merrifield,Virginia ,FAIRFAX,51,059,VA 
22134,Quantico,Virginia ,PRINCE WILLIAM,51,153,VA 
22125,Occoquan,Virginia ,PRINCE WILLIAM,51,153,VA 
22135,Quantico,Virginia ,STAFFORD,51,179,VA 
22156,Springfield,Virginia ,FAIRFAX,51,059,VA 
22151,Springfield,Virginia ,FAIRFAX,51,059,VA 
22153,Springfield,Virginia ,FAIRFAX,51,059,VA 
22152,Springfield,Virginia ,FAIRFAX,51,059,VA 
22150,Springfield,Virginia ,FAIRFAX,51,059,VA 
22158,Springfield,Virginia ,FAIRFAX,51,059,VA 
22160,Springfield,Virginia ,FAIRFAX,51,059,VA 
22181,Vienna,Virginia ,FAIRFAX,51,059,VA 
22172,Triangle,Virginia ,PRINCE WILLIAM,51,153,VA 
22161,Springfield,Virginia ,FAIRFAX,51,059,VA 
22180,Vienna,Virginia ,FAIRFAX,51,059,VA 
22159,Springfield,Virginia ,FAIRFAX,51,059,VA 
22182,Vienna,Virginia ,FAIRFAX,51,059,VA 
22183,Vienna,Virginia ,FAIRFAX,51,059,VA 
22185,Vienna,Virginia ,FAIRFAX,51,059,VA 
22194,Woodbridge,Virginia ,PRINCE WILLIAM,51,153,VA 
22191,Woodbridge,Virginia ,PRINCE WILLIAM,51,153,VA 
22195,Woodbridge,Virginia ,PRINCE WILLIAM,51,153,VA 
22193,Woodbridge,Virginia ,PRINCE WILLIAM,51,153,VA 
22192,Woodbridge,Virginia ,PRINCE WILLIAM,51,153,VA 
22199,Lorton,Virginia ,FAIRFAX,51,059,VA 
22201,Arlington,Virginia ,ARLINGTON,51,013,VA 
22202,Arlington,Virginia ,ARLINGTON,51,013,VA 
22204,Arlington,Virginia ,ARLINGTON,51,013,VA 
22205,Arlington,Virginia ,ARLINGTON,51,013,VA 
22203,Arlington,Virginia ,ARLINGTON,51,013,VA 
22210,Arlington,Virginia ,ARLINGTON,51,013,VA 
22206,Arlington,Virginia ,ARLINGTON,51,013,VA 
22207,Arlington,Virginia ,ARLINGTON,51,013,VA 
22209,Arlington,Virginia ,ARLINGTON,51,013,VA 
22211,Fort Myer,Virginia ,ARLINGTON,51,013,VA 
22212,Arlington,Virginia ,ARLINGTON,51,013,VA 
22219,Arlington,Virginia ,ARLINGTON,51,013,VA 
22213,Arlington,Virginia ,ARLINGTON,51,013,VA 
22216,Arlington,Virginia ,ARLINGTON,51,013,VA 
22217,Arlington,Virginia ,ARLINGTON,51,013,VA 
22214,Arlington,Virginia ,ARLINGTON,51,013,VA 
22215,Arlington,Virginia ,ARLINGTON,51,013,VA 
22225,Arlington,Virginia ,ARLINGTON,51,013,VA 
22226,Arlington,Virginia ,ARLINGTON,51,013,VA 
22240,Arlington,Virginia ,ARLINGTON,51,013,VA 
22227,Arlington,Virginia ,ARLINGTON,51,013,VA 
22243,Arlington,Virginia ,ARLINGTON,51,013,VA 
22241,Arlington,Virginia ,ARLINGTON,51,013,VA 
22230,Arlington,Virginia ,ARLINGTON,51,013,VA 
22242,Arlington,Virginia ,ARLINGTON,51,013,VA 
22244,Arlington,Virginia ,ARLINGTON,51,013,VA 
22245,Arlington,Virginia ,ARLINGTON,51,013,VA 
22246,Arlington,Virginia ,ARLINGTON,51,013,VA 
22303,Alexandria,Virginia ,FAIRFAX,51,059,VA 
22301,Alexandria,Virginia ,ALEXANDRIA CITY,51,510,VA 
22302,Alexandria,Virginia ,ALEXANDRIA CITY,51,510,VA 
22305,Alexandria,Virginia ,ALEXANDRIA CITY,51,510,VA 
22306,Alexandria,Virginia ,FAIRFAX,51,059,VA 
22304,Alexandria,Virginia ,ALEXANDRIA CITY,51,510,VA 
22307,Alexandria,Virginia ,FAIRFAX,51,059,VA 
22308,Alexandria,Virginia ,FAIRFAX,51,059,VA 
22311,Alexandria,Virginia ,ALEXANDRIA CITY,51,510,VA 
22315,Alexandria,Virginia ,FAIRFAX,51,059,VA 
22312,Alexandria,Virginia ,FAIRFAX,51,059,VA 
22314,Alexandria,Virginia ,ALEXANDRIA CITY,51,510,VA 
22313,Alexandria,Virginia ,ALEXANDRIA CITY,51,510,VA 
22310,Alexandria,Virginia ,FAIRFAX,51,059,VA 
22309,Alexandria,Virginia ,FAIRFAX,51,059,VA 
22320,Alexandria,Virginia ,ALEXANDRIA CITY,51,510,VA 
22331,Alexandria,Virginia ,ALEXANDRIA CITY,51,510,VA 
22333,Alexandria,Virginia ,ALEXANDRIA CITY,51,510,VA 
22332,Alexandria,Virginia ,ALEXANDRIA CITY,51,510,VA 
22350,Alexandria,Virginia ,ALEXANDRIA CITY,51,510,VA 
22401,Fredericksburg,Virginia ,FREDERICKSBURG CITY,51,630,VA 
22402,Fredericksburg,Virginia ,FREDERICKSBURG CITY,51,630,VA 
22334,Alexandria,Virginia ,ALEXANDRIA CITY,51,510,VA 
22403,Fredericksburg,Virginia ,STAFFORD,51,179,VA 
22404,Fredericksburg,Virginia ,FREDERICKSBURG CITY,51,630,VA 
22412,Fredericksburg,Virginia ,STAFFORD,51,179,VA 
22405,Fredericksburg,Virginia ,STAFFORD,51,179,VA 
22406,Fredericksburg,Virginia ,STAFFORD,51,179,VA 
22408,Fredericksburg,Virginia ,SPOTSYLVANIA,51,177,VA 
22407,Fredericksburg,Virginia ,SPOTSYLVANIA,51,177,VA 
22427,Bowling Green,Virginia ,CAROLINE,51,033,VA 
22432,Burgess,Virginia ,NORTHUMBERLAND,51,133,VA 
22437,Center Cross,Virginia ,ESSEX,51,057,VA 
22430,Brooke,Virginia ,STAFFORD,51,179,VA 
22436,Caret,Virginia ,ESSEX,51,057,VA 
22433,Burr Hill,Virginia ,ORANGE,51,137,VA 
22428,Bowling Green,Virginia ,CAROLINE,51,033,VA 
22438,Champlain,Virginia ,ESSEX,51,057,VA 
22435,Callao,Virginia ,NORTHUMBERLAND,51,133,VA 
22442,Coles Point,Virginia ,WESTMORELAND,51,193,VA 
22443,Colonial Beach,Virginia ,WESTMORELAND,51,193,VA 
22446,Corbin,Virginia ,CAROLINE,51,033,VA 
22456,Edwardsville,Virginia ,NORTHUMBERLAND,51,133,VA 
22448,Dahlgren,Virginia ,KING GEORGE,51,099,VA 
22460,Farnham,Virginia ,RICHMOND,51,159,VA 
22454,Dunnsville,Virginia ,ESSEX,51,057,VA 
22451,Dogue,Virginia ,KING GEORGE,51,099,VA 
22463,Garrisonville,Virginia ,STAFFORD,51,179,VA 
22469,Hague,Virginia ,WESTMORELAND,51,193,VA 
22471,Hartwood,Virginia ,STAFFORD,51,179,VA 
22473,Heathsville,Virginia ,NORTHUMBERLAND,51,133,VA 
22480,Irvington,Virginia ,LANCASTER,51,103,VA 
22472,Haynesville,Virginia ,RICHMOND,51,159,VA 
22476,Hustle,Virginia ,ESSEX,51,057,VA 
22481,Jersey,Virginia ,KING GEORGE,51,099,VA 
22482,Kilmarnock,Virginia ,LANCASTER,51,103,VA 
22485,King George,Virginia ,KING GEORGE,51,099,VA 
22503,Lancaster,Virginia ,LANCASTER,51,103,VA 
22508,Locust Grove,Virginia ,ORANGE,51,137,VA 
22504,Laneview,Virginia ,ESSEX,51,057,VA 
22488,Kinsale,Virginia ,WESTMORELAND,51,193,VA 
22507,Lively,Virginia ,LANCASTER,51,103,VA 
22501,Ladysmith,Virginia ,CAROLINE,51,033,VA 
22511,Lottsburg,Virginia ,NORTHUMBERLAND,51,133,VA 
22509,Loretto,Virginia ,ESSEX,51,057,VA 
22513,Merry Point,Virginia ,LANCASTER,51,103,VA 
22517,Mollusk,Virginia ,LANCASTER,51,103,VA 
22524,Mount Holly,Virginia ,WESTMORELAND,51,193,VA 
22528,Nuttsville,Virginia ,LANCASTER,51,103,VA 
22523,Morattico,Virginia ,LANCASTER,51,103,VA 
22514,Milford,Virginia ,CAROLINE,51,033,VA 
22526,Ninde,Virginia ,KING GEORGE,51,099,VA 
22520,Montross,Virginia ,WESTMORELAND,51,193,VA 
22529,Oldhams,Virginia ,WESTMORELAND,51,193,VA 
22534,Partlow,Virginia ,SPOTSYLVANIA,51,177,VA 
22530,Ophelia,Virginia ,NORTHUMBERLAND,51,133,VA 
22538,Rappahannock Academy,Virginia ,CAROLINE,51,033,VA 
22539,Reedville,Virginia ,NORTHUMBERLAND,51,133,VA 
22535,Port Royal,Virginia ,CAROLINE,51,033,VA 
22544,Rollins Fork,Virginia ,KING GEORGE,51,099,VA 
22545,Ruby,Virginia ,STAFFORD,51,179,VA 
22542,Rhoadesville,Virginia ,ORANGE,51,137,VA 
22546,Ruther Glen,Virginia ,CAROLINE,51,033,VA 
22547,Sealston,Virginia ,KING GEORGE,51,099,VA 
22548,Sharps,Virginia ,RICHMOND,51,159,VA 
22555,Stafford,Virginia ,STAFFORD,51,179,VA 
22552,Sparta,Virginia ,CAROLINE,51,033,VA 
22551,Spotsylvania,Virginia ,SPOTSYLVANIA,51,177,VA 
22553,Spotsylvania,Virginia ,SPOTSYLVANIA,51,177,VA 
22554,Stafford,Virginia ,STAFFORD,51,179,VA 
22567,Unionville,Virginia ,ORANGE,51,137,VA 
22560,Tappahannock,Virginia ,ESSEX,51,057,VA 
22558,Stratford,Virginia ,WESTMORELAND,51,193,VA 
22570,Village,Virginia ,RICHMOND,51,159,VA 
22572,Warsaw,Virginia ,RICHMOND,51,159,VA 
22565,Thornburg,Virginia ,SPOTSYLVANIA,51,177,VA 
22576,Weems,Virginia ,LANCASTER,51,103,VA 
22556,Stafford,Virginia ,STAFFORD,51,179,VA 
22601,Winchester,Virginia ,WINCHESTER CITY,51,840,VA 
22578,White Stone,Virginia ,LANCASTER,51,103,VA 
22580,Woodford,Virginia ,CAROLINE,51,033,VA 
22579,Wicomico Church,Virginia ,NORTHUMBERLAND,51,133,VA 
22577,Sandy Point,Virginia ,WESTMORELAND,51,193,VA 
22602,Winchester,Virginia ,FREDERICK,51,069,VA 
22603,Winchester,Virginia ,FREDERICK,51,069,VA 
22581,Zacata,Virginia ,WESTMORELAND,51,193,VA 
22610,Bentonville,Virginia ,WARREN,51,187,VA 
22604,Winchester,Virginia ,WINCHESTER CITY,51,840,VA 
22622,Brucetown,Virginia ,FREDERICK,51,069,VA 
22620,Boyce,Virginia ,CLARKE,51,043,VA 
22625,Cross Junction,Virginia ,FREDERICK,51,069,VA 
22611,Berryville,Virginia ,CLARKE,51,043,VA 
22624,Clear Brook,Virginia ,FREDERICK,51,069,VA 
22623,Chester Gap,Virginia ,RAPPAHANNOCK,51,157,VA 
22626,Fishers Hill,Virginia ,SHENANDOAH,51,171,VA 
22627,Flint Hill,Virginia ,RAPPAHANNOCK,51,157,VA 
22630,Front Royal,Virginia ,WARREN,51,187,VA 
22642,Linden,Virginia ,WARREN,51,187,VA 
22641,Strasburg,Virginia ,SHENANDOAH,51,171,VA 
22639,Hume,Virginia ,FAUQUIER,51,061,VA 
22637,Gore,Virginia ,FREDERICK,51,069,VA 
22640,Huntly,Virginia ,RAPPAHANNOCK,51,157,VA 
22643,Markham,Virginia ,FAUQUIER,51,061,VA 
22644,Maurertown,Virginia ,SHENANDOAH,51,171,VA 
22645,Middletown,Virginia ,FREDERICK,51,069,VA 
22654,Star Tannery,Virginia ,FREDERICK,51,069,VA 
22650,Rileyville,Virginia ,PAGE,51,139,VA 
22652,Fort Valley,Virginia ,SHENANDOAH,51,171,VA 
22646,Millwood,Virginia ,CLARKE,51,043,VA 
22649,Middletown,Virginia ,WARREN,51,187,VA 
22655,Stephens City,Virginia ,FREDERICK,51,069,VA 
22656,Stephenson,Virginia ,FREDERICK,51,069,VA 
22657,Strasburg,Virginia ,SHENANDOAH,51,171,VA 
22709,Aroda,Virginia ,MADISON,51,113,VA 
22663,White Post,Virginia ,CLARKE,51,043,VA 
22660,Toms Brook,Virginia ,SHENANDOAH,51,171,VA 
22664,Woodstock,Virginia ,SHENANDOAH,51,171,VA 
22701,Culpeper,Virginia ,CULPEPER,51,047,VA 
22711,Banco,Virginia ,MADISON,51,113,VA 
22712,Bealeton,Virginia ,FAUQUIER,51,061,VA 
22713,Boston,Virginia ,CULPEPER,51,047,VA 
22714,Brandy Station,Virginia ,CULPEPER,51,047,VA 
22715,Brightwood,Virginia ,MADISON,51,113,VA 
22716,Castleton,Virginia ,RAPPAHANNOCK,51,157,VA 
22720,Goldvein,Virginia ,FAUQUIER,51,061,VA 
22722,Haywood,Virginia ,MADISON,51,113,VA 
22719,Etlan,Virginia ,MADISON,51,113,VA 
22718,Elkwood,Virginia ,CULPEPER,51,047,VA 
22723,Hood,Virginia ,MADISON,51,113,VA 
22724,Jeffersonton,Virginia ,CULPEPER,51,047,VA 
22725,Leon,Virginia ,MADISON,51,113,VA 
22728,Midland,Virginia ,FAUQUIER,51,061,VA 
22729,Mitchells,Virginia ,CULPEPER,51,047,VA 
22731,Pratts,Virginia ,MADISON,51,113,VA 
22727,Madison,Virginia ,MADISON,51,113,VA 
22726,Lignum,Virginia ,CULPEPER,51,047,VA 
22730,Oakpark,Virginia ,MADISON,51,113,VA 
22732,Radiant,Virginia ,MADISON,51,113,VA 
22733,Rapidan,Virginia ,CULPEPER,51,047,VA 
22736,Richardsville,Virginia ,CULPEPER,51,047,VA 
22740,Sperryville,Virginia ,RAPPAHANNOCK,51,157,VA 
22739,Somerville,Virginia ,FAUQUIER,51,061,VA 
22735,Reva,Virginia ,MADISON,51,113,VA 
22738,Rochelle,Virginia ,MADISON,51,113,VA 
22737,Rixeyville,Virginia ,CULPEPER,51,047,VA 
22734,Remington,Virginia ,FAUQUIER,51,061,VA 
22741,Stevensburg,Virginia ,CULPEPER,51,047,VA 
22742,Sumerduck,Virginia ,FAUQUIER,51,061,VA 
22747,Washington,Virginia ,RAPPAHANNOCK,51,157,VA 
22743,Syria,Virginia ,MADISON,51,113,VA 
22801,Harrisonburg,Virginia ,HARRISONBURG CITY,51,660,VA 
22749,Woodville,Virginia ,RAPPAHANNOCK,51,157,VA 
22748,Wolftown,Virginia ,MADISON,51,113,VA 
22746,Viewtown,Virginia ,CULPEPER,51,047,VA 
22802,Harrisonburg,Virginia ,HARRISONBURG CITY,51,660,VA 
22810,Basye,Virginia ,SHENANDOAH,51,171,VA 
22803,Harrisonburg,Virginia ,HARRISONBURG CITY,51,660,VA 
22812,Bridgewater,Virginia ,ROCKINGHAM,51,165,VA 
22807,Harrisonburg,Virginia ,HARRISONBURG CITY,51,660,VA 
22811,Bergton,Virginia ,ROCKINGHAM,51,165,VA 
22815,Broadway,Virginia ,ROCKINGHAM,51,165,VA 
22820,Criders,Virginia ,ROCKINGHAM,51,165,VA 
22821,Dayton,Virginia ,ROCKINGHAM,51,165,VA 
22827,Elkton,Virginia ,ROCKINGHAM,51,165,VA 
22824,Edinburg,Virginia ,SHENANDOAH,51,171,VA 
22832,Keezletown,Virginia ,ROCKINGHAM,51,165,VA 
22831,Hinton,Virginia ,ROCKINGHAM,51,165,VA 
22830,Fulks Run,Virginia ,ROCKINGHAM,51,165,VA 
22833,Lacey Spring,Virginia ,ROCKINGHAM,51,165,VA 
22834,Linville,Virginia ,ROCKINGHAM,51,165,VA 
22835,Luray,Virginia ,PAGE,51,139,VA 
22843,Mount Solon,Virginia ,AUGUSTA,51,015,VA 
22847,Quicksburg,Virginia ,SHENANDOAH,51,171,VA 
22841,Mount Crawford,Virginia ,ROCKINGHAM,51,165,VA 
22840,Mc Gaheysville,Virginia ,ROCKINGHAM,51,165,VA 
22842,Mount Jackson,Virginia ,SHENANDOAH,51,171,VA 
22846,Penn Laird,Virginia ,ROCKINGHAM,51,165,VA 
22844,New Market,Virginia ,SHENANDOAH,51,171,VA 
22845,Orkney Springs,Virginia ,SHENANDOAH,51,171,VA 
22848,Pleasant Valley,Virginia ,ROCKINGHAM,51,165,VA 
22851,Stanley,Virginia ,PAGE,51,139,VA 
22853,Timberville,Virginia ,ROCKINGHAM,51,165,VA 
22903,Charlottesville,Virginia ,CHARLOTTESVILLE CITY,51,540,VA 
22850,Singers Glen,Virginia ,ROCKINGHAM,51,165,VA 
22902,Charlottesville,Virginia ,CHARLOTTESVILLE CITY,51,540,VA 
22901,Charlottesville,Virginia ,ALBEMARLE,51,003,VA 
22849,Shenandoah,Virginia ,PAGE,51,139,VA 
22904,Charlottesville,Virginia ,CHARLOTTESVILLE CITY,51,540,VA 
22906,Charlottesville,Virginia ,CHARLOTTESVILLE CITY,51,540,VA 
22905,Charlottesville,Virginia ,CHARLOTTESVILLE CITY,51,540,VA 
22910,Charlottesville,Virginia ,CHARLOTTESVILLE CITY,51,540,VA 
22909,Charlottesville,Virginia ,ALBEMARLE,51,003,VA 
22907,Charlottesville,Virginia ,CHARLOTTESVILLE CITY,51,540,VA 
22908,Charlottesville,Virginia ,CHARLOTTESVILLE CITY,51,540,VA 
22911,Charlottesville,Virginia ,ALBEMARLE,51,003,VA 
22920,Afton,Virginia ,NELSON,51,125,VA 
22922,Arrington,Virginia ,NELSON,51,125,VA 
22923,Barboursville,Virginia ,ORANGE,51,137,VA 
22924,Batesville,Virginia ,ALBEMARLE,51,003,VA 
22931,Covesville,Virginia ,ALBEMARLE,51,003,VA 
22932,Crozet,Virginia ,ALBEMARLE,51,003,VA 
22935,Dyke,Virginia ,GREENE,51,079,VA 
22936,Earlysville,Virginia ,ALBEMARLE,51,003,VA 
22937,Esmont,Virginia ,ALBEMARLE,51,003,VA 
22938,Faber,Virginia ,NELSON,51,125,VA 
22942,Gordonsville,Virginia ,ORANGE,51,137,VA 
22939,Fishersville,Virginia ,AUGUSTA,51,015,VA 
22946,Keene,Virginia ,ALBEMARLE,51,003,VA 
22943,Greenwood,Virginia ,ALBEMARLE,51,003,VA 
22945,Ivy,Virginia ,ALBEMARLE,51,003,VA 
22947,Keswick,Virginia ,ALBEMARLE,51,003,VA 
22940,Free Union,Virginia ,ALBEMARLE,51,003,VA 
22948,Locust Dale,Virginia ,MADISON,51,113,VA 
22949,Lovingston,Virginia ,NELSON,51,125,VA 
22957,Montpelier Station,Virginia ,ORANGE,51,137,VA 
22959,North Garden,Virginia ,ALBEMARLE,51,003,VA 
22960,Orange,Virginia ,ORANGE,51,137,VA 
22952,Lyndhurst,Virginia ,AUGUSTA,51,015,VA 
22963,Palmyra,Virginia ,FLUVANNA,51,065,VA 
22958,Nellysford,Virginia ,NELSON,51,125,VA 
22964,Piney River,Virginia ,NELSON,51,125,VA 
22965,Quinque,Virginia ,GREENE,51,079,VA 
22967,Roseland,Virginia ,NELSON,51,125,VA 
22972,Somerset,Virginia ,ORANGE,51,137,VA 
22973,Stanardsville,Virginia ,GREENE,51,079,VA 
22971,Shipman,Virginia ,NELSON,51,125,VA 
22969,Schuyler,Virginia ,NELSON,51,125,VA 
22974,Troy,Virginia ,FLUVANNA,51,065,VA 
22968,Ruckersville,Virginia ,GREENE,51,079,VA 
22976,Tyro,Virginia ,NELSON,51,125,VA 
22980,Waynesboro,Virginia ,WAYNESBORO CITY,51,820,VA 
22989,Woodberry Forest,Virginia ,MADISON,51,113,VA 
23004,Arvonia,Virginia ,BUCKINGHAM,51,029,VA 
23002,Amelia Court House,Virginia ,AMELIA,51,007,VA 
22987,White Hall,Virginia ,ALBEMARLE,51,003,VA 
23001,Achilles,Virginia ,GLOUCESTER,51,073,VA 
23003,Ark,Virginia ,GLOUCESTER,51,073,VA 
23005,Ashland,Virginia ,HANOVER,51,085,VA 
23011,Barhamsville,Virginia ,NEW KENT,51,127,VA 
23009,Aylett,Virginia ,KING WILLIAM,51,101,VA 
23018,Bena,Virginia ,GLOUCESTER,51,073,VA 
23021,Bohannon,Virginia ,MATHEWS,51,115,VA 
23014,Beaumont,Virginia ,GOOCHLAND,51,075,VA 
23022,Bremo Bluff,Virginia ,FLUVANNA,51,065,VA 
23015,Beaverdam,Virginia ,HANOVER,51,085,VA 
23023,Bruington,Virginia ,KING AND QUEEN,51,097,VA 
23024,Bumpass,Virginia ,LOUISA,51,109,VA 
23025,Cardinal,Virginia ,MATHEWS,51,115,VA 
23027,Cartersville,Virginia ,CUMBERLAND,51,049,VA 
23030,Charles City,Virginia ,CHARLES CITY,51,036,VA 
23032,Church View,Virginia ,MIDDLESEX,51,119,VA 
23031,Christchurch,Virginia ,MIDDLESEX,51,119,VA 
23035,Cobbs Creek,Virginia ,MATHEWS,51,115,VA 
23038,Columbia,Virginia ,FLUVANNA,51,065,VA 
23039,Crozier,Virginia ,GOOCHLAND,51,075,VA 
23040,Cumberland,Virginia ,CUMBERLAND,51,049,VA 
23056,Foster,Virginia ,MATHEWS,51,115,VA 
23055,Fork Union,Virginia ,FLUVANNA,51,065,VA 
23045,Diggs,Virginia ,MATHEWS,51,115,VA 
23047,Doswell,Virginia ,HANOVER,51,085,VA 
23043,Deltaville,Virginia ,MIDDLESEX,51,119,VA 
23050,Dutton,Virginia ,GLOUCESTER,51,073,VA 
23058,Glen Allen,Virginia ,HENRICO,51,087,VA 
23059,Glen Allen,Virginia ,HENRICO,51,087,VA 
23062,Gloucester Point,Virginia ,GLOUCESTER,51,073,VA 
23060,Glen Allen,Virginia ,HENRICO,51,087,VA 
23066,Gwynn,Virginia ,MATHEWS,51,115,VA 
23064,Grimstead,Virginia ,MATHEWS,51,115,VA 
23063,Goochland,Virginia ,GOOCHLAND,51,075,VA 
23061,Gloucester,Virginia ,GLOUCESTER,51,073,VA 
23065,Gum Spring,Virginia ,GOOCHLAND,51,075,VA 
23067,Hadensville,Virginia ,GOOCHLAND,51,075,VA 
23075,Henrico,Virginia ,HENRICO,51,087,VA 
23069,Hanover,Virginia ,HANOVER,51,085,VA 
23068,Hallieford,Virginia ,MATHEWS,51,115,VA 
23076,Hudgins,Virginia ,MATHEWS,51,115,VA 
23071,Hartfield,Virginia ,MIDDLESEX,51,119,VA 
23072,Hayes,Virginia ,GLOUCESTER,51,073,VA 
23070,Hardyville,Virginia ,MIDDLESEX,51,119,VA 
23079,Jamaica,Virginia ,MIDDLESEX,51,119,VA 
23084,Kents Store,Virginia ,FLUVANNA,51,065,VA 
23083,Jetersville,Virginia ,AMELIA,51,007,VA 
23089,Lanexa,Virginia ,NEW KENT,51,127,VA 
23090,Lightfoot,Virginia ,YORK,51,199,VA 
23086,King William,Virginia ,KING WILLIAM,51,101,VA 
23081,Jamestown,Virginia ,JAMES CITY,51,095,VA 
23085,King And Queen Court House,Virginia ,KING AND QUEEN,51,097,VA 
23091,Little Plymouth,Virginia ,KING AND QUEEN,51,097,VA 
23093,Louisa,Virginia ,LOUISA,51,109,VA 
23092,Locust Hill,Virginia ,MIDDLESEX,51,119,VA 
23103,Manakin Sabot,Virginia ,GOOCHLAND,51,075,VA 
23106,Manquin,Virginia ,KING WILLIAM,51,101,VA 
23107,Maryus,Virginia ,GLOUCESTER,51,073,VA 
23105,Mannboro,Virginia ,AMELIA,51,007,VA 
23108,Mascot,Virginia ,KING AND QUEEN,51,097,VA 
23102,Maidens,Virginia ,GOOCHLAND,51,075,VA 
23109,Mathews,Virginia ,MATHEWS,51,115,VA 
23110,Mattaponi,Virginia ,KING AND QUEEN,51,097,VA 
23116,Mechanicsville,Virginia ,HANOVER,51,085,VA 
23113,Midlothian,Virginia ,CHESTERFIELD,51,041,VA 
23111,Mechanicsville,Virginia ,HANOVER,51,085,VA 
23114,Midlothian,Virginia ,CHESTERFIELD,51,041,VA 
23115,Millers Tavern,Virginia ,ESSEX,51,057,VA 
23112,Midlothian,Virginia ,CHESTERFIELD,51,041,VA 
23117,Mineral,Virginia ,LOUISA,51,109,VA 
23120,Moseley,Virginia ,CHESTERFIELD,51,041,VA 
23123,New Canton,Virginia ,BUCKINGHAM,51,029,VA 
23119,Moon,Virginia ,MATHEWS,51,115,VA 
23125,New Point,Virginia ,MATHEWS,51,115,VA 
23126,Newtown,Virginia ,KING AND QUEEN,51,097,VA 
23124,New Kent,Virginia ,NEW KENT,51,127,VA 
23127,Norge,Virginia ,JAMES CITY,51,095,VA 
23128,North,Virginia ,MATHEWS,51,115,VA 
23141,Quinton,Virginia ,NEW KENT,51,127,VA 
23138,Port Haywood,Virginia ,MATHEWS,51,115,VA 
23139,Powhatan,Virginia ,POWHATAN,51,145,VA 
23129,Oilville,Virginia ,GOOCHLAND,51,075,VA 
23131,Ordinary,Virginia ,GLOUCESTER,51,073,VA 
23140,Providence Forge,Virginia ,NEW KENT,51,127,VA 
23130,Onemo,Virginia ,MATHEWS,51,115,VA 
23146,Rockville,Virginia ,HANOVER,51,085,VA 
23147,Ruthville,Virginia ,CHARLES CITY,51,036,VA 
23149,Saluda,Virginia ,MIDDLESEX,51,119,VA 
23150,Sandston,Virginia ,HENRICO,51,087,VA 
23148,Saint Stephens Church,Virginia ,KING AND QUEEN,51,097,VA 
23154,Schley,Virginia ,GLOUCESTER,51,073,VA 
23153,Sandy Hook,Virginia ,GOOCHLAND,51,075,VA 
23155,Severn,Virginia ,GLOUCESTER,51,073,VA 
23156,Shacklefords,Virginia ,KING AND QUEEN,51,097,VA 
23162,Studley,Virginia ,HANOVER,51,085,VA 
23160,State Farm,Virginia ,GOOCHLAND,51,075,VA 
23168,Toano,Virginia ,JAMES CITY,51,095,VA 
23161,Stevensville,Virginia ,KING AND QUEEN,51,097,VA 
23170,Trevilians,Virginia ,LOUISA,51,109,VA 
23163,Susan,Virginia ,MATHEWS,51,115,VA 
23173,Richmond,Virginia ,RICHMOND CITY,51,760,VA 
23169,Topping,Virginia ,MIDDLESEX,51,119,VA 
23175,Urbanna,Virginia ,MIDDLESEX,51,119,VA 
23176,Wake,Virginia ,MIDDLESEX,51,119,VA 
23178,Ware Neck,Virginia ,GLOUCESTER,51,073,VA 
23181,West Point,Virginia ,KING WILLIAM,51,101,VA 
23177,Walkerton,Virginia ,KING AND QUEEN,51,097,VA 
23180,Water View,Virginia ,MIDDLESEX,51,119,VA 
23184,Wicomico,Virginia ,GLOUCESTER,51,073,VA 
23183,White Marsh,Virginia ,GLOUCESTER,51,073,VA 
23185,Williamsburg,Virginia ,JAMES CITY,51,095,VA 
23186,Williamsburg,Virginia ,WILLIAMSBURG CITY,51,830,VA 
23187,Williamsburg,Virginia ,WILLIAMSBURG CITY,51,830,VA 
23188,Williamsburg,Virginia ,JAMES CITY,51,095,VA 
23192,Montpelier,Virginia ,HANOVER,51,085,VA 
23190,Woods Cross Roads,Virginia ,GLOUCESTER,51,073,VA 
23219,Richmond,Virginia ,RICHMOND CITY,51,760,VA 
23218,Richmond,Virginia ,RICHMOND CITY,51,760,VA 
23220,Richmond,Virginia ,RICHMOND CITY,51,760,VA 
23221,Richmond,Virginia ,RICHMOND CITY,51,760,VA 
23223,Richmond,Virginia ,RICHMOND CITY,51,760,VA 
23222,Richmond,Virginia ,RICHMOND CITY,51,760,VA 
23224,Richmond,Virginia ,RICHMOND CITY,51,760,VA 
23225,Richmond,Virginia ,RICHMOND CITY,51,760,VA 
23226,Richmond,Virginia ,HENRICO,51,087,VA 
23227,Richmond,Virginia ,HENRICO,51,087,VA 
23229,Henrico,Virginia ,HENRICO,51,087,VA 
23228,Henrico,Virginia ,HENRICO,51,087,VA 
23230,Richmond,Virginia ,HENRICO,51,087,VA 
23231,Henrico,Virginia ,HENRICO,51,087,VA 
23232,Richmond,Virginia ,RICHMOND CITY,51,760,VA 
23233,Henrico,Virginia ,HENRICO,51,087,VA 
23235,Richmond,Virginia ,CHESTERFIELD,51,041,VA 
23234,Richmond,Virginia ,CHESTERFIELD,51,041,VA 
23236,Richmond,Virginia ,CHESTERFIELD,51,041,VA 
23237,Richmond,Virginia ,CHESTERFIELD,51,041,VA 
23238,Henrico,Virginia ,HENRICO,51,087,VA 
23241,Richmond,Virginia ,RICHMOND CITY,51,760,VA 
23242,Henrico,Virginia ,HENRICO,51,087,VA 
23250,Richmond,Virginia ,HENRICO,51,087,VA 
23249,Richmond,Virginia ,RICHMOND CITY,51,760,VA 
23260,Richmond,Virginia ,RICHMOND CITY,51,760,VA 
23269,Richmond,Virginia ,RICHMOND CITY,51,760,VA 
23273,Henrico,Virginia ,RICHMOND CITY,51,760,VA 
23255,Henrico,Virginia ,HENRICO,51,087,VA 
23261,Richmond,Virginia ,RICHMOND CITY,51,760,VA 
23274,Richmond,Virginia ,RICHMOND CITY,51,760,VA 
23276,Richmond,Virginia ,RICHMOND CITY,51,760,VA 
23278,Richmond,Virginia ,RICHMOND CITY,51,760,VA 
23279,Richmond,Virginia ,RICHMOND CITY,51,760,VA 
23282,Richmond,Virginia ,RICHMOND CITY,51,760,VA 
23285,Richmond,Virginia ,RICHMOND CITY,51,760,VA 
23286,Richmond,Virginia ,RICHMOND CITY,51,760,VA 
23288,Henrico,Virginia ,HENRICO,51,087,VA 
23289,Richmond,Virginia ,RICHMOND CITY,51,760,VA 
23290,Richmond,Virginia ,RICHMOND CITY,51,760,VA 
23284,Richmond,Virginia ,RICHMOND CITY,51,760,VA 
23291,Richmond,Virginia ,RICHMOND CITY,51,760,VA 
23292,Richmond,Virginia ,RICHMOND CITY,51,760,VA 
23294,Henrico,Virginia ,HENRICO,51,087,VA 
23293,Richmond,Virginia ,RICHMOND CITY,51,760,VA 
23295,Richmond,Virginia ,RICHMOND CITY,51,760,VA 
23297,Richmond,Virginia ,CHESTERFIELD,51,041,VA 
23303,Atlantic,Virginia ,ACCOMACK,51,001,VA 
23301,Accomac,Virginia ,ACCOMACK,51,001,VA 
23298,Richmond,Virginia ,RICHMOND CITY,51,760,VA 
23302,Assawoman,Virginia ,ACCOMACK,51,001,VA 
23304,Battery Park,Virginia ,ISLE OF WIGHT,51,093,VA 
23307,Birdsnest,Virginia ,NORTHAMPTON,51,131,VA 
23306,Belle Haven,Virginia ,ACCOMACK,51,001,VA 
23310,Cape Charles,Virginia ,NORTHAMPTON,51,131,VA 
23308,Bloxom,Virginia ,ACCOMACK,51,001,VA 
23315,Carrsville,Virginia ,ISLE OF WIGHT,51,093,VA 
23313,Capeville,Virginia ,NORTHAMPTON,51,131,VA 
23314,Carrollton,Virginia ,ISLE OF WIGHT,51,093,VA 
23320,Chesapeake,Virginia ,CHESAPEAKE CITY,51,550,VA 
23316,Cheriton,Virginia ,NORTHAMPTON,51,131,VA 
23321,Chesapeake,Virginia ,CHESAPEAKE CITY,51,550,VA 
23322,Chesapeake,Virginia ,CHESAPEAKE CITY,51,550,VA 
23323,Chesapeake,Virginia ,CHESAPEAKE CITY,51,550,VA 
23325,Chesapeake,Virginia ,CHESAPEAKE CITY,51,550,VA 
23326,Chesapeake,Virginia ,CHESAPEAKE CITY,51,550,VA 
23324,Chesapeake,Virginia ,CHESAPEAKE CITY,51,550,VA 
23327,Chesapeake,Virginia ,CHESAPEAKE CITY,51,550,VA 
23328,Chesapeake,Virginia ,CHESAPEAKE CITY,51,550,VA 
23336,Chincoteague Island,Virginia ,ACCOMACK,51,001,VA 
23337,Wallops Island,Virginia ,ACCOMACK,51,001,VA 
23345,Davis Wharf,Virginia ,ACCOMACK,51,001,VA 
23341,Craddockville,Virginia ,ACCOMACK,51,001,VA 
23350,Exmore,Virginia ,NORTHAMPTON,51,131,VA 
23347,Eastville,Virginia ,NORTHAMPTON,51,131,VA 
23354,Franktown,Virginia ,NORTHAMPTON,51,131,VA 
23356,Greenbackville,Virginia ,ACCOMACK,51,001,VA 
23357,Greenbush,Virginia ,ACCOMACK,51,001,VA 
23358,Hacksneck,Virginia ,ACCOMACK,51,001,VA 
23389,Harborton,Virginia ,ACCOMACK,51,001,VA 
23396,Oak Hall,Virginia ,ACCOMACK,51,001,VA 
23359,Hallwood,Virginia ,ACCOMACK,51,001,VA 
23395,Horntown,Virginia ,ACCOMACK,51,001,VA 
23397,Isle Of Wight,Virginia ,ISLE OF WIGHT,51,093,VA 
23398,Jamesville,Virginia ,NORTHAMPTON,51,131,VA 
23399,Jenkins Bridge,Virginia ,ACCOMACK,51,001,VA 
23401,Keller,Virginia ,ACCOMACK,51,001,VA 
23405,Machipongo,Virginia ,NORTHAMPTON,51,131,VA 
23404,Locustville,Virginia ,ACCOMACK,51,001,VA 
23407,Mappsville,Virginia ,ACCOMACK,51,001,VA 
23408,Marionville,Virginia ,NORTHAMPTON,51,131,VA 
23410,Melfa,Virginia ,ACCOMACK,51,001,VA 
23409,Mears,Virginia ,ACCOMACK,51,001,VA 
23412,Modest Town,Virginia ,ACCOMACK,51,001,VA 
23413,Nassawadox,Virginia ,NORTHAMPTON,51,131,VA 
23414,Nelsonia,Virginia ,ACCOMACK,51,001,VA 
23416,Oak Hall,Virginia ,ACCOMACK,51,001,VA 
23415,New Church,Virginia ,ACCOMACK,51,001,VA 
23417,Onancock,Virginia ,ACCOMACK,51,001,VA 
23419,Oyster,Virginia ,NORTHAMPTON,51,131,VA 
23420,Painter,Virginia ,ACCOMACK,51,001,VA 
23418,Onley,Virginia ,ACCOMACK,51,001,VA 
23421,Parksley,Virginia ,ACCOMACK,51,001,VA 
23423,Quinby,Virginia ,ACCOMACK,51,001,VA 
23426,Sanford,Virginia ,ACCOMACK,51,001,VA 
23424,Rescue,Virginia ,ISLE OF WIGHT,51,093,VA 
23422,Pungoteague,Virginia ,ACCOMACK,51,001,VA 
23427,Saxis,Virginia ,ACCOMACK,51,001,VA 
23430,Smithfield,Virginia ,ISLE OF WIGHT,51,093,VA 
23429,Seaview,Virginia ,NORTHAMPTON,51,131,VA 
23432,Suffolk,Virginia ,SUFFOLK CITY,51,800,VA 
23431,Smithfield,Virginia ,ISLE OF WIGHT,51,093,VA 
23433,Suffolk,Virginia ,SUFFOLK CITY,51,800,VA 
23435,Suffolk,Virginia ,SUFFOLK CITY,51,800,VA 
23434,Suffolk,Virginia ,SUFFOLK CITY,51,800,VA 
23436,Suffolk,Virginia ,SUFFOLK CITY,51,800,VA 
23437,Suffolk,Virginia ,SUFFOLK CITY,51,800,VA 
23438,Suffolk,Virginia ,SUFFOLK CITY,51,800,VA 
23439,Suffolk,Virginia ,SUFFOLK CITY,51,800,VA 
23440,Tangier,Virginia ,ACCOMACK,51,001,VA 
23443,Townsend,Virginia ,NORTHAMPTON,51,131,VA 
23441,Tasley,Virginia ,ACCOMACK,51,001,VA 
23442,Temperanceville,Virginia ,ACCOMACK,51,001,VA 
23450,Virginia Beach,Virginia ,VIRGINIA BEACH CITY,51,810,VA 
23452,Virginia Beach,Virginia ,VIRGINIA BEACH CITY,51,810,VA 
23451,Virginia Beach,Virginia ,VIRGINIA BEACH CITY,51,810,VA 
23453,Virginia Beach,Virginia ,VIRGINIA BEACH CITY,51,810,VA 
23454,Virginia Beach,Virginia ,VIRGINIA BEACH CITY,51,810,VA 
23455,Virginia Beach,Virginia ,VIRGINIA BEACH CITY,51,810,VA 
23457,Virginia Beach,Virginia ,VIRGINIA BEACH CITY,51,810,VA 
23456,Virginia Beach,Virginia ,VIRGINIA BEACH CITY,51,810,VA 
23461,Virginia Beach,Virginia ,VIRGINIA BEACH CITY,51,810,VA 
23459,Virginia Beach,Virginia ,VIRGINIA BEACH CITY,51,810,VA 
23462,Virginia Beach,Virginia ,VIRGINIA BEACH CITY,51,810,VA 
23460,Virginia Beach,Virginia ,VIRGINIA BEACH CITY,51,810,VA 
23458,Virginia Beach,Virginia ,VIRGINIA BEACH CITY,51,810,VA 
23463,Virginia Beach,Virginia ,VIRGINIA BEACH CITY,51,810,VA 
23464,Virginia Beach,Virginia ,VIRGINIA BEACH CITY,51,810,VA 
23471,Virginia Beach,Virginia ,VIRGINIA BEACH CITY,51,810,VA 
23465,Virginia Beach,Virginia ,VIRGINIA BEACH CITY,51,810,VA 
23480,Wachapreague,Virginia ,ACCOMACK,51,001,VA 
23467,Virginia Beach,Virginia ,VIRGINIA BEACH CITY,51,810,VA 
23466,Virginia Beach,Virginia ,VIRGINIA BEACH CITY,51,810,VA 
23479,Virginia Beach,Virginia ,VIRGINIA BEACH CITY,51,810,VA 
23482,Wardtown,Virginia ,NORTHAMPTON,51,131,VA 
23483,Wattsville,Virginia ,ACCOMACK,51,001,VA 
23501,Norfolk,Virginia ,NORFOLK CITY,51,710,VA 
23486,Willis Wharf,Virginia ,NORTHAMPTON,51,131,VA 
23488,Withams,Virginia ,ACCOMACK,51,001,VA 
23504,Norfolk,Virginia ,NORFOLK CITY,51,710,VA 
23487,Windsor,Virginia ,ISLE OF WIGHT,51,093,VA 
23502,Norfolk,Virginia ,NORFOLK CITY,51,710,VA 
23503,Norfolk,Virginia ,NORFOLK CITY,51,710,VA 
23505,Norfolk,Virginia ,NORFOLK CITY,51,710,VA 
23506,Norfolk,Virginia ,NORFOLK CITY,51,710,VA 
23507,Norfolk,Virginia ,NORFOLK CITY,51,710,VA 
23508,Norfolk,Virginia ,NORFOLK CITY,51,710,VA 
23510,Norfolk,Virginia ,NORFOLK CITY,51,710,VA 
23514,Norfolk,Virginia ,NORFOLK CITY,51,710,VA 
23513,Norfolk,Virginia ,NORFOLK CITY,51,710,VA 
23511,Norfolk,Virginia ,NORFOLK CITY,51,710,VA 
23509,Norfolk,Virginia ,NORFOLK CITY,51,710,VA 
23517,Norfolk,Virginia ,NORFOLK CITY,51,710,VA 
23515,Norfolk,Virginia ,NORFOLK CITY,51,710,VA 
23541,Norfolk,Virginia ,NORFOLK CITY,51,710,VA 
23519,Norfolk,Virginia ,NORFOLK CITY,51,710,VA 
23518,Norfolk,Virginia ,NORFOLK CITY,51,710,VA 
23523,Norfolk,Virginia ,NORFOLK CITY,51,710,VA 
23529,Norfolk,Virginia ,NORFOLK CITY,51,710,VA 
23551,Norfolk,Virginia ,NORFOLK CITY,51,710,VA 
23601,Newport News,Virginia ,NEWPORT NEWS CITY,51,700,VA 
23602,Newport News,Virginia ,NEWPORT NEWS CITY,51,700,VA 
23605,Newport News,Virginia ,NEWPORT NEWS CITY,51,700,VA 
23603,Newport News,Virginia ,NEWPORT NEWS CITY,51,700,VA 
23608,Newport News,Virginia ,NEWPORT NEWS CITY,51,700,VA 
23606,Newport News,Virginia ,NEWPORT NEWS CITY,51,700,VA 
23607,Newport News,Virginia ,NEWPORT NEWS CITY,51,700,VA 
23604,Fort Eustis,Virginia ,NEWPORT NEWS CITY,51,700,VA 
23609,Newport News,Virginia ,NEWPORT NEWS CITY,51,700,VA 
23612,Newport News,Virginia ,NEWPORT NEWS CITY,51,700,VA 
23630,Hampton,Virginia ,HAMPTON CITY,51,650,VA 
23663,Hampton,Virginia ,HAMPTON CITY,51,650,VA 
23628,Newport News,Virginia ,NEWPORT NEWS CITY,51,700,VA 
23661,Hampton,Virginia ,HAMPTON CITY,51,650,VA 
23651,Fort Monroe,Virginia ,HAMPTON CITY,51,650,VA 
23662,Poquoson,Virginia ,POQUOSON CITY,51,735,VA 
23664,Hampton,Virginia ,HAMPTON CITY,51,650,VA 
23665,Hampton,Virginia ,YORK,51,199,VA 
23666,Hampton,Virginia ,HAMPTON CITY,51,650,VA 
23670,Hampton,Virginia ,HAMPTON CITY,51,650,VA 
23667,Hampton,Virginia ,HAMPTON CITY,51,650,VA 
23681,Hampton,Virginia ,HAMPTON CITY,51,650,VA 
23669,Hampton,Virginia ,HAMPTON CITY,51,650,VA 
23668,Hampton,Virginia ,HAMPTON CITY,51,650,VA 
23690,Yorktown,Virginia ,YORK,51,199,VA 
23691,Yorktown,Virginia ,YORK,51,199,VA 
23692,Yorktown,Virginia ,YORK,51,199,VA 
23694,Lackey,Virginia ,YORK,51,199,VA 
23693,Yorktown,Virginia ,YORK,51,199,VA 
23696,Seaford,Virginia ,YORK,51,199,VA 
23701,Portsmouth,Virginia ,PORTSMOUTH CITY,51,740,VA 
23702,Portsmouth,Virginia ,PORTSMOUTH CITY,51,740,VA 
23703,Portsmouth,Virginia ,PORTSMOUTH CITY,51,740,VA 
23704,Portsmouth,Virginia ,PORTSMOUTH CITY,51,740,VA 
23705,Portsmouth,Virginia ,PORTSMOUTH CITY,51,740,VA 
23803,Petersburg,Virginia ,PETERSBURG CITY,51,730,VA 
23709,Portsmouth,Virginia ,PORTSMOUTH CITY,51,740,VA 
23707,Portsmouth,Virginia ,PORTSMOUTH CITY,51,740,VA 
23801,Fort Lee,Virginia ,PRINCE GEORGE,51,149,VA 
23804,Petersburg,Virginia ,PETERSBURG CITY,51,730,VA 
23708,Portsmouth,Virginia ,PORTSMOUTH CITY,51,740,VA 
23805,Petersburg,Virginia ,PETERSBURG CITY,51,730,VA 
23806,Virginia State University,Virginia ,PETERSBURG CITY,51,730,VA 
23827,Boykins,Virginia ,SOUTHAMPTON,51,175,VA 
23821,Alberta,Virginia ,BRUNSWICK,51,025,VA 
23822,Ammon,Virginia ,DINWIDDIE,51,053,VA 
23824,Blackstone,Virginia ,NOTTOWAY,51,135,VA 
23830,Carson,Virginia ,DINWIDDIE,51,053,VA 
23829,Capron,Virginia ,SOUTHAMPTON,51,175,VA 
23828,Branchville,Virginia ,SOUTHAMPTON,51,175,VA 
23831,Chester,Virginia ,CHESTERFIELD,51,041,VA 
23832,Chesterfield,Virginia ,CHESTERFIELD,51,041,VA 
23833,Church Road,Virginia ,DINWIDDIE,51,053,VA 
23834,Colonial Heights,Virginia ,COLONIAL HEIGHTS CITY,51,570,VA 
23839,Dendron,Virginia ,SURRY,51,181,VA 
23838,Chesterfield,Virginia ,CHESTERFIELD,51,041,VA 
23837,Courtland,Virginia ,SOUTHAMPTON,51,175,VA 
23836,Chester,Virginia ,CHESTERFIELD,51,041,VA 
23840,Dewitt,Virginia ,DINWIDDIE,51,053,VA 
23841,Dinwiddie,Virginia ,DINWIDDIE,51,053,VA 
23842,Disputanta,Virginia ,PRINCE GEORGE,51,149,VA 
23843,Dolphin,Virginia ,BRUNSWICK,51,025,VA 
23844,Drewryville,Virginia ,SOUTHAMPTON,51,175,VA 
23850,Ford,Virginia ,DINWIDDIE,51,053,VA 
23847,Emporia,Virginia ,EMPORIA CITY,51,595,VA 
23845,Ebony,Virginia ,BRUNSWICK,51,025,VA 
23846,Elberon,Virginia ,SURRY,51,181,VA 
23856,Freeman,Virginia ,BRUNSWICK,51,025,VA 
23851,Franklin,Virginia ,FRANKLIN CITY,51,620,VA 
23857,Gasburg,Virginia ,BRUNSWICK,51,025,VA 
23872,Mc Kenney,Virginia ,DINWIDDIE,51,053,VA 
23868,Lawrenceville,Virginia ,BRUNSWICK,51,025,VA 
23873,Meredithville,Virginia ,BRUNSWICK,51,025,VA 
23870,Jarratt,Virginia ,GREENSVILLE,51,081,VA 
23867,Jarratt,Virginia ,GREENSVILLE,51,081,VA 
23866,Ivor,Virginia ,SOUTHAMPTON,51,175,VA 
23860,Hopewell,Virginia ,HOPEWELL CITY,51,670,VA 
23874,Newsoms,Virginia ,SOUTHAMPTON,51,175,VA 
23884,Sussex,Virginia ,SUSSEX,51,183,VA 
23876,Rawlings,Virginia ,BRUNSWICK,51,025,VA 
23875,Prince George,Virginia ,PRINCE GEORGE,51,149,VA 
23878,Sedley,Virginia ,SOUTHAMPTON,51,175,VA 
23882,Stony Creek,Virginia ,SUSSEX,51,183,VA 
23879,Skippers,Virginia ,GREENSVILLE,51,081,VA 
23883,Surry,Virginia ,SURRY,51,181,VA 
23881,Spring Grove,Virginia ,SURRY,51,181,VA 
23889,Warfield,Virginia ,BRUNSWICK,51,025,VA 
23890,Waverly,Virginia ,SUSSEX,51,183,VA 
23891,Waverly,Virginia ,SUSSEX,51,183,VA 
23893,White Plains,Virginia ,BRUNSWICK,51,025,VA 
23894,Wilsons,Virginia ,DINWIDDIE,51,053,VA 
23885,Sutherland,Virginia ,DINWIDDIE,51,053,VA 
23887,Valentines,Virginia ,BRUNSWICK,51,025,VA 
23888,Wakefield,Virginia ,SUSSEX,51,183,VA 
23897,Yale,Virginia ,SUSSEX,51,183,VA 
23898,Zuni,Virginia ,ISLE OF WIGHT,51,093,VA 
23899,Claremont,Virginia ,SURRY,51,181,VA 
23901,Farmville,Virginia ,PRINCE EDWARD,51,147,VA 
23917,Boydton,Virginia ,MECKLENBURG,51,117,VA 
23919,Bracey,Virginia ,MECKLENBURG,51,117,VA 
23915,Baskerville,Virginia ,MECKLENBURG,51,117,VA 
23909,Farmville,Virginia ,PRINCE EDWARD,51,147,VA 
23920,Brodnax,Virginia ,BRUNSWICK,51,025,VA 
23921,Buckingham,Virginia ,BUCKINGHAM,51,029,VA 
23922,Burkeville,Virginia ,NOTTOWAY,51,135,VA 
23923,Charlotte Court House,Virginia ,CHARLOTTE,51,037,VA 
23927,Clarksville,Virginia ,MECKLENBURG,51,117,VA 
23930,Crewe,Virginia ,NOTTOWAY,51,135,VA 
23924,Chase City,Virginia ,MECKLENBURG,51,117,VA 
23936,Dillwyn,Virginia ,BUCKINGHAM,51,029,VA 
23937,Drakes Branch,Virginia ,CHARLOTTE,51,037,VA 
23938,Dundas,Virginia ,LUNENBURG,51,111,VA 
23934,Cullen,Virginia ,CHARLOTTE,51,037,VA 
23939,Evergreen,Virginia ,APPOMATTOX,51,011,VA 
23941,Fort Mitchell,Virginia ,LUNENBURG,51,111,VA 
23944,Kenbridge,Virginia ,LUNENBURG,51,111,VA 
23942,Green Bay,Virginia ,PRINCE EDWARD,51,147,VA 
23943,Hampden Sydney,Virginia ,PRINCE EDWARD,51,147,VA 
23947,Keysville,Virginia ,CHARLOTTE,51,037,VA 
23954,Meherrin,Virginia ,PRINCE EDWARD,51,147,VA 
23952,Lunenburg,Virginia ,LUNENBURG,51,111,VA 
23950,La Crosse,Virginia ,MECKLENBURG,51,117,VA 
23955,Nottoway,Virginia ,NOTTOWAY,51,135,VA 
23959,Phenix,Virginia ,CHARLOTTE,51,037,VA 
23958,Pamplin,Virginia ,APPOMATTOX,51,011,VA 
23960,Prospect,Virginia ,PRINCE EDWARD,51,147,VA 
23962,Randolph,Virginia ,CHARLOTTE,51,037,VA 
23964,Red Oak,Virginia ,CHARLOTTE,51,037,VA 
23963,Red House,Virginia ,CHARLOTTE,51,037,VA 
23966,Rice,Virginia ,PRINCE EDWARD,51,147,VA 
23967,Saxe,Virginia ,CHARLOTTE,51,037,VA 
23968,Skipwith,Virginia ,MECKLENBURG,51,117,VA 
23970,South Hill,Virginia ,MECKLENBURG,51,117,VA 
23974,Victoria,Virginia ,LUNENBURG,51,111,VA 
23976,Wylliesburg,Virginia ,CHARLOTTE,51,037,VA 
24003,Roanoke,Virginia ,ROANOKE CITY,51,770,VA 
24002,Roanoke,Virginia ,ROANOKE CITY,51,770,VA 
24001,Roanoke,Virginia ,ROANOKE CITY,51,770,VA 
24004,Roanoke,Virginia ,ROANOKE CITY,51,770,VA 
24005,Roanoke,Virginia ,ROANOKE CITY,51,770,VA 
24006,Roanoke,Virginia ,ROANOKE CITY,51,770,VA 
24007,Roanoke,Virginia ,ROANOKE CITY,51,770,VA 
24009,Roanoke,Virginia ,ROANOKE CITY,51,770,VA 
24010,Roanoke,Virginia ,ROANOKE CITY,51,770,VA 
24008,Roanoke,Virginia ,ROANOKE CITY,51,770,VA 
24011,Roanoke,Virginia ,ROANOKE CITY,51,770,VA 
24014,Roanoke,Virginia ,ROANOKE CITY,51,770,VA 
24013,Roanoke,Virginia ,ROANOKE CITY,51,770,VA 
24012,Roanoke,Virginia ,ROANOKE CITY,51,770,VA 
24016,Roanoke,Virginia ,ROANOKE CITY,51,770,VA 
24015,Roanoke,Virginia ,ROANOKE CITY,51,770,VA 
24017,Roanoke,Virginia ,ROANOKE CITY,51,770,VA 
24019,Roanoke,Virginia ,ROANOKE,51,161,VA 
24018,Roanoke,Virginia ,ROANOKE,51,161,VA 
24022,Roanoke,Virginia ,ROANOKE CITY,51,770,VA 
24020,Roanoke,Virginia ,ROANOKE,51,161,VA 
24023,Roanoke,Virginia ,ROANOKE CITY,51,770,VA 
24024,Roanoke,Virginia ,ROANOKE CITY,51,770,VA 
24025,Roanoke,Virginia ,ROANOKE CITY,51,770,VA 
24026,Roanoke,Virginia ,ROANOKE CITY,51,770,VA 
24027,Roanoke,Virginia ,ROANOKE CITY,51,770,VA 
24028,Roanoke,Virginia ,ROANOKE CITY,51,770,VA 
24029,Roanoke,Virginia ,ROANOKE CITY,51,770,VA 
24031,Roanoke,Virginia ,ROANOKE CITY,51,770,VA 
24030,Roanoke,Virginia ,ROANOKE CITY,51,770,VA 
24032,Roanoke,Virginia ,ROANOKE CITY,51,770,VA 
24033,Roanoke,Virginia ,ROANOKE CITY,51,770,VA 
24034,Roanoke,Virginia ,ROANOKE CITY,51,770,VA 
24035,Roanoke,Virginia ,ROANOKE CITY,51,770,VA 
24037,Roanoke,Virginia ,ROANOKE CITY,51,770,VA 
24038,Roanoke,Virginia ,ROANOKE CITY,51,770,VA 
24036,Roanoke,Virginia ,ROANOKE CITY,51,770,VA 
24040,Roanoke,Virginia ,ROANOKE CITY,51,770,VA 
24042,Roanoke,Virginia ,ROANOKE CITY,51,770,VA 
24043,Roanoke,Virginia ,ROANOKE CITY,51,770,VA 
24050,Roanoke,Virginia ,BOTETOURT,51,023,VA 
24053,Ararat,Virginia ,PATRICK,51,141,VA 
24055,Bassett,Virginia ,HENRY,51,089,VA 
24059,Bent Mountain,Virginia ,ROANOKE,51,161,VA 
24058,Belspring,Virginia ,PULASKI,51,155,VA 
24054,Axton,Virginia ,HENRY,51,089,VA 
24060,Blacksburg,Virginia ,MONTGOMERY,51,121,VA 
24061,Blacksburg,Virginia ,MONTGOMERY,51,121,VA 
24062,Blacksburg,Virginia ,MONTGOMERY,51,121,VA 
24064,Blue Ridge,Virginia ,BOTETOURT,51,023,VA 
24063,Blacksburg,Virginia ,MONTGOMERY,51,121,VA 
24067,Callaway,Virginia ,FRANKLIN,51,067,VA 
24065,Boones Mill,Virginia ,FRANKLIN,51,067,VA 
24066,Buchanan,Virginia ,BOTETOURT,51,023,VA 
24068,Christiansburg,Virginia ,MONTGOMERY,51,121,VA 
24069,Cascade,Virginia ,PITTSYLVANIA,51,143,VA 
24070,Catawba,Virginia ,ROANOKE,51,161,VA 
24072,Check,Virginia ,FLOYD,51,063,VA 
24076,Claudville,Virginia ,PATRICK,51,141,VA 
24079,Copper Hill,Virginia ,FLOYD,51,063,VA 
24073,Christiansburg,Virginia ,MONTGOMERY,51,121,VA 
24078,Collinsville,Virginia ,HENRY,51,089,VA 
24077,Cloverdale,Virginia ,BOTETOURT,51,023,VA 
24082,Critz,Virginia ,PATRICK,51,141,VA 
24083,Daleville,Virginia ,BOTETOURT,51,023,VA 
24084,Dublin,Virginia ,PULASKI,51,155,VA 
24085,Eagle Rock,Virginia ,BOTETOURT,51,023,VA 
24087,Elliston,Virginia ,MONTGOMERY,51,121,VA 
24086,Eggleston,Virginia ,GILES,51,071,VA 
24090,Fincastle,Virginia ,BOTETOURT,51,023,VA 
24088,Ferrum,Virginia ,FRANKLIN,51,067,VA 
24091,Floyd,Virginia ,FLOYD,51,063,VA 
24089,Fieldale,Virginia ,HENRY,51,089,VA 
24092,Glade Hill,Virginia ,FRANKLIN,51,067,VA 
24093,Glen Lyn,Virginia ,GILES,51,071,VA 
24095,Goodview,Virginia ,BEDFORD,51,019,VA 
24101,Hardy,Virginia ,FRANKLIN,51,067,VA 
24111,Mc Coy,Virginia ,MONTGOMERY,51,121,VA 
24105,Indian Valley,Virginia ,FLOYD,51,063,VA 
24104,Huddleston,Virginia ,BEDFORD,51,019,VA 
24102,Henry,Virginia ,FRANKLIN,51,067,VA 
24113,Martinsville,Virginia ,MARTINSVILLE CITY,51,690,VA 
24112,Martinsville,Virginia ,MARTINSVILLE CITY,51,690,VA 
24114,Martinsville,Virginia ,MARTINSVILLE CITY,51,690,VA 
24115,Martinsville,Virginia ,MARTINSVILLE CITY,51,690,VA 
24122,Montvale,Virginia ,BEDFORD,51,019,VA 
24120,Meadows Of Dan,Virginia ,PATRICK,51,141,VA 
24121,Moneta,Virginia ,BEDFORD,51,019,VA 
24124,Narrows,Virginia ,GILES,51,071,VA 
24126,Newbern,Virginia ,PULASKI,51,155,VA 
24127,New Castle,Virginia ,CRAIG,51,045,VA 
24128,Newport,Virginia ,GILES,51,071,VA 
24130,Oriskany,Virginia ,BOTETOURT,51,023,VA 
24129,New River,Virginia ,PULASKI,51,155,VA 
24132,Parrott,Virginia ,PULASKI,51,155,VA 
24131,Paint Bank,Virginia ,CRAIG,51,045,VA 
24133,Patrick Springs,Virginia ,PATRICK,51,141,VA 
24134,Pearisburg,Virginia ,GILES,51,071,VA 
24137,Penhook,Virginia ,FRANKLIN,51,067,VA 
24136,Pembroke,Virginia ,GILES,51,071,VA 
24139,Pittsville,Virginia ,PITTSYLVANIA,51,143,VA 
24138,Pilot,Virginia ,MONTGOMERY,51,121,VA 
24141,Radford,Virginia ,RADFORD,51,750,VA 
24142,Radford,Virginia ,RADFORD,51,750,VA 
24146,Redwood,Virginia ,FRANKLIN,51,067,VA 
24143,Radford,Virginia ,RADFORD,51,750,VA 
24147,Rich Creek,Virginia ,GILES,51,071,VA 
24148,Ridgeway,Virginia ,HENRY,51,089,VA 
24149,Riner,Virginia ,MONTGOMERY,51,121,VA 
24151,Rocky Mount,Virginia ,FRANKLIN,51,067,VA 
24150,Ripplemead,Virginia ,GILES,51,071,VA 
24153,Salem,Virginia ,SALEM,51,775,VA 
24155,Roanoke,Virginia ,SALEM,51,775,VA 
24161,Sandy Level,Virginia ,PITTSYLVANIA,51,143,VA 
24162,Shawsville,Virginia ,MONTGOMERY,51,121,VA 
24157,Roanoke,Virginia ,SALEM,51,775,VA 
24165,Spencer,Virginia ,HENRY,51,089,VA 
24167,Staffordsville,Virginia ,GILES,51,071,VA 
24168,Stanleytown,Virginia ,HENRY,51,089,VA 
24171,Stuart,Virginia ,PATRICK,51,141,VA 
24174,Thaxton,Virginia ,BEDFORD,51,019,VA 
24175,Troutville,Virginia ,BOTETOURT,51,023,VA 
24176,Union Hall,Virginia ,FRANKLIN,51,067,VA 
24177,Vesta,Virginia ,PATRICK,51,141,VA 
24178,Villamont,Virginia ,BEDFORD,51,019,VA 
24179,Vinton,Virginia ,ROANOKE,51,161,VA 
24184,Wirtz,Virginia ,FRANKLIN,51,067,VA 
24185,Woolwine,Virginia ,PATRICK,51,141,VA 
24201,Bristol,Virginia ,BRISTOL CITY,51,520,VA 
24209,Bristol,Virginia ,BRISTOL CITY,51,520,VA 
24203,Bristol,Virginia ,BRISTOL CITY,51,520,VA 
24202,Bristol,Virginia ,WASHINGTON,51,191,VA 
24205,Bristol,Virginia ,BRISTOL CITY,51,520,VA 
24211,Abingdon,Virginia ,WASHINGTON,51,191,VA 
24210,Abingdon,Virginia ,WASHINGTON,51,191,VA 
24212,Abingdon,Virginia ,WASHINGTON,51,191,VA 
24216,Appalachia,Virginia ,WISE,51,195,VA 
24218,Ben Hur,Virginia ,LEE,51,105,VA 
24217,Bee,Virginia ,DICKENSON,51,051,VA 
24215,Andover,Virginia ,WISE,51,195,VA 
24224,Castlewood,Virginia ,RUSSELL,51,167,VA 
24221,Blackwater,Virginia ,LEE,51,105,VA 
24220,Birchleaf,Virginia ,DICKENSON,51,051,VA 
24219,Big Stone Gap,Virginia ,WISE,51,195,VA 
24225,Cleveland,Virginia ,RUSSELL,51,167,VA 
24228,Clintwood,Virginia ,DICKENSON,51,051,VA 
24226,Clinchco,Virginia ,DICKENSON,51,051,VA 
24230,Coeburn,Virginia ,WISE,51,195,VA 
24236,Damascus,Virginia ,WASHINGTON,51,191,VA 
24237,Dante,Virginia ,RUSSELL,51,167,VA 
24243,Dryden,Virginia ,LEE,51,105,VA 
24239,Davenport,Virginia ,BUCHANAN,51,027,VA 
24244,Duffield,Virginia ,SCOTT,51,169,VA 
24248,Ewing,Virginia ,LEE,51,105,VA 
24246,East Stone Gap,Virginia ,WISE,51,195,VA 
24245,Dungannon,Virginia ,SCOTT,51,169,VA 
24250,Fort Blackmore,Virginia ,SCOTT,51,169,VA 
24251,Gate City,Virginia ,SCOTT,51,169,VA 
24256,Haysi,Virginia ,DICKENSON,51,051,VA 
24258,Hiltons,Virginia ,SCOTT,51,169,VA 
24260,Honaker,Virginia ,RUSSELL,51,167,VA 
24266,Lebanon,Virginia ,RUSSELL,51,167,VA 
24263,Jonesville,Virginia ,LEE,51,105,VA 
24265,Keokee,Virginia ,LEE,51,105,VA 
24269,Mc Clure,Virginia ,DICKENSON,51,051,VA 
24270,Mendota,Virginia ,WASHINGTON,51,191,VA 
24271,Nickelsville,Virginia ,SCOTT,51,169,VA 
24277,Pennington Gap,Virginia ,LEE,51,105,VA 
24279,Pound,Virginia ,WISE,51,195,VA 
24280,Rosedale,Virginia ,RUSSELL,51,167,VA 
24272,Nora,Virginia ,DICKENSON,51,051,VA 
24273,Norton,Virginia ,NORTON CITY,51,720,VA 
24282,Saint Charles,Virginia ,LEE,51,105,VA 
24281,Rose Hill,Virginia ,LEE,51,105,VA 
24283,Saint Paul,Virginia ,WISE,51,195,VA 
24290,Weber City,Virginia ,SCOTT,51,169,VA 
24292,Whitetop,Virginia ,GRAYSON,51,077,VA 
24311,Atkins,Virginia ,SMYTH,51,173,VA 
24293,Wise,Virginia ,WISE,51,195,VA 
24312,Austinville,Virginia ,WYTHE,51,197,VA 
24301,Pulaski,Virginia ,PULASKI,51,155,VA 
24313,Barren Springs,Virginia ,WYTHE,51,197,VA 
24316,Broadford,Virginia ,TAZEWELL,51,185,VA 
24315,Bland,Virginia ,BLAND,51,021,VA 
24314,Bastian,Virginia ,BLAND,51,021,VA 
24317,Cana,Virginia ,CARROLL,51,035,VA 
24322,Cripple Creek,Virginia ,WYTHE,51,197,VA 
24323,Crockett,Virginia ,WYTHE,51,197,VA 
24319,Chilhowie,Virginia ,SMYTH,51,173,VA 
24324,Draper,Virginia ,PULASKI,51,155,VA 
24326,Elk Creek,Virginia ,GRAYSON,51,077,VA 
24318,Ceres,Virginia ,BLAND,51,021,VA 
24325,Dugspur,Virginia ,CARROLL,51,035,VA 
24327,Emory,Virginia ,WASHINGTON,51,191,VA 
24330,Fries,Virginia ,GRAYSON,51,077,VA 
24347,Hiwassee,Virginia ,PULASKI,51,155,VA 
24340,Glade Spring,Virginia ,WASHINGTON,51,191,VA 
24333,Galax,Virginia ,GALAX CITY,51,640,VA 
24328,Fancy Gap,Virginia ,CARROLL,51,035,VA 
24343,Hillsville,Virginia ,CARROLL,51,035,VA 
24348,Independence,Virginia ,GRAYSON,51,077,VA 
24350,Ivanhoe,Virginia ,WYTHE,51,197,VA 
24351,Lambsburg,Virginia ,CARROLL,51,035,VA 
24352,Laurel Fork,Virginia ,CARROLL,51,035,VA 
24354,Marion,Virginia ,SMYTH,51,173,VA 
24360,Max Meadows,Virginia ,WYTHE,51,197,VA 
24363,Mouth Of Wilson,Virginia ,GRAYSON,51,077,VA 
24361,Meadowview,Virginia ,WASHINGTON,51,191,VA 
24366,Rocky Gap,Virginia ,BLAND,51,021,VA 
24368,Rural Retreat,Virginia ,WYTHE,51,197,VA 
24370,Saltville,Virginia ,SMYTH,51,173,VA 
24374,Speedwell,Virginia ,WYTHE,51,197,VA 
24377,Tannersville,Virginia ,TAZEWELL,51,185,VA 
24375,Sugar Grove,Virginia ,SMYTH,51,173,VA 
24381,Woodlawn,Virginia ,CARROLL,51,035,VA 
24380,Willis,Virginia ,FLOYD,51,063,VA 
24378,Troutdale,Virginia ,GRAYSON,51,077,VA 
24382,Wytheville,Virginia ,WYTHE,51,197,VA 
24401,Staunton,Virginia ,STAUNTON CITY,51,790,VA 
24402,Staunton,Virginia ,STAUNTON CITY,51,790,VA 
24413,Blue Grass,Virginia ,HIGHLAND,51,091,VA 
24415,Brownsburg,Virginia ,ROCKBRIDGE,51,163,VA 
24412,Bacova,Virginia ,BATH,51,017,VA 
24411,Augusta Springs,Virginia ,AUGUSTA,51,015,VA 
24416,Buena Vista,Virginia ,BUENA VISTA CITY,51,530,VA 
24421,Churchville,Virginia ,AUGUSTA,51,015,VA 
24426,Covington,Virginia ,COVINGTON CITY,51,580,VA 
24422,Clifton Forge,Virginia ,ALLEGHANY,51,005,VA 
24432,Deerfield,Virginia ,AUGUSTA,51,015,VA 
24430,Craigsville,Virginia ,AUGUSTA,51,015,VA 
24433,Doe Hill,Virginia ,HIGHLAND,51,091,VA 
24431,Crimora,Virginia ,AUGUSTA,51,015,VA 
24435,Fairfield,Virginia ,ROCKBRIDGE,51,163,VA 
24437,Fort Defiance,Virginia ,AUGUSTA,51,015,VA 
24438,Glen Wilton,Virginia ,BOTETOURT,51,023,VA 
24439,Goshen,Virginia ,ROCKBRIDGE,51,163,VA 
24442,Head Waters,Virginia ,HIGHLAND,51,091,VA 
24440,Greenville,Virginia ,AUGUSTA,51,015,VA 
24441,Grottoes,Virginia ,ROCKINGHAM,51,165,VA 
24445,Hot Springs,Virginia ,BATH,51,017,VA 
24448,Iron Gate,Virginia ,ALLEGHANY,51,005,VA 
24457,Low Moor,Virginia ,ALLEGHANY,51,005,VA 
24450,Lexington,Virginia ,LEXINGTON CITY,51,678,VA 
24458,Mc Dowell,Virginia ,HIGHLAND,51,091,VA 
24459,Middlebrook,Virginia ,AUGUSTA,51,015,VA 
24463,Mint Spring,Virginia ,AUGUSTA,51,015,VA 
24464,Montebello,Virginia ,NELSON,51,125,VA 
24460,Millboro,Virginia ,BATH,51,017,VA 
24465,Monterey,Virginia ,HIGHLAND,51,091,VA 
24467,Mount Sidney,Virginia ,AUGUSTA,51,015,VA 
24469,New Hope,Virginia ,AUGUSTA,51,015,VA 
24472,Raphine,Virginia ,ROCKBRIDGE,51,163,VA 
24473,Rockbridge Baths,Virginia ,ROCKBRIDGE,51,163,VA 
24474,Selma,Virginia ,ALLEGHANY,51,005,VA 
24471,Port Republic,Virginia ,ROCKINGHAM,51,165,VA 
24476,Steeles Tavern,Virginia ,AUGUSTA,51,015,VA 
24477,Stuarts Draft,Virginia ,AUGUSTA,51,015,VA 
24479,Swoope,Virginia ,AUGUSTA,51,015,VA 
24482,Verona,Virginia ,AUGUSTA,51,015,VA 
24485,West Augusta,Virginia ,AUGUSTA,51,015,VA 
24486,Weyers Cave,Virginia ,AUGUSTA,51,015,VA 
24483,Vesuvius,Virginia ,ROCKBRIDGE,51,163,VA 
24501,Lynchburg,Virginia ,LYNCHBURG CITY,51,680,VA 
24484,Warm Springs,Virginia ,BATH,51,017,VA 
24487,Williamsville,Virginia ,BATH,51,017,VA 
24502,Lynchburg,Virginia ,LYNCHBURG CITY,51,680,VA 
24503,Lynchburg,Virginia ,LYNCHBURG CITY,51,680,VA 
24505,Lynchburg,Virginia ,LYNCHBURG CITY,51,680,VA 
24514,Lynchburg,Virginia ,LYNCHBURG CITY,51,680,VA 
24506,Lynchburg,Virginia ,LYNCHBURG CITY,51,680,VA 
24513,Lynchburg,Virginia ,LYNCHBURG CITY,51,680,VA 
24504,Lynchburg,Virginia ,LYNCHBURG CITY,51,680,VA 
24515,Lynchburg,Virginia ,LYNCHBURG CITY,51,680,VA 
24517,Altavista,Virginia ,CAMPBELL,51,031,VA 
24520,Alton,Virginia ,HALIFAX,51,083,VA 
24521,Amherst,Virginia ,AMHERST,51,009,VA 
24522,Appomattox,Virginia ,APPOMATTOX,51,011,VA 
24526,Big Island,Virginia ,BEDFORD,51,019,VA 
24527,Blairs,Virginia ,PITTSYLVANIA,51,143,VA 
24528,Brookneal,Virginia ,CAMPBELL,51,031,VA 
24523,Bedford,Virginia ,BEDFORD,51,019,VA 
24529,Buffalo Junction,Virginia ,MECKLENBURG,51,117,VA 
24530,Callands,Virginia ,PITTSYLVANIA,51,143,VA 
24531,Chatham,Virginia ,PITTSYLVANIA,51,143,VA 
24533,Clifford,Virginia ,AMHERST,51,009,VA 
24534,Clover,Virginia ,HALIFAX,51,083,VA 
24535,Cluster Springs,Virginia ,HALIFAX,51,083,VA 
24536,Coleman Falls,Virginia ,BEDFORD,51,019,VA 
24538,Concord,Virginia ,CAMPBELL,51,031,VA 
24540,Danville,Virginia ,DANVILLE CITY,51,590,VA 
24539,Crystal Hill,Virginia ,HALIFAX,51,083,VA 
24543,Danville,Virginia ,DANVILLE CITY,51,590,VA 
24549,Dry Fork,Virginia ,PITTSYLVANIA,51,143,VA 
24541,Danville,Virginia ,DANVILLE CITY,51,590,VA 
24550,Evington,Virginia ,CAMPBELL,51,031,VA 
24554,Gladys,Virginia ,CAMPBELL,51,031,VA 
24551,Forest,Virginia ,BEDFORD,51,019,VA 
24553,Gladstone,Virginia ,NELSON,51,125,VA 
24555,Glasgow,Virginia ,ROCKBRIDGE,51,163,VA 
24558,Halifax,Virginia ,HALIFAX,51,083,VA 
24557,Gretna,Virginia ,PITTSYLVANIA,51,143,VA 
24556,Goode,Virginia ,BEDFORD,51,019,VA 
24562,Howardsville,Virginia ,BUCKINGHAM,51,029,VA 
24569,Long Island,Virginia ,PITTSYLVANIA,51,143,VA 
24566,Keeling,Virginia ,PITTSYLVANIA,51,143,VA 
24565,Java,Virginia ,PITTSYLVANIA,51,143,VA 
24563,Hurt,Virginia ,PITTSYLVANIA,51,143,VA 
24571,Lynch Station,Virginia ,CAMPBELL,51,031,VA 
24572,Madison Heights,Virginia ,AMHERST,51,009,VA 
24570,Lowry,Virginia ,BEDFORD,51,019,VA 
24574,Monroe,Virginia ,AMHERST,51,009,VA 
24577,Nathalie,Virginia ,HALIFAX,51,083,VA 
24576,Naruna,Virginia ,CAMPBELL,51,031,VA 
24578,Natural Bridge,Virginia ,ROCKBRIDGE,51,163,VA 
24579,Natural Bridge Station,Virginia ,ROCKBRIDGE,51,163,VA 
24581,Norwood,Virginia ,NELSON,51,125,VA 
24580,Nelson,Virginia ,MECKLENBURG,51,117,VA 
24586,Ringgold,Virginia ,PITTSYLVANIA,51,143,VA 
24588,Rustburg,Virginia ,CAMPBELL,51,031,VA 
24589,Scottsburg,Virginia ,HALIFAX,51,083,VA 
24590,Scottsville,Virginia ,ALBEMARLE,51,003,VA 
24593,Spout Spring,Virginia ,APPOMATTOX,51,011,VA 
24597,Vernon Hill,Virginia ,HALIFAX,51,083,VA 
24592,South Boston,Virginia ,HALIFAX,51,083,VA 
24594,Sutherlin,Virginia ,PITTSYLVANIA,51,143,VA 
24595,Sweet Briar,Virginia ,AMHERST,51,009,VA 
24598,Virgilina,Virginia ,HALIFAX,51,083,VA 
24604,Bishop,Virginia ,TAZEWELL,51,185,VA 
24599,Wingina,Virginia ,BUCKINGHAM,51,029,VA 
24602,Bandy,Virginia ,TAZEWELL,51,185,VA 
24601,Amonate,Virginia ,TAZEWELL,51,185,VA 
24603,Big Rock,Virginia ,BUCHANAN,51,027,VA 
24605,Bluefield,Virginia ,TAZEWELL,51,185,VA 
24606,Boissevain,Virginia ,TAZEWELL,51,185,VA 
24607,Breaks,Virginia ,DICKENSON,51,051,VA 
24608,Burkes Garden,Virginia ,TAZEWELL,51,185,VA 
24614,Grundy,Virginia ,BUCHANAN,51,027,VA 
24612,Doran,Virginia ,TAZEWELL,51,185,VA 
24609,Cedar Bluff,Virginia ,TAZEWELL,51,185,VA 
24613,Falls Mills,Virginia ,TAZEWELL,51,185,VA 
24620,Hurley,Virginia ,BUCHANAN,51,027,VA 
24622,Jewell Ridge,Virginia ,TAZEWELL,51,185,VA 
24619,Horsepen,Virginia ,TAZEWELL,51,185,VA 
24624,Keen Mountain,Virginia ,BUCHANAN,51,027,VA 
24631,Oakwood,Virginia ,BUCHANAN,51,027,VA 
24627,Mavisdale,Virginia ,BUCHANAN,51,027,VA 
24637,Pounding Mill,Virginia ,TAZEWELL,51,185,VA 
24635,Pocahontas,Virginia ,TAZEWELL,51,185,VA 
24628,Maxie,Virginia ,BUCHANAN,51,027,VA 
24630,North Tazewell,Virginia ,TAZEWELL,51,185,VA 
24634,Pilgrims Knob,Virginia ,BUCHANAN,51,027,VA 
24639,Raven,Virginia ,BUCHANAN,51,027,VA 
24640,Red Ash,Virginia ,TAZEWELL,51,185,VA 
24649,Swords Creek,Virginia ,RUSSELL,51,167,VA 
24641,Richlands,Virginia ,TAZEWELL,51,185,VA 
24647,Shortt Gap,Virginia ,BUCHANAN,51,027,VA 
24657,Whitewood,Virginia ,BUCHANAN,51,027,VA 
24646,Rowe,Virginia ,BUCHANAN,51,027,VA 
24651,Tazewell,Virginia ,TAZEWELL,51,185,VA 
24656,Vansant,Virginia ,BUCHANAN,51,027,VA 
24658,Wolford,Virginia ,BUCHANAN,51,027,VA 
