24716,Bud,West Virginia ,WYOMING,54,109,WV 
24719,Covel,West Virginia ,WYOMING,54,109,WV 
24701,Bluefield,West Virginia ,MERCER,54,055,WV 
24714,Beeson,West Virginia ,MERCER,54,055,WV 
24724,Freeman,West Virginia ,MERCER,54,055,WV 
24726,Herndon,West Virginia ,WYOMING,54,109,WV 
24712,Athens,West Virginia ,MERCER,54,055,WV 
24715,Bramwell,West Virginia ,MERCER,54,055,WV 
24729,Hiawatha,West Virginia ,MERCER,54,055,WV 
24738,Nemours,West Virginia ,MERCER,54,055,WV 
24736,Matoaka,West Virginia ,MERCER,54,055,WV 
24732,Kellysville,West Virginia ,MERCER,54,055,WV 
24739,Princeton,West Virginia ,MERCER,54,055,WV 
24737,Montcalm,West Virginia ,MERCER,54,055,WV 
24731,Kegley,West Virginia ,MERCER,54,055,WV 
24733,Lashmeet,West Virginia ,MERCER,54,055,WV 
24747,Rock,West Virginia ,MERCER,54,055,WV 
24801,Welch,West Virginia ,MCDOWELL,54,047,WV 
24813,Bartley,West Virginia ,MCDOWELL,54,047,WV 
24751,Wolfe,West Virginia ,MERCER,54,055,WV 
24815,Berwind,West Virginia ,MCDOWELL,54,047,WV 
24808,Anawalt,West Virginia ,MCDOWELL,54,047,WV 
24811,Avondale,West Virginia ,MCDOWELL,54,047,WV 
24740,Princeton,West Virginia ,MERCER,54,055,WV 
24816,Big Sandy,West Virginia ,MCDOWELL,54,047,WV 
24817,Bradshaw,West Virginia ,MCDOWELL,54,047,WV 
24826,Cucumber,West Virginia ,MCDOWELL,54,047,WV 
24822,Clear Fork,West Virginia ,WYOMING,54,109,WV 
24818,Brenton,West Virginia ,WYOMING,54,109,WV 
24823,Coal Mountain,West Virginia ,WYOMING,54,109,WV 
24828,Davy,West Virginia ,MCDOWELL,54,047,WV 
24827,Cyclone,West Virginia ,WYOMING,54,109,WV 
24829,Eckman,West Virginia ,MCDOWELL,54,047,WV 
24836,Gary,West Virginia ,MCDOWELL,54,047,WV 
24831,Elkhorn,West Virginia ,MCDOWELL,54,047,WV 
24843,Hensley,West Virginia ,MCDOWELL,54,047,WV 
24834,Fanrock,West Virginia ,WYOMING,54,109,WV 
24844,Iaeger,West Virginia ,MCDOWELL,54,047,WV 
24839,Hanover,West Virginia ,WYOMING,54,109,WV 
24830,Elbert,West Virginia ,MCDOWELL,54,047,WV 
24845,Ikes Fork,West Virginia ,WYOMING,54,109,WV 
24848,Jenkinjones,West Virginia ,MCDOWELL,54,047,WV 
24851,Justice,West Virginia ,MINGO,54,059,WV 
24846,Isaban,West Virginia ,MCDOWELL,54,047,WV 
24853,Kimball,West Virginia ,MCDOWELL,54,047,WV 
24849,Jesse,West Virginia ,WYOMING,54,109,WV 
24847,Itmann,West Virginia ,WYOMING,54,109,WV 
24850,Jolo,West Virginia ,MCDOWELL,54,047,WV 
24854,Kopperston,West Virginia ,WYOMING,54,109,WV 
24859,Marianna,West Virginia ,WYOMING,54,109,WV 
24860,Matheny,West Virginia ,WYOMING,54,109,WV 
24857,Lynco,West Virginia ,WYOMING,54,109,WV 
24855,Kyle,West Virginia ,MCDOWELL,54,047,WV 
24862,Mohawk,West Virginia ,MCDOWELL,54,047,WV 
24861,Maybeury,West Virginia ,MCDOWELL,54,047,WV 
24867,New Richmond,West Virginia ,WYOMING,54,109,WV 
24866,Newhall,West Virginia ,MCDOWELL,54,047,WV 
24868,Northfork,West Virginia ,MCDOWELL,54,047,WV 
24870,Oceana,West Virginia ,WYOMING,54,109,WV 
24869,North Spring,West Virginia ,WYOMING,54,109,WV 
24871,Pageton,West Virginia ,MCDOWELL,54,047,WV 
24873,Paynesville,West Virginia ,MCDOWELL,54,047,WV 
24872,Panther,West Virginia ,MCDOWELL,54,047,WV 
24878,Premier,West Virginia ,MCDOWELL,54,047,WV 
24874,Pineville,West Virginia ,WYOMING,54,109,WV 
24879,Raysal,West Virginia ,MCDOWELL,54,047,WV 
24884,Squire,West Virginia ,MCDOWELL,54,047,WV 
24881,Roderfield,West Virginia ,MCDOWELL,54,047,WV 
24888,Thorpe,West Virginia ,MCDOWELL,54,047,WV 
24887,Switchback,West Virginia ,MCDOWELL,54,047,WV 
24880,Rock View,West Virginia ,WYOMING,54,109,WV 
24882,Simon,West Virginia ,WYOMING,54,109,WV 
24892,War,West Virginia ,MCDOWELL,54,047,WV 
24894,Warriormine,West Virginia ,MCDOWELL,54,047,WV 
24895,Wilcoe,West Virginia ,MCDOWELL,54,047,WV 
24898,Wyoming,West Virginia ,WYOMING,54,109,WV 
24901,Lewisburg,West Virginia ,GREENBRIER,54,025,WV 
24910,Alderson,West Virginia ,MONROE,54,063,WV 
24915,Arbovale,West Virginia ,POCAHONTAS,54,075,WV 
24902,Fairlea,West Virginia ,GREENBRIER,54,025,WV 
24916,Asbury,West Virginia ,GREENBRIER,54,025,WV 
24918,Ballard,West Virginia ,MONROE,54,063,WV 
24920,Bartow,West Virginia ,POCAHONTAS,54,075,WV 
24924,Buckeye,West Virginia ,POCAHONTAS,54,075,WV 
24927,Cass,West Virginia ,POCAHONTAS,54,075,WV 
24925,Caldwell,West Virginia ,GREENBRIER,54,025,WV 
24938,Frankford,West Virginia ,GREENBRIER,54,025,WV 
24935,Forest Hill,West Virginia ,SUMMERS,54,089,WV 
24934,Dunmore,West Virginia ,POCAHONTAS,54,075,WV 
24931,Crawley,West Virginia ,GREENBRIER,54,025,WV 
24941,Gap Mills,West Virginia ,MONROE,54,063,WV 
24943,Grassy Meadows,West Virginia ,GREENBRIER,54,025,WV 
24957,Maxwelton,West Virginia ,GREENBRIER,54,025,WV 
24944,Green Bank,West Virginia ,POCAHONTAS,54,075,WV 
24954,Marlinton,West Virginia ,POCAHONTAS,54,075,WV 
24946,Hillsboro,West Virginia ,POCAHONTAS,54,075,WV 
24945,Greenville,West Virginia ,MONROE,54,063,WV 
24951,Lindside,West Virginia ,MONROE,54,063,WV 
24962,Pence Springs,West Virginia ,SUMMERS,54,089,WV 
24963,Peterstown,West Virginia ,MONROE,54,063,WV 
24976,Sinks Grove,West Virginia ,MONROE,54,063,WV 
24966,Renick,West Virginia ,GREENBRIER,54,025,WV 
24970,Ronceverte,West Virginia ,GREENBRIER,54,025,WV 
24981,Talcott,West Virginia ,SUMMERS,54,089,WV 
24974,Secondcreek,West Virginia ,MONROE,54,063,WV 
24977,Smoot,West Virginia ,GREENBRIER,54,025,WV 
24983,Union,West Virginia ,MONROE,54,063,WV 
24984,Waiteville,West Virginia ,MONROE,54,063,WV 
24985,Wayside,West Virginia ,MONROE,54,063,WV 
24986,White Sulphur Springs,West Virginia ,GREENBRIER,54,025,WV 
25005,Amma,West Virginia ,ROANE,54,087,WV 
25003,Alum Creek,West Virginia ,KANAWHA,54,039,WV 
25002,Alloy,West Virginia ,FAYETTE,54,019,WV 
24991,Williamsburg,West Virginia ,GREENBRIER,54,025,WV 
24993,Wolfcreek,West Virginia ,MONROE,54,063,WV 
25007,Arnett,West Virginia ,RALEIGH,54,081,WV 
25008,Artie,West Virginia ,RALEIGH,54,081,WV 
25019,Bickmore,West Virginia ,CLAY,54,015,WV 
25011,Bancroft,West Virginia ,PUTNAM,54,079,WV 
25022,Blair,West Virginia ,LOGAN,54,045,WV 
25009,Ashford,West Virginia ,BOONE,54,005,WV 
25021,Bim,West Virginia ,BOONE,54,005,WV 
25015,Belle,West Virginia ,KANAWHA,54,039,WV 
25024,Bloomingrose,West Virginia ,BOONE,54,005,WV 
25025,Blount,West Virginia ,KANAWHA,54,039,WV 
25026,Blue Creek,West Virginia ,KANAWHA,54,039,WV 
25030,Bomont,West Virginia ,CLAY,54,015,WV 
25031,Boomer,West Virginia ,FAYETTE,54,019,WV 
25035,Cabin Creek,West Virginia ,KANAWHA,54,039,WV 
25036,Cannelton,West Virginia ,FAYETTE,54,019,WV 
25028,Bob White,West Virginia ,BOONE,54,005,WV 
25033,Buffalo,West Virginia ,PUTNAM,54,079,WV 
25040,Charlton Heights,West Virginia ,FAYETTE,54,019,WV 
25039,Cedar Grove,West Virginia ,KANAWHA,54,039,WV 
25043,Clay,West Virginia ,CLAY,54,015,WV 
25049,Comfort,West Virginia ,BOONE,54,005,WV 
25045,Clendenin,West Virginia ,KANAWHA,54,039,WV 
25047,Clothier,West Virginia ,LOGAN,54,045,WV 
25044,Clear Creek,West Virginia ,RALEIGH,54,081,WV 
25048,Colcord,West Virginia ,RALEIGH,54,081,WV 
25051,Costa,West Virginia ,BOONE,54,005,WV 
25061,Drybranch,West Virginia ,KANAWHA,54,039,WV 
25060,Dorothy,West Virginia ,RALEIGH,54,081,WV 
25057,Deep Water,West Virginia ,FAYETTE,54,019,WV 
25059,Dixie,West Virginia ,NICHOLAS,54,067,WV 
25054,Dawes,West Virginia ,KANAWHA,54,039,WV 
25062,Dry Creek,West Virginia ,RALEIGH,54,081,WV 
25053,Danville,West Virginia ,BOONE,54,005,WV 
25063,Duck,West Virginia ,CLAY,54,015,WV 
25071,Elkview,West Virginia ,KANAWHA,54,039,WV 
25079,Falling Rock,West Virginia ,KANAWHA,54,039,WV 
25070,Eleanor,West Virginia ,PUTNAM,54,079,WV 
25075,Eskdale,West Virginia ,KANAWHA,54,039,WV 
25076,Ethel,West Virginia ,LOGAN,54,045,WV 
25064,Dunbar,West Virginia ,KANAWHA,54,039,WV 
25067,East Bank,West Virginia ,KANAWHA,54,039,WV 
25081,Foster,West Virginia ,BOONE,54,005,WV 
25086,Glasgow,West Virginia ,KANAWHA,54,039,WV 
25083,Gallagher,West Virginia ,KANAWHA,54,039,WV 
25088,Glen,West Virginia ,CLAY,54,015,WV 
25085,Gauley Bridge,West Virginia ,FAYETTE,54,019,WV 
25093,Gordon,West Virginia ,BOONE,54,005,WV 
25090,Glen Ferris,West Virginia ,FAYETTE,54,019,WV 
25082,Fraziers Bottom,West Virginia ,PUTNAM,54,079,WV 
25102,Handley,West Virginia ,KANAWHA,54,039,WV 
25103,Hansford,West Virginia ,KANAWHA,54,039,WV 
25106,Henderson,West Virginia ,MASON,54,053,WV 
25110,Hugheston,West Virginia ,KANAWHA,54,039,WV 
25111,Indore,West Virginia ,CLAY,54,015,WV 
25108,Hewett,West Virginia ,BOONE,54,005,WV 
25112,Institute,West Virginia ,KANAWHA,54,039,WV 
25107,Hernshaw,West Virginia ,KANAWHA,54,039,WV 
25109,Hometown,West Virginia ,PUTNAM,54,079,WV 
25113,Ivydale,West Virginia ,CLAY,54,015,WV 
25114,Jeffrey,West Virginia ,BOONE,54,005,WV 
25124,Liberty,West Virginia ,PUTNAM,54,079,WV 
25121,Lake,West Virginia ,LOGAN,54,045,WV 
25119,Kincaid,West Virginia ,FAYETTE,54,019,WV 
25123,Leon,West Virginia ,MASON,54,053,WV 
25118,Kimberly,West Virginia ,FAYETTE,54,019,WV 
25115,Kanawha Falls,West Virginia ,FAYETTE,54,019,WV 
25126,London,West Virginia ,KANAWHA,54,039,WV 
25125,Lizemores,West Virginia ,CLAY,54,015,WV 
25130,Madison,West Virginia ,BOONE,54,005,WV 
25133,Maysel,West Virginia ,CLAY,54,015,WV 
25139,Mount Carbon,West Virginia ,FAYETTE,54,019,WV 
25132,Mammoth,West Virginia ,KANAWHA,54,039,WV 
25134,Miami,West Virginia ,KANAWHA,54,039,WV 
25136,Montgomery,West Virginia ,FAYETTE,54,019,WV 
25140,Naoma,West Virginia ,RALEIGH,54,081,WV 
25141,Nebo,West Virginia ,CLAY,54,015,WV 
25152,Page,West Virginia ,FAYETTE,54,019,WV 
25154,Peytona,West Virginia ,BOONE,54,005,WV 
25148,Orgas,West Virginia ,BOONE,54,005,WV 
25143,Nitro,West Virginia ,KANAWHA,54,039,WV 
25142,Nellis,West Virginia ,BOONE,54,005,WV 
25149,Ottawa,West Virginia ,BOONE,54,005,WV 
25156,Pinch,West Virginia ,KANAWHA,54,039,WV 
25159,Poca,West Virginia ,PUTNAM,54,079,WV 
25160,Pond Gap,West Virginia ,KANAWHA,54,039,WV 
25164,Procious,West Virginia ,CLAY,54,015,WV 
25162,Pratt,West Virginia ,KANAWHA,54,039,WV 
25165,Racine,West Virginia ,BOONE,54,005,WV 
25168,Red House,West Virginia ,PUTNAM,54,079,WV 
25161,Powellton,West Virginia ,FAYETTE,54,019,WV 
25169,Ridgeview,West Virginia ,BOONE,54,005,WV 
25174,Rock Creek,West Virginia ,RALEIGH,54,081,WV 
25177,Saint Albans,West Virginia ,KANAWHA,54,039,WV 
25180,Saxon,West Virginia ,RALEIGH,54,081,WV 
25173,Robson,West Virginia ,FAYETTE,54,019,WV 
25183,Sharples,West Virginia ,LOGAN,54,045,WV 
25185,Mount Olive,West Virginia ,FAYETTE,54,019,WV 
25181,Seth,West Virginia ,BOONE,54,005,WV 
25186,Smithers,West Virginia ,FAYETTE,54,019,WV 
25187,Southside,West Virginia ,MASON,54,053,WV 
25201,Tad,West Virginia ,KANAWHA,54,039,WV 
25193,Sylvester,West Virginia ,BOONE,54,005,WV 
25203,Turtle Creek,West Virginia ,BOONE,54,005,WV 
25202,Tornado,West Virginia ,KANAWHA,54,039,WV 
25205,Uneeda,West Virginia ,BOONE,54,005,WV 
25204,Twilight,West Virginia ,BOONE,54,005,WV 
25206,Van,West Virginia ,BOONE,54,005,WV 
25208,Wharton,West Virginia ,BOONE,54,005,WV 
25211,Widen,West Virginia ,CLAY,54,015,WV 
25209,Whitesville,West Virginia ,BOONE,54,005,WV 
25214,Winifrede,West Virginia ,KANAWHA,54,039,WV 
25213,Winfield,West Virginia ,PUTNAM,54,079,WV 
25234,Arnoldsburg,West Virginia ,CALHOUN,54,013,WV 
25231,Advent,West Virginia ,JACKSON,54,035,WV 
25235,Chloe,West Virginia ,CALHOUN,54,013,WV 
25239,Cottageville,West Virginia ,JACKSON,54,035,WV 
25244,Gay,West Virginia ,JACKSON,54,035,WV 
25245,Given,West Virginia ,JACKSON,54,035,WV 
25241,Evans,West Virginia ,JACKSON,54,035,WV 
25248,Kenna,West Virginia ,JACKSON,54,035,WV 
25247,Hartford,West Virginia ,MASON,54,053,WV 
25251,Left Hand,West Virginia ,ROANE,54,087,WV 
25243,Gandeeville,West Virginia ,ROANE,54,087,WV 
25252,Le Roy,West Virginia ,JACKSON,54,035,WV 
25253,Letart,West Virginia ,MASON,54,053,WV 
25262,Millwood,West Virginia ,JACKSON,54,035,WV 
25261,Millstone,West Virginia ,CALHOUN,54,013,WV 
25265,New Haven,West Virginia ,MASON,54,053,WV 
25259,Looneyville,West Virginia ,ROANE,54,087,WV 
25264,Mount Alto,West Virginia ,MASON,54,053,WV 
25260,Mason,West Virginia ,MASON,54,053,WV 
25266,Newton,West Virginia ,ROANE,54,087,WV 
25267,Normantown,West Virginia ,GILMER,54,021,WV 
25275,Sandyville,West Virginia ,JACKSON,54,035,WV 
25286,Walton,West Virginia ,ROANE,54,087,WV 
25271,Ripley,West Virginia ,JACKSON,54,035,WV 
25270,Reedy,West Virginia ,ROANE,54,087,WV 
25285,Wallback,West Virginia ,CLAY,54,015,WV 
25276,Spencer,West Virginia ,ROANE,54,087,WV 
25268,Orma,West Virginia ,CALHOUN,54,013,WV 
25287,West Columbia,West Virginia ,MASON,54,053,WV 
25305,Charleston,West Virginia ,KANAWHA,54,039,WV 
25309,South Charleston,West Virginia ,KANAWHA,54,039,WV 
25303,South Charleston,West Virginia ,KANAWHA,54,039,WV 
25302,Charleston,West Virginia ,KANAWHA,54,039,WV 
25301,Charleston,West Virginia ,KANAWHA,54,039,WV 
25306,Charleston,West Virginia ,KANAWHA,54,039,WV 
25304,Charleston,West Virginia ,KANAWHA,54,039,WV 
25311,Charleston,West Virginia ,KANAWHA,54,039,WV 
25312,Charleston,West Virginia ,KANAWHA,54,039,WV 
25313,Charleston,West Virginia ,KANAWHA,54,039,WV 
25314,Charleston,West Virginia ,KANAWHA,54,039,WV 
25317,Charleston,West Virginia ,KANAWHA,54,039,WV 
25315,Charleston,West Virginia ,KANAWHA,54,039,WV 
25322,Charleston,West Virginia ,KANAWHA,54,039,WV 
25320,Charleston,West Virginia ,KANAWHA,54,039,WV 
25321,Charleston,West Virginia ,KANAWHA,54,039,WV 
25323,Charleston,West Virginia ,KANAWHA,54,039,WV 
25324,Charleston,West Virginia ,KANAWHA,54,039,WV 
25325,Charleston,West Virginia ,KANAWHA,54,039,WV 
25329,Charleston,West Virginia ,KANAWHA,54,039,WV 
25326,Charleston,West Virginia ,KANAWHA,54,039,WV 
25327,Charleston,West Virginia ,KANAWHA,54,039,WV 
25328,Charleston,West Virginia ,KANAWHA,54,039,WV 
25330,Charleston,West Virginia ,KANAWHA,54,039,WV 
25331,Charleston,West Virginia ,KANAWHA,54,039,WV 
25332,Charleston,West Virginia ,KANAWHA,54,039,WV 
25336,Charleston,West Virginia ,KANAWHA,54,039,WV 
25333,Charleston,West Virginia ,KANAWHA,54,039,WV 
25334,Charleston,West Virginia ,KANAWHA,54,039,WV 
25335,Charleston,West Virginia ,KANAWHA,54,039,WV 
25338,Charleston,West Virginia ,KANAWHA,54,039,WV 
25339,Charleston,West Virginia ,KANAWHA,54,039,WV 
25337,Charleston,West Virginia ,KANAWHA,54,039,WV 
25350,Charleston,West Virginia ,KANAWHA,54,039,WV 
25357,Charleston,West Virginia ,KANAWHA,54,039,WV 
25356,Charleston,West Virginia ,KANAWHA,54,039,WV 
25362,Charleston,West Virginia ,KANAWHA,54,039,WV 
25361,Charleston,West Virginia ,KANAWHA,54,039,WV 
25358,Charleston,West Virginia ,KANAWHA,54,039,WV 
25360,Charleston,West Virginia ,KANAWHA,54,039,WV 
25364,Charleston,West Virginia ,KANAWHA,54,039,WV 
25365,Charleston,West Virginia ,KANAWHA,54,039,WV 
25387,Charleston,West Virginia ,KANAWHA,54,039,WV 
25375,Charleston,West Virginia ,KANAWHA,54,039,WV 
25389,Charleston,West Virginia ,KANAWHA,54,039,WV 
25396,Charleston,West Virginia ,KANAWHA,54,039,WV 
25392,Charleston,West Virginia ,KANAWHA,54,039,WV 
25401,Martinsburg,West Virginia ,BERKELEY,54,003,WV 
25402,Martinsburg,West Virginia ,BERKELEY,54,003,WV 
25403,Martinsburg,West Virginia ,BERKELEY,54,003,WV 
25404,Martinsburg,West Virginia ,BERKELEY,54,003,WV 
25414,Charles Town,West Virginia ,JEFFERSON,54,037,WV 
25419,Falling Waters,West Virginia ,BERKELEY,54,003,WV 
25411,Berkeley Springs,West Virginia ,MORGAN,54,065,WV 
25405,Martinsburg,West Virginia ,BERKELEY,54,003,WV 
25413,Bunker Hill,West Virginia ,BERKELEY,54,003,WV 
25410,Bakerton,West Virginia ,JEFFERSON,54,037,WV 
25420,Gerrardstown,West Virginia ,BERKELEY,54,003,WV 
25421,Glengary,West Virginia ,BERKELEY,54,003,WV 
25431,Levels,West Virginia ,HAMPSHIRE,54,027,WV 
25423,Halltown,West Virginia ,JEFFERSON,54,037,WV 
25428,Inwood,West Virginia ,BERKELEY,54,003,WV 
25427,Hedgesville,West Virginia ,BERKELEY,54,003,WV 
25422,Great Cacapon,West Virginia ,MORGAN,54,065,WV 
25430,Kearneysville,West Virginia ,JEFFERSON,54,037,WV 
25425,Harpers Ferry,West Virginia ,JEFFERSON,54,037,WV 
25432,Millville,West Virginia ,JEFFERSON,54,037,WV 
25434,Paw Paw,West Virginia ,MORGAN,54,065,WV 
25437,Points,West Virginia ,HAMPSHIRE,54,027,WV 
25441,Rippon,West Virginia ,JEFFERSON,54,037,WV 
25438,Ranson,West Virginia ,JEFFERSON,54,037,WV 
25440,Ridgeway,West Virginia ,BERKELEY,54,003,WV 
25443,Shepherdstown,West Virginia ,JEFFERSON,54,037,WV 
25442,Shenandoah Junction,West Virginia ,JEFFERSON,54,037,WV 
25444,Slanesville,West Virginia ,HAMPSHIRE,54,027,WV 
25446,Summit Point,West Virginia ,JEFFERSON,54,037,WV 
25503,Ashton,West Virginia ,MASON,54,053,WV 
25501,Alkol,West Virginia ,LINCOLN,54,043,WV 
25502,Apple Grove,West Virginia ,MASON,54,053,WV 
25504,Barboursville,West Virginia ,CABELL,54,011,WV 
25505,Big Creek,West Virginia ,LOGAN,54,045,WV 
25506,Branchland,West Virginia ,LINCOLN,54,043,WV 
25507,Ceredo,West Virginia ,WAYNE,54,099,WV 
25508,Chapmanville,West Virginia ,LOGAN,54,045,WV 
25514,Fort Gay,West Virginia ,WAYNE,54,099,WV 
25520,Glenwood,West Virginia ,MASON,54,053,WV 
25511,Dunlow,West Virginia ,WAYNE,54,099,WV 
25517,Genoa,West Virginia ,WAYNE,54,099,WV 
25510,Culloden,West Virginia ,CABELL,54,011,WV 
25515,Gallipolis Ferry,West Virginia ,MASON,54,053,WV 
25512,East Lynn,West Virginia ,WAYNE,54,099,WV 
25521,Griffithsville,West Virginia ,LINCOLN,54,043,WV 
25523,Hamlin,West Virginia ,LINCOLN,54,043,WV 
25526,Hurricane,West Virginia ,PUTNAM,54,079,WV 
25524,Harts,West Virginia ,LINCOLN,54,043,WV 
25529,Julian,West Virginia ,BOONE,54,005,WV 
25534,Kiahsville,West Virginia ,WAYNE,54,099,WV 
25530,Kenova,West Virginia ,WAYNE,54,099,WV 
25535,Lavalette,West Virginia ,WAYNE,54,099,WV 
25537,Lesage,West Virginia ,CABELL,54,011,WV 
25541,Milton,West Virginia ,CABELL,54,011,WV 
25547,Pecks Mill,West Virginia ,LOGAN,54,045,WV 
25555,Prichard,West Virginia ,WAYNE,54,099,WV 
25545,Ona,West Virginia ,CABELL,54,011,WV 
25550,Point Pleasant,West Virginia ,MASON,54,053,WV 
25544,Myra,West Virginia ,LINCOLN,54,043,WV 
25540,Midkiff,West Virginia ,LINCOLN,54,043,WV 
25557,Ranger,West Virginia ,LINCOLN,54,043,WV 
25562,Shoals,West Virginia ,WAYNE,54,099,WV 
25560,Scott Depot,West Virginia ,PUTNAM,54,079,WV 
25570,Wayne,West Virginia ,WAYNE,54,099,WV 
25567,Sumerco,West Virginia ,LINCOLN,54,043,WV 
25559,Salt Rock,West Virginia ,CABELL,54,011,WV 
25565,Spurlockville,West Virginia ,LINCOLN,54,043,WV 
25569,Teays,West Virginia ,PUTNAM,54,079,WV 
25564,Sod,West Virginia ,LINCOLN,54,043,WV 
25606,Accoville,West Virginia ,LOGAN,54,045,WV 
25601,Logan,West Virginia ,LOGAN,54,045,WV 
25607,Amherstdale,West Virginia ,LOGAN,54,045,WV 
25571,West Hamlin,West Virginia ,LINCOLN,54,043,WV 
25611,Bruno,West Virginia ,LOGAN,54,045,WV 
25572,Woodville,West Virginia ,BOONE,54,005,WV 
25608,Baisden,West Virginia ,MINGO,54,059,WV 
25573,Yawkey,West Virginia ,LINCOLN,54,043,WV 
25612,Chauncey,West Virginia ,LOGAN,54,045,WV 
25614,Cora,West Virginia ,LOGAN,54,045,WV 
25628,Kistler,West Virginia ,LOGAN,54,045,WV 
25630,Lorado,West Virginia ,LOGAN,54,045,WV 
25617,Davin,West Virginia ,LOGAN,54,045,WV 
25624,Henlawson,West Virginia ,LOGAN,54,045,WV 
25625,Holden,West Virginia ,LOGAN,54,045,WV 
25621,Gilbert,West Virginia ,MINGO,54,059,WV 
25632,Lyburn,West Virginia ,LOGAN,54,045,WV 
25634,Mallory,West Virginia ,LOGAN,54,045,WV 
25637,Mount Gay,West Virginia ,LOGAN,54,045,WV 
25635,Man,West Virginia ,LOGAN,54,045,WV 
25638,Omar,West Virginia ,LOGAN,54,045,WV 
25639,Peach Creek,West Virginia ,LOGAN,54,045,WV 
25646,Stollings,West Virginia ,LOGAN,54,045,WV 
25644,Sarah Ann,West Virginia ,LOGAN,54,045,WV 
25649,Verdunville,West Virginia ,LOGAN,54,045,WV 
25647,Switzer,West Virginia ,LOGAN,54,045,WV 
25651,Wharncliffe,West Virginia ,MINGO,54,059,WV 
25653,Wilkinson,West Virginia ,LOGAN,54,045,WV 
25650,Verner,West Virginia ,MINGO,54,059,WV 
25652,Whitman,West Virginia ,LOGAN,54,045,WV 
25661,Williamson,West Virginia ,MINGO,54,059,WV 
25654,Yolyn,West Virginia ,LOGAN,54,045,WV 
25666,Breeden,West Virginia ,MINGO,54,059,WV 
25667,Chattaroy,West Virginia ,MINGO,54,059,WV 
25665,Borderland,West Virginia ,MINGO,54,059,WV 
25670,Delbarton,West Virginia ,MINGO,54,059,WV 
25669,Crum,West Virginia ,WAYNE,54,099,WV 
25671,Dingess,West Virginia ,MINGO,54,059,WV 
25672,Edgarton,West Virginia ,MINGO,54,059,WV 
25674,Kermit,West Virginia ,MINGO,54,059,WV 
25676,Lenore,West Virginia ,MINGO,54,059,WV 
25678,Matewan,West Virginia ,MINGO,54,059,WV 
25685,Naugatuck,West Virginia ,MINGO,54,059,WV 
25691,Rawl,West Virginia ,MINGO,54,059,WV 
25688,North Matewan,West Virginia ,MINGO,54,059,WV 
25690,Ragland,West Virginia ,MINGO,54,059,WV 
25686,Newtown,West Virginia ,MINGO,54,059,WV 
25692,Red Jacket,West Virginia ,MINGO,54,059,WV 
25696,Varney,West Virginia ,MINGO,54,059,WV 
25699,Wilsondale,West Virginia ,WAYNE,54,099,WV 
25701,Huntington,West Virginia ,CABELL,54,011,WV 
25702,Huntington,West Virginia ,CABELL,54,011,WV 
25703,Huntington,West Virginia ,CABELL,54,011,WV 
25704,Huntington,West Virginia ,WAYNE,54,099,WV 
25705,Huntington,West Virginia ,CABELL,54,011,WV 
25706,Huntington,West Virginia ,CABELL,54,011,WV 
25708,Huntington,West Virginia ,CABELL,54,011,WV 
25707,Huntington,West Virginia ,CABELL,54,011,WV 
25709,Huntington,West Virginia ,CABELL,54,011,WV 
25710,Huntington,West Virginia ,CABELL,54,011,WV 
25712,Huntington,West Virginia ,CABELL,54,011,WV 
25716,Huntington,West Virginia ,CABELL,54,011,WV 
25711,Huntington,West Virginia ,CABELL,54,011,WV 
25717,Huntington,West Virginia ,CABELL,54,011,WV 
25713,Huntington,West Virginia ,CABELL,54,011,WV 
25714,Huntington,West Virginia ,CABELL,54,011,WV 
25715,Huntington,West Virginia ,CABELL,54,011,WV 
25718,Huntington,West Virginia ,CABELL,54,011,WV 
25720,Huntington,West Virginia ,CABELL,54,011,WV 
25719,Huntington,West Virginia ,CABELL,54,011,WV 
25721,Huntington,West Virginia ,CABELL,54,011,WV 
25722,Huntington,West Virginia ,CABELL,54,011,WV 
25725,Huntington,West Virginia ,CABELL,54,011,WV 
25724,Huntington,West Virginia ,CABELL,54,011,WV 
25723,Huntington,West Virginia ,CABELL,54,011,WV 
25726,Huntington,West Virginia ,CABELL,54,011,WV 
25728,Huntington,West Virginia ,CABELL,54,011,WV 
25729,Huntington,West Virginia ,CABELL,54,011,WV 
25727,Huntington,West Virginia ,CABELL,54,011,WV 
25772,Huntington,West Virginia ,CABELL,54,011,WV 
25771,Huntington,West Virginia ,CABELL,54,011,WV 
25773,Huntington,West Virginia ,CABELL,54,011,WV 
25770,Huntington,West Virginia ,CABELL,54,011,WV 
25755,Huntington,West Virginia ,CABELL,54,011,WV 
25774,Huntington,West Virginia ,CABELL,54,011,WV 
25779,Huntington,West Virginia ,CABELL,54,011,WV 
25775,Huntington,West Virginia ,CABELL,54,011,WV 
25776,Huntington,West Virginia ,CABELL,54,011,WV 
25777,Huntington,West Virginia ,CABELL,54,011,WV 
25801,Beckley,West Virginia ,RALEIGH,54,081,WV 
25778,Huntington,West Virginia ,CABELL,54,011,WV 
25802,Beckley,West Virginia ,RALEIGH,54,081,WV 
25810,Allen Junction,West Virginia ,WYOMING,54,109,WV 
25817,Bolt,West Virginia ,RALEIGH,54,081,WV 
25818,Bradley,West Virginia ,RALEIGH,54,081,WV 
25813,Beaver,West Virginia ,RALEIGH,54,081,WV 
25820,Camp Creek,West Virginia ,MERCER,54,055,WV 
25811,Amigo,West Virginia ,WYOMING,54,109,WV 
25812,Ansted,West Virginia ,FAYETTE,54,019,WV 
25823,Coal City,West Virginia ,RALEIGH,54,081,WV 
25825,Cool Ridge,West Virginia ,RALEIGH,54,081,WV 
25827,Crab Orchard,West Virginia ,RALEIGH,54,081,WV 
25832,Daniels,West Virginia ,RALEIGH,54,081,WV 
25833,Dothan,West Virginia ,FAYETTE,54,019,WV 
25826,Corinne,West Virginia ,WYOMING,54,109,WV 
25837,Edmond,West Virginia ,FAYETTE,54,019,WV 
25831,Danese,West Virginia ,FAYETTE,54,019,WV 
25836,Eccles,West Virginia ,RALEIGH,54,081,WV 
25839,Fairdale,West Virginia ,RALEIGH,54,081,WV 
25841,Flat Top,West Virginia ,MERCER,54,055,WV 
25840,Fayetteville,West Virginia ,FAYETTE,54,019,WV 
25844,Glen Daniel,West Virginia ,RALEIGH,54,081,WV 
25849,Glen White,West Virginia ,RALEIGH,54,081,WV 
25843,Ghent,West Virginia ,RALEIGH,54,081,WV 
25846,Glen Jean,West Virginia ,FAYETTE,54,019,WV 
25845,Glen Fork,West Virginia ,WYOMING,54,109,WV 
25848,Glen Rogers,West Virginia ,WYOMING,54,109,WV 
25853,Helen,West Virginia ,RALEIGH,54,081,WV 
25857,Josephine,West Virginia ,RALEIGH,54,081,WV 
25860,Lanark,West Virginia ,RALEIGH,54,081,WV 
25855,Hilltop,West Virginia ,FAYETTE,54,019,WV 
25854,Hico,West Virginia ,FAYETTE,54,019,WV 
25864,Layland,West Virginia ,FAYETTE,54,019,WV 
25862,Lansing,West Virginia ,FAYETTE,54,019,WV 
25851,Harper,West Virginia ,RALEIGH,54,081,WV 
25865,Lester,West Virginia ,RALEIGH,54,081,WV 
25866,Lochgelly,West Virginia ,FAYETTE,54,019,WV 
25868,Lookout,West Virginia ,FAYETTE,54,019,WV 
25875,Mc Graws,West Virginia ,WYOMING,54,109,WV 
25876,Saulsville,West Virginia ,WYOMING,54,109,WV 
25870,Maben,West Virginia ,WYOMING,54,109,WV 
25871,Mabscott,West Virginia ,RALEIGH,54,081,WV 
25873,Mac Arthur,West Virginia ,RALEIGH,54,081,WV 
25878,Midway,West Virginia ,RALEIGH,54,081,WV 
25901,Oak Hill,West Virginia ,FAYETTE,54,019,WV 
25879,Minden,West Virginia ,FAYETTE,54,019,WV 
25882,Mullens,West Virginia ,WYOMING,54,109,WV 
25888,Mount Hope,West Virginia ,FAYETTE,54,019,WV 
25880,Mount Hope,West Virginia ,FAYETTE,54,019,WV 
25904,Pax,West Virginia ,FAYETTE,54,019,WV 
25902,Odd,West Virginia ,RALEIGH,54,081,WV 
25906,Piney View,West Virginia ,RALEIGH,54,081,WV 
25909,Prosperity,West Virginia ,RALEIGH,54,081,WV 
25907,Prince,West Virginia ,FAYETTE,54,019,WV 
25911,Raleigh,West Virginia ,RALEIGH,54,081,WV 
25915,Rhodell,West Virginia ,RALEIGH,54,081,WV 
25916,Sabine,West Virginia ,WYOMING,54,109,WV 
25913,Ravencliff,West Virginia ,WYOMING,54,109,WV 
25908,Princewick,West Virginia ,RALEIGH,54,081,WV 
25917,Scarbro,West Virginia ,FAYETTE,54,019,WV 
25919,Skelton,West Virginia ,RALEIGH,54,081,WV 
25922,Spanishburg,West Virginia ,MERCER,54,055,WV 
25928,Stephenson,West Virginia ,WYOMING,54,109,WV 
25920,Slab Fork,West Virginia ,RALEIGH,54,081,WV 
25918,Shady Spring,West Virginia ,RALEIGH,54,081,WV 
25921,Sophia,West Virginia ,RALEIGH,54,081,WV 
25927,Stanaford,West Virginia ,RALEIGH,54,081,WV 
25932,Surveyor,West Virginia ,RALEIGH,54,081,WV 
25936,Thurmond,West Virginia ,FAYETTE,54,019,WV 
25951,Hinton,West Virginia ,SUMMERS,54,089,WV 
25943,Wyco,West Virginia ,WYOMING,54,109,WV 
25958,Charmco,West Virginia ,GREENBRIER,54,025,WV 
25938,Victor,West Virginia ,FAYETTE,54,019,WV 
25942,Winona,West Virginia ,FAYETTE,54,019,WV 
25962,Rainelle,West Virginia ,GREENBRIER,54,025,WV 
25966,Green Sulphur Springs,West Virginia ,SUMMERS,54,089,WV 
25969,Jumping Branch,West Virginia ,SUMMERS,54,089,WV 
25971,Lerona,West Virginia ,MERCER,54,055,WV 
25981,Quinwood,West Virginia ,GREENBRIER,54,025,WV 
25976,Meadow Bridge,West Virginia ,FAYETTE,54,019,WV 
25984,Rupert,West Virginia ,GREENBRIER,54,025,WV 
25972,Leslie,West Virginia ,GREENBRIER,54,025,WV 
25977,Meadow Creek,West Virginia ,SUMMERS,54,089,WV 
25978,Nimitz,West Virginia ,SUMMERS,54,089,WV 
25979,Pipestem,West Virginia ,SUMMERS,54,089,WV 
25985,Sandstone,West Virginia ,SUMMERS,54,089,WV 
25989,White Oak,West Virginia ,RALEIGH,54,081,WV 
26003,Wheeling,West Virginia ,OHIO,54,069,WV 
26031,Benwood,West Virginia ,MARSHALL,54,051,WV 
26030,Beech Bottom,West Virginia ,BROOKE,54,009,WV 
26033,Cameron,West Virginia ,MARSHALL,54,051,WV 
26032,Bethany,West Virginia ,BROOKE,54,009,WV 
25986,Spring Dale,West Virginia ,FAYETTE,54,019,WV 
26035,Colliers,West Virginia ,BROOKE,54,009,WV 
26039,Glen Easton,West Virginia ,MARSHALL,54,051,WV 
26034,Chester,West Virginia ,HANCOCK,54,029,WV 
26038,Glen Dale,West Virginia ,MARSHALL,54,051,WV 
26036,Dallas,West Virginia ,MARSHALL,54,051,WV 
26041,Moundsville,West Virginia ,MARSHALL,54,051,WV 
26040,Mcmechen,West Virginia ,MARSHALL,54,051,WV 
26037,Follansbee,West Virginia ,BROOKE,54,009,WV 
26047,New Cumberland,West Virginia ,HANCOCK,54,029,WV 
26060,Valley Grove,West Virginia ,OHIO,54,069,WV 
26055,Proctor,West Virginia ,MARSHALL,54,051,WV 
26050,Newell,West Virginia ,HANCOCK,54,029,WV 
26058,Short Creek,West Virginia ,BROOKE,54,009,WV 
26059,Triadelphia,West Virginia ,OHIO,54,069,WV 
26062,Weirton,West Virginia ,HANCOCK,54,029,WV 
26056,New Manchester,West Virginia ,HANCOCK,54,029,WV 
26074,West Liberty,West Virginia ,OHIO,54,069,WV 
26070,Wellsburg,West Virginia ,BROOKE,54,009,WV 
26075,Windsor Heights,West Virginia ,BROOKE,54,009,WV 
26103,Parkersburg,West Virginia ,WOOD,54,107,WV 
26104,Parkersburg,West Virginia ,WOOD,54,107,WV 
26102,Parkersburg,West Virginia ,WOOD,54,107,WV 
26105,Vienna,West Virginia ,WOOD,54,107,WV 
26101,Parkersburg,West Virginia ,WOOD,54,107,WV 
26106,Parkersburg,West Virginia ,WOOD,54,107,WV 
26133,Belleville,West Virginia ,WOOD,54,107,WV 
26121,Mineral Wells,West Virginia ,WOOD,54,107,WV 
26120,Mineral Wells,West Virginia ,WOOD,54,107,WV 
26134,Belmont,West Virginia ,PLEASANTS,54,073,WV 
26136,Big Bend,West Virginia ,CALHOUN,54,013,WV 
26138,Brohard,West Virginia ,WIRT,54,105,WV 
26137,Big Springs,West Virginia ,CALHOUN,54,013,WV 
26142,Davisville,West Virginia ,WOOD,54,107,WV 
26141,Creston,West Virginia ,WIRT,54,105,WV 
26143,Elizabeth,West Virginia ,WIRT,54,105,WV 
26149,Middlebourne,West Virginia ,TYLER,54,095,WV 
26147,Grantsville,West Virginia ,CALHOUN,54,013,WV 
26148,Macfarlan,West Virginia ,RITCHIE,54,085,WV 
26146,Friendly,West Virginia ,TYLER,54,095,WV 
26150,Mineral Wells,West Virginia ,WOOD,54,107,WV 
26151,Mount Zion,West Virginia ,CALHOUN,54,013,WV 
26152,Munday,West Virginia ,CALHOUN,54,013,WV 
26159,Paden City,West Virginia ,WETZEL,54,103,WV 
26161,Petroleum,West Virginia ,RITCHIE,54,085,WV 
26155,New Martinsville,West Virginia ,WETZEL,54,103,WV 
26160,Palestine,West Virginia ,WIRT,54,105,WV 
26164,Ravenswood,West Virginia ,JACKSON,54,035,WV 
26162,Porters Falls,West Virginia ,WETZEL,54,103,WV 
26167,Reader,West Virginia ,WETZEL,54,103,WV 
26169,Rockport,West Virginia ,WOOD,54,107,WV 
26178,Smithville,West Virginia ,RITCHIE,54,085,WV 
26184,Waverly,West Virginia ,WOOD,54,107,WV 
26175,Sistersville,West Virginia ,TYLER,54,095,WV 
26181,Washington,West Virginia ,WOOD,54,107,WV 
26170,Saint Marys,West Virginia ,PLEASANTS,54,073,WV 
26180,Walker,West Virginia ,WOOD,54,107,WV 
26187,Williamstown,West Virginia ,WOOD,54,107,WV 
26201,Buckhannon,West Virginia ,UPSHUR,54,097,WV 
26202,Fenwick,West Virginia ,NICHOLAS,54,067,WV 
26208,Camden On Gauley,West Virginia ,WEBSTER,54,101,WV 
26203,Erbacon,West Virginia ,WEBSTER,54,101,WV 
26209,Snowshoe,West Virginia ,POCAHONTAS,54,075,WV 
26210,Adrian,West Virginia ,UPSHUR,54,097,WV 
26206,Cowen,West Virginia ,WEBSTER,54,101,WV 
26215,Cleveland,West Virginia ,UPSHUR,54,097,WV 
26205,Craigsville,West Virginia ,NICHOLAS,54,067,WV 
26217,Diana,West Virginia ,WEBSTER,54,101,WV 
26218,French Creek,West Virginia ,UPSHUR,54,097,WV 
26219,Frenchton,West Virginia ,UPSHUR,54,097,WV 
26224,Helvetia,West Virginia ,RANDOLPH,54,083,WV 
26222,Hacker Valley,West Virginia ,WEBSTER,54,101,WV 
26230,Pickens,West Virginia ,RANDOLPH,54,083,WV 
26234,Rock Cave,West Virginia ,UPSHUR,54,097,WV 
26228,Kanawha Head,West Virginia ,UPSHUR,54,097,WV 
26229,Lorentz,West Virginia ,UPSHUR,54,097,WV 
26237,Tallmansville,West Virginia ,UPSHUR,54,097,WV 
26236,Selbyville,West Virginia ,UPSHUR,54,097,WV 
26257,Coalton,West Virginia ,RANDOLPH,54,083,WV 
26253,Beverly,West Virginia ,RANDOLPH,54,083,WV 
26238,Volga,West Virginia ,BARBOUR,54,001,WV 
26254,Bowden,West Virginia ,RANDOLPH,54,083,WV 
26250,Belington,West Virginia ,BARBOUR,54,001,WV 
26241,Elkins,West Virginia ,RANDOLPH,54,083,WV 
26260,Davis,West Virginia ,TUCKER,54,093,WV 
26266,Upperglade,West Virginia ,WEBSTER,54,101,WV 
26261,Richwood,West Virginia ,NICHOLAS,54,067,WV 
26259,Dailey,West Virginia ,RANDOLPH,54,083,WV 
26263,Dryfork,West Virginia ,RANDOLPH,54,083,WV 
26267,Ellamore,West Virginia ,RANDOLPH,54,083,WV 
26264,Durbin,West Virginia ,POCAHONTAS,54,075,WV 
26268,Glady,West Virginia ,RANDOLPH,54,083,WV 
26269,Hambleton,West Virginia ,TUCKER,54,093,WV 
26270,Harman,West Virginia ,RANDOLPH,54,083,WV 
26276,Kerens,West Virginia ,RANDOLPH,54,083,WV 
26273,Huttonsville,West Virginia ,RANDOLPH,54,083,WV 
26280,Mill Creek,West Virginia ,RANDOLPH,54,083,WV 
26278,Mabie,West Virginia ,RANDOLPH,54,083,WV 
26275,Junior,West Virginia ,BARBOUR,54,001,WV 
26271,Hendricks,West Virginia ,TUCKER,54,093,WV 
26282,Monterville,West Virginia ,RANDOLPH,54,083,WV 
26283,Montrose,West Virginia ,RANDOLPH,54,083,WV 
26288,Webster Springs,West Virginia ,WEBSTER,54,101,WV 
26289,Red Creek,West Virginia ,TUCKER,54,093,WV 
26285,Norton,West Virginia ,RANDOLPH,54,083,WV 
26287,Parsons,West Virginia ,TUCKER,54,093,WV 
26292,Thomas,West Virginia ,TUCKER,54,093,WV 
26291,Slatyfork,West Virginia ,POCAHONTAS,54,075,WV 
26293,Valley Bend,West Virginia ,RANDOLPH,54,083,WV 
26294,Valley Head,West Virginia ,RANDOLPH,54,083,WV 
26298,Bergoo,West Virginia ,WEBSTER,54,101,WV 
26296,Whitmer,West Virginia ,RANDOLPH,54,083,WV 
26306,Clarksburg,West Virginia ,HARRISON,54,033,WV 
26320,Alma,West Virginia ,TYLER,54,095,WV 
26321,Alum Bridge,West Virginia ,LEWIS,54,041,WV 
26301,Clarksburg,West Virginia ,HARRISON,54,033,WV 
26302,Clarksburg,West Virginia ,HARRISON,54,033,WV 
26323,Anmoore,West Virginia ,HARRISON,54,033,WV 
26325,Auburn,West Virginia ,RITCHIE,54,085,WV 
26327,Berea,West Virginia ,RITCHIE,54,085,WV 
26335,Burnsville,West Virginia ,BRAXTON,54,007,WV 
26330,Bridgeport,West Virginia ,HARRISON,54,033,WV 
26339,Center Point,West Virginia ,DODDRIDGE,54,017,WV 
26337,Cairo,West Virginia ,RITCHIE,54,085,WV 
26338,Camden,West Virginia ,LEWIS,54,041,WV 
26342,Coxs Mills,West Virginia ,GILMER,54,021,WV 
26343,Crawford,West Virginia ,LEWIS,54,041,WV 
26346,Ellenboro,West Virginia ,RITCHIE,54,085,WV 
26347,Flemington,West Virginia ,TAYLOR,54,091,WV 
26349,Galloway,West Virginia ,BARBOUR,54,001,WV 
26354,Grafton,West Virginia ,TAYLOR,54,091,WV 
26361,Gypsy,West Virginia ,HARRISON,54,033,WV 
26351,Glenville,West Virginia ,GILMER,54,021,WV 
26362,Harrisville,West Virginia ,RITCHIE,54,085,WV 
26348,Folsom,West Virginia ,WETZEL,54,103,WV 
26366,Haywood,West Virginia ,HARRISON,54,033,WV 
26369,Hepzibah,West Virginia ,HARRISON,54,033,WV 
26372,Horner,West Virginia ,LEWIS,54,041,WV 
26374,Independence,West Virginia ,PRESTON,54,077,WV 
26376,Ireland,West Virginia ,LEWIS,54,041,WV 
26384,Linn,West Virginia ,GILMER,54,021,WV 
26378,Jane Lew,West Virginia ,LEWIS,54,041,WV 
26377,Jacksonburg,West Virginia ,WETZEL,54,103,WV 
26404,Meadowbrook,West Virginia ,HARRISON,54,033,WV 
26385,Lost Creek,West Virginia ,HARRISON,54,033,WV 
26386,Lumberport,West Virginia ,HARRISON,54,033,WV 
26405,Moatsville,West Virginia ,BARBOUR,54,001,WV 
26412,Orlando,West Virginia ,LEWIS,54,041,WV 
26411,New Milton,West Virginia ,DODDRIDGE,54,017,WV 
26408,Mount Clare,West Virginia ,HARRISON,54,033,WV 
26410,Newburg,West Virginia ,PRESTON,54,077,WV 
26415,Pennsboro,West Virginia ,RITCHIE,54,085,WV 
26419,Pine Grove,West Virginia ,WETZEL,54,103,WV 
26416,Philippi,West Virginia ,BARBOUR,54,001,WV 
26425,Rowlesburg,West Virginia ,PRESTON,54,077,WV 
26421,Pullman,West Virginia ,RITCHIE,54,085,WV 
26422,Reynoldsville,West Virginia ,HARRISON,54,033,WV 
26424,Rosemont,West Virginia ,TAYLOR,54,091,WV 
26430,Sand Fork,West Virginia ,GILMER,54,021,WV 
26426,Salem,West Virginia ,HARRISON,54,033,WV 
26431,Shinnston,West Virginia ,HARRISON,54,033,WV 
26434,Shirley,West Virginia ,TYLER,54,095,WV 
26435,Simpson,West Virginia ,TAYLOR,54,091,WV 
26436,Smithburg,West Virginia ,DODDRIDGE,54,017,WV 
26437,Smithfield,West Virginia ,WETZEL,54,103,WV 
26438,Spelter,West Virginia ,HARRISON,54,033,WV 
26443,Troy,West Virginia ,GILMER,54,021,WV 
26440,Thornton,West Virginia ,TAYLOR,54,091,WV 
26447,Walkersville,West Virginia ,LEWIS,54,041,WV 
26444,Tunnelton,West Virginia ,PRESTON,54,077,WV 
26451,West Milford,West Virginia ,HARRISON,54,033,WV 
26448,Wallace,West Virginia ,HARRISON,54,033,WV 
26463,Wyatt,West Virginia ,HARRISON,54,033,WV 
26452,Weston,West Virginia ,LEWIS,54,041,WV 
26504,Morgantown,West Virginia ,MONONGALIA,54,061,WV 
26502,Morgantown,West Virginia ,MONONGALIA,54,061,WV 
26456,West Union,West Virginia ,DODDRIDGE,54,017,WV 
26501,Morgantown,West Virginia ,MONONGALIA,54,061,WV 
26505,Morgantown,West Virginia ,MONONGALIA,54,061,WV 
26507,Morgantown,West Virginia ,MONONGALIA,54,061,WV 
26508,Morgantown,West Virginia ,MONONGALIA,54,061,WV 
26506,Morgantown,West Virginia ,MONONGALIA,54,061,WV 
26519,Albright,West Virginia ,PRESTON,54,077,WV 
26520,Arthurdale,West Virginia ,PRESTON,54,077,WV 
26521,Blacksville,West Virginia ,MONONGALIA,54,061,WV 
26524,Bretz,West Virginia ,PRESTON,54,077,WV 
26525,Bruceton Mills,West Virginia ,PRESTON,54,077,WV 
26527,Cassville,West Virginia ,MONONGALIA,54,061,WV 
26531,Dellslow,West Virginia ,MONONGALIA,54,061,WV 
26541,Maidsville,West Virginia ,MONONGALIA,54,061,WV 
26542,Masontown,West Virginia ,PRESTON,54,077,WV 
26543,Osage,West Virginia ,MONONGALIA,54,061,WV 
26537,Kingwood,West Virginia ,PRESTON,54,077,WV 
26534,Granville,West Virginia ,MONONGALIA,54,061,WV 
26544,Pentress,West Virginia ,MONONGALIA,54,061,WV 
26546,Pursglove,West Virginia ,MONONGALIA,54,061,WV 
26547,Reedsville,West Virginia ,PRESTON,54,077,WV 
26555,Fairmont,West Virginia ,MARION,54,049,WV 
26559,Barrackville,West Virginia ,MARION,54,049,WV 
26554,Fairmont,West Virginia ,MARION,54,049,WV 
26561,Big Run,West Virginia ,WETZEL,54,103,WV 
26560,Baxter,West Virginia ,MARION,54,049,WV 
26562,Burton,West Virginia ,WETZEL,54,103,WV 
26563,Carolina,West Virginia ,MARION,54,049,WV 
26566,Colfax,West Virginia ,MARION,54,049,WV 
26574,Grant Town,West Virginia ,MARION,54,049,WV 
26568,Enterprise,West Virginia ,HARRISON,54,033,WV 
26572,Four States,West Virginia ,MARION,54,049,WV 
26571,Farmington,West Virginia ,MARION,54,049,WV 
26570,Fairview,West Virginia ,MARION,54,049,WV 
26575,Hundred,West Virginia ,WETZEL,54,103,WV 
26576,Idamay,West Virginia ,MARION,54,049,WV 
26578,Kingmont,West Virginia ,MARION,54,049,WV 
26585,Metz,West Virginia ,MARION,54,049,WV 
26582,Mannington,West Virginia ,MARION,54,049,WV 
26590,Wana,West Virginia ,MONONGALIA,54,061,WV 
26581,Littleton,West Virginia ,WETZEL,54,103,WV 
26586,Montana Mines,West Virginia ,MARION,54,049,WV 
26588,Rivesville,West Virginia ,MARION,54,049,WV 
26587,Rachel,West Virginia ,MARION,54,049,WV 
26591,Worthington,West Virginia ,MARION,54,049,WV 
26601,Sutton,West Virginia ,BRAXTON,54,007,WV 
26615,Copen,West Virginia ,BRAXTON,54,007,WV 
26610,Birch River,West Virginia ,NICHOLAS,54,067,WV 
26619,Exchange,West Virginia ,BRAXTON,54,007,WV 
26617,Dille,West Virginia ,CLAY,54,015,WV 
26611,Cedarville,West Virginia ,GILMER,54,021,WV 
26621,Flatwoods,West Virginia ,BRAXTON,54,007,WV 
26623,Frametown,West Virginia ,BRAXTON,54,007,WV 
26624,Gassaway,West Virginia ,BRAXTON,54,007,WV 
26629,Little Birch,West Virginia ,BRAXTON,54,007,WV 
26627,Heaters,West Virginia ,BRAXTON,54,007,WV 
26656,Belva,West Virginia ,NICHOLAS,54,067,WV 
26631,Napier,West Virginia ,BRAXTON,54,007,WV 
26636,Rosedale,West Virginia ,GILMER,54,021,WV 
26638,Shock,West Virginia ,GILMER,54,021,WV 
26651,Summersville,West Virginia ,NICHOLAS,54,067,WV 
26660,Calvin,West Virginia ,NICHOLAS,54,067,WV 
26671,Gilboa,West Virginia ,NICHOLAS,54,067,WV 
26662,Canvas,West Virginia ,NICHOLAS,54,067,WV 
26667,Drennen,West Virginia ,NICHOLAS,54,067,WV 
26675,Keslers Cross Lanes,West Virginia ,NICHOLAS,54,067,WV 
26678,Mount Lookout,West Virginia ,NICHOLAS,54,067,WV 
26676,Leivasy,West Virginia ,NICHOLAS,54,067,WV 
26679,Mount Nebo,West Virginia ,NICHOLAS,54,067,WV 
26680,Nallen,West Virginia ,FAYETTE,54,019,WV 
26681,Nettie,West Virginia ,NICHOLAS,54,067,WV 
26684,Pool,West Virginia ,NICHOLAS,54,067,WV 
26690,Swiss,West Virginia ,NICHOLAS,54,067,WV 
26704,Augusta,West Virginia ,HAMPSHIRE,54,027,WV 
26707,Bayard,West Virginia ,GRANT,54,023,WV 
26691,Tioga,West Virginia ,NICHOLAS,54,067,WV 
26705,Aurora,West Virginia ,PRESTON,54,077,WV 
26710,Burlington,West Virginia ,MINERAL,54,057,WV 
26711,Capon Bridge,West Virginia ,HAMPSHIRE,54,027,WV 
26714,Delray,West Virginia ,HAMPSHIRE,54,027,WV 
26716,Eglon,West Virginia ,PRESTON,54,077,WV 
26719,Fort Ashby,West Virginia ,MINERAL,54,057,WV 
26722,Green Spring,West Virginia ,HAMPSHIRE,54,027,WV 
26717,Elk Garden,West Virginia ,MINERAL,54,057,WV 
26720,Gormania,West Virginia ,GRANT,54,023,WV 
26726,Keyser,West Virginia ,MINERAL,54,057,WV 
26731,Lahmansville,West Virginia ,GRANT,54,023,WV 
26739,Mount Storm,West Virginia ,GRANT,54,023,WV 
26743,New Creek,West Virginia ,MINERAL,54,057,WV 
26750,Piedmont,West Virginia ,MINERAL,54,057,WV 
26753,Ridgeley,West Virginia ,MINERAL,54,057,WV 
26755,Rio,West Virginia ,HAMPSHIRE,54,027,WV 
26757,Romney,West Virginia ,HAMPSHIRE,54,027,WV 
26764,Terra Alta,West Virginia ,PRESTON,54,077,WV 
26761,Shanks,West Virginia ,HAMPSHIRE,54,027,WV 
26763,Springfield,West Virginia ,HAMPSHIRE,54,027,WV 
26767,Wiley Ford,West Virginia ,MINERAL,54,057,WV 
26801,Baker,West Virginia ,HARDY,54,031,WV 
26804,Circleville,West Virginia ,PENDLETON,54,071,WV 
26802,Brandywine,West Virginia ,PENDLETON,54,071,WV 
26807,Franklin,West Virginia ,PENDLETON,54,071,WV 
26808,High View,West Virginia ,HAMPSHIRE,54,027,WV 
26810,Lost City,West Virginia ,HARDY,54,031,WV 
26812,Mathias,West Virginia ,HARDY,54,031,WV 
26814,Riverton,West Virginia ,PENDLETON,54,071,WV 
26817,Bloomery,West Virginia ,HAMPSHIRE,54,027,WV 
26818,Fisher,West Virginia ,HARDY,54,031,WV 
26823,Capon Springs,West Virginia ,HAMPSHIRE,54,027,WV 
26836,Moorefield,West Virginia ,HARDY,54,031,WV 
26815,Sugar Grove,West Virginia ,PENDLETON,54,071,WV 
26833,Maysville,West Virginia ,GRANT,54,023,WV 
26845,Old Fields,West Virginia ,HARDY,54,031,WV 
26838,Milam,West Virginia ,HARDY,54,031,WV 
26847,Petersburg,West Virginia ,GRANT,54,023,WV 
26851,Wardensville,West Virginia ,HARDY,54,031,WV 
26886,Onego,West Virginia ,PENDLETON,54,071,WV 
26855,Cabins,West Virginia ,GRANT,54,023,WV 
26866,Upper Tract,West Virginia ,PENDLETON,54,071,WV 
26865,Yellow Spring,West Virginia ,HAMPSHIRE,54,027,WV 
26852,Purgitsville,West Virginia ,HAMPSHIRE,54,027,WV 
26884,Seneca Rocks,West Virginia ,PENDLETON,54,071,WV 
